Edad / Año,1950,1951,1952,1953,1954,1955,1956,1957,1958,1959,1960,1961,1962,1963,1964,1965,1966,1967,1968,1969,1970,1971,1972,1973,1974,1975,1976,1977,1978,1979,1980,1981,1982,1983,1984,1985,1986,1987,1988,1989,1990,1991,1992,1993,1994,1995,1996,1997,1998,1999,2000,2001,2002,2003,2004,2005,2006,2007,2008,2009,2010,2011,2012,2013,2014,2015,2016,2017,2018,2019,2020,2021,2022,2023,2024,2025,2026,2027,2028,2029,2030,2031,2032,2033,2034,2035,2036,2037,2038,2039,2040,2041,2042,2043,2044,2045,2046,2047,2048,2049,2050,2051,2052,2053,2054,2055,2056,2057,2058,2059,2060,2061,2062,2063,2064,2065,2066,2067,2068,2069,2070
 Nacimientos_hombres ," 655,320 "," 669,420 "," 688,851 "," 711,987 "," 737,076 "," 761,495 "," 783,273 "," 806,116 "," 834,094 "," 863,595 "," 893,421 "," 921,020 "," 948,300 "," 975,791 "," 1,002,463 "," 1,025,475 "," 1,048,282 "," 1,073,209 "," 1,099,973 "," 1,125,333 "," 1,149,048 "," 1,170,613 "," 1,193,122 "," 1,211,558 "," 1,222,435 "," 1,225,060 "," 1,219,324 "," 1,211,634 "," 1,206,857 "," 1,206,538 "," 1,210,060 "," 1,216,535 "," 1,226,313 "," 1,236,477 "," 1,246,950 "," 1,254,745 "," 1,259,749 "," 1,265,379 "," 1,272,814 "," 1,284,123 "," 1,296,089 "," 1,305,005 "," 1,306,773 "," 1,301,744 "," 1,291,980 "," 1,279,087 "," 1,265,589 "," 1,257,192 "," 1,257,097 "," 1,261,391 "," 1,257,736 "," 1,245,404 "," 1,228,494 "," 1,214,498 "," 1,206,004 "," 1,202,400 "," 1,204,015 "," 1,209,537 "," 1,214,518 "," 1,214,589 "," 1,207,219 "," 1,194,306 "," 1,178,674 "," 1,167,848 "," 1,158,274 "," 1,143,806 "," 1,120,162 "," 1,103,164 "," 1,101,353 "," 1,098,901 "," 1,100,002 "," 1,082,514 "," 1,067,766 "," 1,057,774 "," 1,048,483 "," 1,036,672 "," 1,023,069 "," 1,009,969 "," 998,210 "," 986,963 "," 975,247 "," 962,937 "," 950,593 "," 938,679 "," 926,958 "," 915,281 "," 903,593 "," 891,889 "," 880,525 "," 869,354 "," 858,542 "," 848,162 "," 837,802 "," 827,414 "," 817,161 "," 807,069 "," 797,158 "," 787,441 "," 777,664 "," 767,912 "," 758,189 "," 748,560 "," 739,172 "," 729,801 "," 720,441 "," 711,093 "," 701,833 "," 692,785 "," 683,833 "," 674,945 "," 666,127 "," 657,435 "," 648,932 "," 640,576 "," 632,331 "," 624,196 "," 616,183 "," 608,306 "," 600,556 "," 592,914 "," 588,925 "
0,"580,871 ","590,635 ","607,681 ","628,132 ","653,135 ","681,057 ","704,873 ","727,988 ","753,757 ","782,328 ","811,492 ","839,600 ","866,509 ","893,470 ","920,256 ","944,944 ","967,696 ","991,225 ","1,016,630 ","1,042,422 ","1,065,503 ","1,088,005 ","1,111,079 ","1,131,239 ","1,146,018 ","1,153,502 ","1,153,306 ","1,148,387 ","1,144,107 ","1,143,502 ","1,146,922 ","1,153,492 ","1,162,879 ","1,173,891 ","1,185,185 ","1,195,340 ","1,202,896 ","1,209,482 ","1,217,384 ","1,226,728 ","1,238,443 ","1,251,543 ","1,259,330 ","1,259,034 ","1,253,104 ","1,243,235 ","1,231,406 ","1,221,610 ","1,218,166 ","1,220,762 ","1,222,259 ","1,216,407 ","1,203,969 ","1,190,142 ","1,179,931 ","1,174,839 ","1,175,024 ","1,179,701 ","1,185,963 ","1,189,299 ","1,186,154 ","1,176,579 ","1,162,511 ","1,149,416 ","1,139,340 ","1,127,238 ","1,108,479 ","1,088,809 ","1,080,101 ","1,078,390 ","1,083,840 ","1,091,594 ","1,074,413 ","1,060,069 ","1,050,369 ","1,041,420 ","1,029,917 ","1,016,652 ","1,003,853 ","992,389 ","981,411 ","969,963 ","957,905 ","945,808 ","934,124 ","922,625 ","911,156 ","899,670 ","888,157 ","876,974 ","865,976 ","855,327 ","845,102 ","834,888 ","824,642 ","814,522 ","804,558 ","794,767 ","785,166 ","775,499 ","765,851 ","756,229 ","746,695 ","737,398 ","728,113 ","718,835 ","709,565 ","700,380 ","691,403 ","682,519 ","673,695 ","664,938 ","656,304 ","647,857 ","639,553 ","631,358 ","623,271 ","615,302 ","607,468 ","599,759 ","592,156 "
1,"525,478 ","533,262 ","544,204 ","561,504 ","582,993 ","610,778 ","639,269 ","663,881 ","687,721 ","713,797 ","742,216 ","771,005 ","798,896 ","825,872 ","852,987 ","879,903 ","904,717 ","927,538 ","951,184 ","976,796 ","1,001,227 ","1,025,118 ","1,050,593 ","1,074,866 ","1,096,180 ","1,112,372 ","1,121,624 ","1,123,441 ","1,120,358 ","1,117,966 ","1,119,272 ","1,124,186 ","1,131,854 ","1,142,153 ","1,154,025 ","1,166,107 ","1,176,887 ","1,185,033 ","1,192,321 ","1,200,379 ","1,209,972 ","1,222,838 ","1,236,788 ","1,245,147 ","1,245,590 ","1,240,323 ","1,230,909 ","1,219,204 ","1,209,146 ","1,205,058 ","1,208,070 ","1,211,354 ","1,206,964 ","1,194,957 ","1,180,959 ","1,170,941 ","1,166,944 ","1,168,497 ","1,174,604 ","1,181,933 ","1,185,491 ","1,182,365 ","1,172,090 ","1,157,396 ","1,143,833 ","1,132,901 ","1,120,546 ","1,102,270 ","1,083,364 ","1,074,869 ","1,075,835 ","918,390 ","923,665 ","918,817 ","903,128 ","912,303 ","911,055 ","907,059 ","900,528 ","893,255 ","886,551 ","879,618 ","871,938 ","863,485 ","854,984 ","846,844 ","838,712 ","830,126 ","821,251 ","812,423 ","804,191 ","792,892 ","788,151 ","780,349 ","772,485 ","764,762 ","757,320 ","750,129 ","743,040 ","736,147 ","729,215 ","722,234 ","715,057 ","707,654 ","700,313 ","692,908 ","685,513 ","678,102 ","670,734 ","663,595 ","654,257 ","647,403 ","641,952 ","634,595 ","627,253 ","619,940 ","612,663 ","605,456 ","598,331 ","591,341 ","584,507 "
2,"492,568 ","501,972 ","510,723 ","522,494 ","540,544 ","563,849 ","592,164 ","621,112 ","646,183 ","670,383 ","696,536 ","724,851 ","753,636 ","781,733 ","808,985 ","836,364 ","863,488 ","888,455 ","911,515 ","935,481 ","960,240 ","985,140 ","1,010,993 ","1,037,234 ","1,062,133 ","1,084,014 ","1,100,773 ","1,110,581 ","1,112,702 ","1,110,024 ","1,108,171 ","1,109,799 ","1,114,849 ","1,122,636 ","1,133,077 ","1,145,039 ","1,157,065 ","1,167,730 ","1,175,848 ","1,183,197 ","1,191,374 ","1,201,031 ","1,213,882 ","1,228,010 ","1,236,713 ","1,237,456 ","1,232,302 ","1,222,710 ","1,210,506 ","1,199,644 ","1,195,784 ","1,200,263 ","1,204,725 ","1,200,634 ","1,188,412 ","1,174,596 ","1,165,631 ","1,162,926 ","1,165,830 ","1,172,931 ","1,180,457 ","1,183,991 ","1,180,153 ","1,169,238 ","1,154,089 ","1,139,736 ","1,128,566 ","1,116,632 ","1,099,019 ","1,080,289 ","1,074,095 ","1,013,373 ","863,613 ","876,301 ","869,783 ","862,831 ","874,783 ","876,275 ","875,018 ","870,871 ","865,333 ","859,845 ","853,884 ","847,675 ","840,752 ","833,758 ","826,981 ","820,175 ","812,620 ","805,261 ","797,678 ","788,016 ","780,833 ","777,787 ","770,873 ","764,081 ","757,118 ","750,825 ","744,270 ","737,343 ","731,002 ","724,566 ","717,843 ","710,896 ","703,761 ","696,776 ","689,709 ","682,502 ","675,316 ","668,192 ","661,243 ","652,114 ","645,303 ","639,927 ","632,737 ","625,494 ","618,344 ","611,194 ","604,085 ","597,070 ","590,168 "
3,"469,166 ","479,364 ","489,210 ","498,519 ","510,854 ","529,937 ","553,574 ","582,099 ","611,069 ","636,278 ","660,538 ","686,694 ","714,997 ","743,816 ","771,972 ","799,306 ","826,689 ","853,778 ","878,691 ","901,737 ","925,185 ","950,084 ","975,855 ","1,002,094 ","1,028,737 ","1,053,915 ","1,075,921 ","1,092,732 ","1,102,652 ","1,105,017 ","1,102,625 ","1,100,982 ","1,102,719 ","1,107,832 ","1,115,645 ","1,126,023 ","1,137,838 ","1,149,677 ","1,160,189 ","1,168,257 ","1,175,636 ","1,183,867 ","1,193,570 ","1,206,563 ","1,220,933 ","1,229,801 ","1,230,528 ","1,225,121 ","1,214,995 ","1,201,996 ","1,191,371 ","1,188,920 ","1,194,479 ","1,199,156 ","1,194,828 ","1,182,784 ","1,169,996 ","1,162,298 ","1,160,876 ","1,164,658 ","1,171,884 ","1,179,368 ","1,182,216 ","1,177,769 ","1,166,433 ","1,150,575 ","1,136,034 ","1,125,272 ","1,113,943 ","1,096,473 ","1,079,838 ","1,040,621 ","980,119 ","839,912 ","851,042 ","849,424 ","843,899 ","857,507 ","859,957 ","859,887 ","856,614 ","851,797 ","846,910 ","841,647 ","836,179 ","829,977 ","823,742 ","817,542 ","811,366 ","804,354 ","797,690 ","789,427 ","781,837 ","775,393 ","772,995 ","766,668 ","760,315 ","753,737 ","747,692 ","741,343 ","734,649 ","728,551 ","722,303 ","715,729 ","708,914 ","701,918 ","695,070 ","688,127 ","681,021 ","673,938 ","666,905 ","660,048 ","651,021 ","644,289 ","638,972 ","631,843 ","624,654 ","617,555 ","610,462 ","603,406 ","596,443 "
4,"450,189 ","460,742 ","471,135 ","481,306 ","491,015 ","504,032 ","523,333 ","547,109 ","575,535 ","604,506 ","629,725 ","654,013 ","680,163 ","708,435 ","737,221 ","765,365 ","792,616 ","819,896 ","846,812 ","871,561 ","894,230 ","917,688 ","943,001 ","968,977 ","995,503 ","1,022,293 ","1,047,430 ","1,069,307 ","1,086,138 ","1,096,197 ","1,098,719 ","1,096,475 ","1,094,924 ","1,096,706 ","1,101,806 ","1,109,516 ","1,119,726 ","1,131,333 ","1,142,981 ","1,153,394 ","1,161,448 ","1,168,870 ","1,177,154 ","1,186,994 ","1,200,203 ","1,214,679 ","1,223,458 ","1,223,897 ","1,217,934 ","1,207,029 ","1,194,267 ","1,185,027 ","1,183,622 ","1,189,381 ","1,193,822 ","1,189,650 ","1,178,604 ","1,167,052 ","1,160,585 ","1,159,970 ","1,163,839 ","1,171,013 ","1,177,846 ","1,180,113 ","1,175,268 ","1,163,268 ","1,147,258 ","1,133,113 ","1,122,917 ","1,111,705 ","1,096,129 ","1,059,180 ","1,019,177 ","963,459 ","824,810 ","838,877 ","837,765 ","833,748 ","847,540 ","850,673 ","851,100 ","848,306 ","843,922 ","839,414 ","834,570 ","829,499 ","823,786 ","817,838 ","812,085 ","806,094 ","799,543 ","792,503 ","785,475 ","778,260 ","772,353 ","770,328 ","764,301 ","758,088 ","751,635 ","745,780 ","739,555 ","733,013 ","727,064 ","720,927 ","714,435 ","707,690 ","700,764 ","694,011 ","687,126 ","680,075 ","673,046 ","666,070 ","659,313 ","650,358 ","643,656 ","638,382 ","631,273 ","624,111 ","617,052 ","609,992 ","602,973 "
5,"433,733 ","444,383 ","455,008 ","465,595 ","476,030 ","486,194 ","499,383 ","518,781 ","542,448 ","570,842 ","599,771 ","625,003 ","649,283 ","675,384 ","703,589 ","732,317 ","760,333 ","787,450 ","814,517 ","841,200 ","865,628 ","888,242 ","911,890 ","937,310 ","963,499 ","990,097 ","1,016,781 ","1,041,716 ","1,063,564 ","1,080,462 ","1,090,587 ","1,093,193 ","1,091,019 ","1,089,508 ","1,091,272 ","1,096,261 ","1,103,800 ","1,113,806 ","1,125,211 ","1,136,732 ","1,147,103 ","1,155,186 ","1,162,658 ","1,171,067 ","1,181,119 ","1,194,427 ","1,208,775 ","1,217,234 ","1,217,106 ","1,210,374 ","1,199,685 ","1,188,271 ","1,180,057 ","1,178,889 ","1,184,433 ","1,189,016 ","1,185,789 ","1,175,932 ","1,165,561 ","1,159,843 ","1,159,297 ","1,163,108 ","1,169,666 ","1,175,950 ","1,177,842 ","1,172,371 ","1,160,228 ","1,144,597 ","1,130,991 ","1,120,908 ","1,111,408 ","1,082,196 ","1,044,374 ","1,007,513 ","951,726 ","816,959 ","831,017 ","831,040 ","827,120 ","841,270 ","844,714 ","845,471 ","842,999 ","838,838 ","834,585 ","829,983 ","825,252 ","819,685 ","814,079 ","808,354 ","802,693 ","795,921 ","789,690 ","782,859 ","776,090 ","770,465 ","768,653 ","762,663 ","756,517 ","750,237 ","744,456 ","738,335 ","731,917 ","726,058 ","719,979 ","713,524 ","706,818 ","699,971 ","693,255 ","686,401 ","679,386 ","672,397 ","665,515 ","658,821 ","649,882 ","643,216 ","637,947 ","630,854 ","623,722 ","616,687 ","609,656 "
6,"417,557 ","429,534 ","440,191 ","450,930 ","461,697 ","472,423 ","482,708 ","495,983 ","515,278 ","538,924 ","567,271 ","596,181 ","621,388 ","645,613 ","671,641 ","699,769 ","728,349 ","756,213 ","783,105 ","809,918 ","836,316 ","860,633 ","883,304 ","907,003 ","932,581 ","958,803 ","985,266 ","1,011,723 ","1,036,602 ","1,058,468 ","1,075,377 ","1,085,526 ","1,088,159 ","1,086,018 ","1,084,491 ","1,086,143 ","1,090,969 ","1,098,318 ","1,108,127 ","1,119,401 ","1,130,863 ","1,141,239 ","1,149,358 ","1,156,947 ","1,165,560 ","1,175,714 ","1,188,901 ","1,202,916 ","1,210,793 ","1,209,898 ","1,203,363 ","1,193,961 ","1,183,547 ","1,175,595 ","1,174,271 ","1,179,966 ","1,185,435 ","1,183,333 ","1,174,602 ","1,164,936 ","1,159,274 ","1,158,671 ","1,161,898 ","1,167,941 ","1,173,873 ","1,175,175 ","1,169,564 ","1,157,778 ","1,142,655 ","1,129,168 ","1,120,633 ","1,101,484 ","1,071,372 ","1,035,852 ","998,724 ","945,322 ","811,420 ","826,281 ","826,239 ","822,661 ","836,973 ","840,656 ","841,659 ","839,315 ","835,318 ","831,221 ","826,869 ","822,208 ","816,913 ","811,261 ","805,786 ","799,986 ","793,778 ","787,644 ","781,188 ","774,642 ","769,189 ","767,360 ","761,407 ","755,419 ","749,186 ","743,482 ","737,466 ","731,125 ","725,310 ","719,251 ","712,819 ","706,181 ","699,359 ","692,661 ","685,832 ","678,846 ","671,946 ","665,120 ","658,434 ","649,527 ","642,860 ","637,599 ","630,531 ","623,417 ","616,406 "
7,"401,725 ","414,381 ","426,320 ","437,044 ","447,909 ","458,868 ","469,667 ","480,014 ","493,211 ","512,494 ","536,112 ","564,439 ","593,299 ","618,436 ","642,588 ","668,539 ","696,517 ","724,938 ","752,572 ","779,209 ","805,766 ","832,017 ","856,307 ","878,985 ","902,804 ","928,392 ","954,469 ","980,709 ","1,007,084 ","1,031,967 ","1,053,808 ","1,070,689 ","1,080,821 ","1,083,456 ","1,081,294 ","1,079,667 ","1,081,170 ","1,085,820 ","1,092,987 ","1,102,671 ","1,113,884 ","1,125,334 ","1,135,725 ","1,143,950 ","1,151,735 ","1,160,451 ","1,170,504 ","1,183,371 ","1,196,807 ","1,203,922 ","1,203,189 ","1,197,875 ","1,189,429 ","1,179,279 ","1,171,225 ","1,170,089 ","1,176,645 ","1,183,168 ","1,182,129 ","1,174,060 ","1,164,444 ","1,158,718 ","1,157,560 ","1,160,309 ","1,166,027 ","1,171,404 ","1,172,565 ","1,167,277 ","1,155,966 ","1,140,967 ","1,128,901 ","1,113,282 ","1,093,266 ","1,064,847 ","1,029,093 ","993,738 ","940,474 ","807,973 ","822,647 ","822,840 ","819,451 ","833,911 ","837,788 ","838,860 ","836,618 ","832,729 ","828,821 ","824,498 ","820,058 ","814,681 ","809,223 ","803,659 ","798,266 ","792,098 ","786,279 ","780,008 ","773,601 ","768,118 ","766,300 ","760,493 ","754,537 ","748,365 ","742,750 ","736,803 ","730,500 ","724,695 ","718,650 ","712,279 ","705,659 ","698,847 ","692,167 ","685,362 ","678,457 ","671,609 ","664,788 ","658,129 ","649,218 ","642,557 ","637,316 ","630,262 ","623,169 "
8,"388,289 ","399,224 ","411,821 ","423,790 ","434,604 ","445,599 ","456,605 ","467,435 ","477,713 ","490,914 ","510,183 ","533,796 ","562,074 ","590,846 ","615,904 ","639,981 ","665,791 ","693,612 ","721,808 ","749,190 ","775,591 ","801,986 ","828,153 ","852,408 ","875,175 ","898,991 ","924,437 ","950,296 ","976,456 ","1,002,822 ","1,027,651 ","1,049,433 ","1,066,266 ","1,076,369 ","1,078,964 ","1,076,699 ","1,074,934 ","1,076,287 ","1,080,763 ","1,087,816 ","1,097,443 ","1,108,641 ","1,120,100 ","1,130,577 ","1,138,984 ","1,146,869 ","1,155,492 ","1,165,255 ","1,177,580 ","1,190,265 ","1,197,500 ","1,197,919 ","1,193,510 ","1,185,323 ","1,175,096 ","1,167,262 ","1,166,972 ","1,174,533 ","1,182,059 ","1,181,639 ","1,173,607 ","1,163,926 ","1,157,677 ","1,156,068 ","1,158,519 ","1,163,721 ","1,168,963 ","1,170,418 ","1,165,577 ","1,154,385 ","1,140,695 ","1,123,227 ","1,106,848 ","1,088,085 ","1,059,449 ","1,025,108 ","989,731 ","937,361 ","805,157 ","819,956 ","820,286 ","817,072 ","831,667 ","835,579 ","836,709 ","834,542 ","830,799 ","826,899 ","822,757 ","818,218 ","812,995 ","807,481 ","802,219 ","796,825 ","790,921 ","785,264 ","779,104 ","772,665 ","767,182 ","765,500 ","759,716 ","753,809 ","747,713 ","742,161 ","736,251 ","729,954 ","724,157 ","718,168 ","711,812 ","705,197 ","698,400 ","691,738 ","685,009 ","678,153 ","671,308 ","664,511 ","657,847 ","648,941 ","642,297 ","637,067 ","630,030 "
9,"375,831 ","386,229 ","397,108 ","409,714 ","421,742 ","432,647 ","443,674 ","454,692 ","465,451 ","475,734 ","488,940 ","508,215 ","531,798 ","559,991 ","588,670 ","613,646 ","637,592 ","663,257 ","690,866 ","718,818 ","745,977 ","772,213 ","798,490 ","824,587 ","848,893 ","871,649 ","895,334 ","920,570 ","946,345 ","972,488 ","998,795 ","1,023,542 ","1,045,249 ","1,062,025 ","1,072,064 ","1,074,536 ","1,072,142 ","1,070,240 ","1,071,441 ","1,075,820 ","1,082,829 ","1,092,438 ","1,103,637 ","1,115,174 ","1,125,821 ","1,134,317 ","1,142,117 ","1,150,473 ","1,159,731 ","1,171,353 ","1,184,138 ","1,192,441 ","1,193,708 ","1,189,541 ","1,181,284 ","1,171,294 ","1,164,294 ","1,164,985 ","1,173,502 ","1,181,599 ","1,181,207 ","1,173,108 ","1,162,925 ","1,156,247 ","1,154,366 ","1,156,335 ","1,161,417 ","1,166,924 ","1,168,792 ","1,164,068 ","1,154,095 ","1,136,101 ","1,118,004 ","1,102,585 ","1,083,632 ","1,056,112 ","1,021,731 ","987,060 ","934,668 ","802,979 ","817,849 ","818,317 ","815,263 ","829,857 ","833,799 ","834,983 ","832,925 ","829,181 ","825,428 ","821,187 ","816,768 ","811,508 ","806,220 ","800,931 ","795,756 ","789,999 ","784,432 ","778,246 ","771,794 ","766,447 ","764,778 ","759,037 ","753,194 ","747,159 ","741,648 ","735,741 ","729,450 ","723,705 ","717,731 ","711,375 ","704,773 ","697,989 ","691,400 ","684,717 ","677,865 ","671,043 ","664,241 ","657,580 ","648,688 ","642,053 ","636,839 "
10,"363,086 ","374,064 ","384,406 ","395,293 ","407,939 ","420,027 ","430,956 ","441,982 ","452,932 ","463,687 ","473,980 ","487,207 ","506,465 ","529,983 ","558,089 ","586,672 ","611,518 ","635,330 ","660,802 ","688,184 ","715,928 ","742,919 ","769,016 ","795,205 ","821,315 ","845,590 ","868,220 ","891,711 ","916,861 ","942,617 ","968,698 ","994,911 ","1,019,562 ","1,041,206 ","1,057,900 ","1,067,787 ","1,070,117 ","1,067,588 ","1,065,555 ","1,066,670 ","1,071,019 ","1,078,015 ","1,087,632 ","1,098,910 ","1,110,602 ","1,121,323 ","1,129,741 ","1,137,282 ","1,145,165 ","1,153,779 ","1,165,507 ","1,179,284 ","1,188,372 ","1,189,858 ","1,185,625 ","1,177,602 ","1,168,424 ","1,162,386 ","1,163,990 ","1,173,039 ","1,181,148 ","1,180,693 ","1,172,110 ","1,161,520 ","1,154,595 ","1,152,261 ","1,154,123 ","1,159,445 ","1,165,338 ","1,167,324 ","1,163,743 ","1,150,183 ","1,131,668 ","1,114,338 ","1,098,792 ","1,080,712 ","1,053,153 ","1,019,367 ","984,621 ","932,488 ","801,196 ","816,155 ","816,759 ","813,734 ","828,326 ","832,308 ","833,571 ","831,509 ","827,885 ","824,040 ","819,891 ","815,446 ","810,357 ","805,023 ","799,914 ","794,872 ","789,190 ","783,607 ","777,395 ","771,079 ","765,745 ","764,112 ","758,422 ","752,638 ","746,654 ","741,145 ","735,242 ","729,001 ","723,272 ","717,296 ","710,955 ","704,363 ","697,647 ","691,103 ","684,426 ","677,595 ","670,771 ","663,971 ","657,321 ","648,437 ","641,818 "
11,"350,793 ","361,511 ","372,431 ","382,779 ","393,702 ","406,391 ","418,492 ","429,411 ","440,376 ","451,317 ","462,075 ","472,393 ","485,622 ","504,831 ","528,280 ","556,293 ","584,740 ","609,452 ","633,089 ","658,358 ","685,547 ","713,122 ","739,961 ","765,956 ","792,137 ","818,194 ","842,348 ","864,796 ","888,203 ","913,326 ","939,019 ","964,994 ","991,098 ","1,015,689 ","1,037,238 ","1,053,757 ","1,063,472 ","1,065,647 ","1,062,995 ","1,060,904 ","1,061,999 ","1,066,343 ","1,073,357 ","1,083,052 ","1,094,478 ","1,106,246 ","1,116,887 ","1,125,052 ","1,132,144 ","1,139,424 ","1,148,157 ","1,160,848 ","1,175,355 ","1,184,631 ","1,186,045 ","1,182,036 ","1,174,798 ","1,166,551 ","1,161,384 ","1,163,495 ","1,172,550 ","1,180,588 ","1,179,652 ","1,170,678 ","1,159,858 ","1,152,504 ","1,150,080 ","1,152,162 ","1,157,855 ","1,163,876 ","1,166,941 ","1,160,235 ","1,146,239 ","1,128,343 ","1,110,966 ","1,096,123 ","1,078,019 ","1,050,949 ","1,017,102 ","982,549 ","930,620 ","799,695 ","814,751 ","815,378 ","812,375 ","826,988 ","831,026 ","832,283 ","830,314 ","826,609 ","822,832 ","818,667 ","814,352 ","809,199 ","804,012 ","799,024 ","794,046 ","788,361 ","782,741 ","776,663 ","770,360 ","765,062 ","763,464 ","757,835 ","752,115 ","746,133 ","740,629 ","734,773 ","728,551 ","722,819 ","716,859 ","710,525 ","703,998 ","697,328 ","690,793 ","684,137 ","677,305 ","670,484 ","663,693 ","657,049 ","648,183 "
12,"339,393 ","349,322 ","359,984 ","370,904 ","381,282 ","392,245 ","404,938 ","417,017 ","427,882 ","438,834 ","449,772 ","460,549 ","470,877 ","484,078 ","503,232 ","526,600 ","554,481 ","582,781 ","607,323 ","630,774 ","655,866 ","682,886 ","710,298 ","737,022 ","762,984 ","789,100 ","815,034 ","839,004 ","861,358 ","884,736 ","909,790 ","935,367 ","961,225 ","987,263 ","1,011,749 ","1,033,102 ","1,049,411 ","1,058,938 ","1,060,969 ","1,058,261 ","1,056,162 ","1,057,268 ","1,061,626 ","1,068,736 ","1,078,597 ","1,090,101 ","1,101,783 ","1,112,167 ","1,119,908 ","1,126,447 ","1,133,890 ","1,143,595 ","1,157,016 ","1,171,702 ","1,180,894 ","1,182,513 ","1,179,251 ","1,172,909 ","1,165,511 ","1,160,824 ","1,162,921 ","1,171,891 ","1,179,450 ","1,178,132 ","1,168,943 ","1,157,714 ","1,150,277 ","1,148,050 ","1,150,494 ","1,156,337 ","1,163,406 ","1,163,636 ","1,156,567 ","1,143,064 ","1,125,194 ","1,108,404 ","1,093,580 ","1,075,867 ","1,048,748 ","1,015,081 ","980,687 ","928,970 ","798,391 ","813,450 ","814,090 ","811,135 ","825,773 ","829,807 ","831,134 ","829,096 ","825,440 ","821,653 ","817,585 ","813,194 ","808,159 ","803,081 ","798,151 ","793,181 ","787,450 ","781,960 ","775,895 ","769,626 ","764,356 ","762,818 ","757,269 ","751,554 ","745,578 ","740,118 ","734,284 ","728,060 ","722,347 ","716,394 ","710,120 ","703,640 ","696,983 ","690,469 ","683,815 ","676,988 ","670,172 ","663,388 ","656,763 "
13,"328,847 ","337,903 ","347,773 ","358,426 ","369,363 ","379,770 ","390,732 ","403,390 ","415,411 ","426,258 ","437,203 ","448,155 ","458,938 ","469,246 ","482,405 ","501,478 ","524,713 ","552,426 ","580,526 ","604,863 ","628,118 ","653,028 ","679,869 ","707,137 ","733,788 ","759,666 ","785,642 ","811,367 ","835,206 ","857,512 ","880,806 ","905,713 ","931,140 ","956,918 ","982,831 ","1,007,080 ","1,028,159 ","1,044,212 ","1,053,531 ","1,055,476 ","1,052,759 ","1,050,667 ","1,051,776 ","1,056,254 ","1,063,560 ","1,073,510 ","1,084,920 ","1,096,320 ","1,106,273 ","1,113,509 ","1,120,354 ","1,128,966 ","1,139,563 ","1,153,225 ","1,167,806 ","1,177,174 ","1,179,544 ","1,177,199 ","1,171,713 ","1,164,785 ","1,160,073 ","1,162,078 ","1,170,570 ","1,177,762 ","1,176,241 ","1,166,646 ","1,155,339 ","1,148,087 ","1,146,227 ","1,148,850 ","1,155,745 ","1,160,154 ","1,160,081 ","1,153,406 ","1,139,980 ","1,122,614 ","1,105,898 ","1,091,394 ","1,073,651 ","1,046,694 ","1,013,184 ","978,968 ","927,468 ","797,132 ","812,182 ","812,864 ","809,950 ","824,578 ","828,662 ","829,930 ","827,921 ","824,260 ","820,548 ","816,395 ","812,096 ","807,155 ","802,132 ","797,222 ","792,198 ","786,594 ","781,117 ","775,081 ","768,831 ","763,629 ","762,187 ","756,645 ","750,937 ","745,002 ","739,568 ","733,735 ","727,535 ","721,830 ","715,932 ","709,706 ","703,244 ","696,608 ","690,100 ","683,451 ","676,629 ","669,821 ","663,057 "
14,"318,796 ","327,045 ","336,010 ","345,832 ","356,465 ","367,394 ","377,769 ","388,670 ","401,248 ","413,229 ","424,060 ","435,013 ","445,966 ","456,719 ","466,970 ","480,016 ","498,895 ","521,880 ","549,284 ","577,047 ","601,070 ","624,035 ","648,677 ","675,282 ","702,386 ","728,850 ","754,488 ","780,148 ","805,641 ","829,360 ","851,532 ","874,592 ","899,244 ","924,502 ","950,068 ","975,607 ","999,388 ","1,019,992 ","1,035,653 ","1,044,756 ","1,046,621 ","1,043,864 ","1,041,718 ","1,042,946 ","1,047,652 ","1,055,006 ","1,064,722 ","1,075,594 ","1,086,510 ","1,096,220 ","1,104,538 ","1,113,688 ","1,124,055 ","1,135,199 ","1,148,634 ","1,163,262 ","1,173,358 ","1,176,713 ","1,175,348 ","1,170,472 ","1,163,592 ","1,158,856 ","1,160,447 ","1,168,613 ","1,175,610 ","1,173,662 ","1,163,986 ","1,152,862 ","1,146,002 ","1,144,349 ","1,148,094 ","1,152,421 ","1,156,586 ","1,156,833 ","1,150,273 ","1,137,292 ","1,120,045 ","1,103,602 ","1,089,100 ","1,071,503 ","1,044,692 ","1,011,361 ","977,340 ","925,968 ","795,861 ","810,930 ","811,643 ","808,753 ","823,401 ","827,436 ","828,714 ","826,702 ","823,102 ","819,298 ","815,217 ","810,993 ","806,110 ","801,114 ","796,144 ","791,239 ","785,649 ","780,197 ","774,174 ","767,998 ","762,916 ","761,481 ","755,948 ","750,277 ","744,371 ","738,942 ","733,137 ","726,951 ","721,295 ","715,444 ","709,244 ","702,803 ","696,178 ","689,676 ","683,032 ","676,219 ","669,435 "
15,"309,202 ","316,473 ","324,579 ","333,437 ","343,188 ","353,765 ","364,607 ","374,877 ","385,675 ","398,181 ","410,125 ","420,956 ","431,903 ","442,809 ","453,462 ","463,539 ","476,313 ","494,821 ","517,360 ","544,243 ","571,464 ","595,011 ","617,582 ","641,874 ","668,181 ","694,943 ","720,993 ","746,143 ","771,429 ","796,690 ","820,168 ","841,975 ","864,628 ","888,982 ","913,890 ","938,886 ","963,668 ","986,642 ","1,006,554 ","1,021,765 ","1,030,619 ","1,032,298 ","1,029,387 ","1,027,328 ","1,028,749 ","1,033,357 ","1,040,156 ","1,048,829 ","1,059,028 ","1,069,972 ","1,081,913 ","1,094,405 ","1,106,734 ","1,118,092 ","1,128,735 ","1,141,995 ","1,157,405 ","1,168,725 ","1,173,409 ","1,173,025 ","1,168,425 ","1,161,713 ","1,156,735 ","1,158,100 ","1,166,096 ","1,172,631 ","1,170,586 ","1,161,091 ","1,150,393 ","1,143,773 ","1,143,385 ","1,144,602 ","1,148,745 ","1,153,180 ","1,153,569 ","1,147,408 ","1,134,577 ","1,117,564 ","1,101,166 ","1,086,811 ","1,069,347 ","1,042,708 ","1,009,580 ","975,669 ","924,416 ","794,568 ","809,642 ","810,382 ","807,530 ","822,123 ","826,154 ","827,428 ","825,466 ","821,770 ","818,019 ","813,995 ","809,830 ","804,982 ","799,922 ","795,063 ","790,172 ","784,601 ","779,156 ","773,212 ","767,182 ","762,115 ","760,687 ","755,186 ","749,548 ","743,652 ","738,256 ","732,470 ","726,328 ","720,720 ","714,903 ","708,725 ","702,298 ","695,681 ","689,183 ","682,552 ","675,767 "
16,"300,054 ","306,431 ","313,522 ","321,476 ","330,227 ","339,890 ","350,340 ","361,032 ","371,178 ","381,895 ","394,342 ","406,267 ","417,085 ","427,970 ","438,739 ","449,151 ","458,896 ","471,243 ","489,218 ","511,139 ","537,326 ","563,888 ","586,908 ","609,055 ","632,957 ","658,812 ","685,016 ","710,436 ","735,092 ","760,051 ","784,964 ","807,938 ","829,217 ","851,482 ","875,379 ","899,557 ","923,570 ","947,262 ","969,285 ","988,530 ","1,003,295 ","1,011,754 ","1,013,100 ","1,010,163 ","1,008,163 ","1,009,260 ","1,012,932 ","1,018,145 ","1,025,746 ","1,035,785 ","1,049,629 ","1,067,227 ","1,084,003 ","1,097,573 ","1,108,098 ","1,118,410 ","1,132,839 ","1,150,092 ","1,163,352 ","1,169,561 ","1,169,772 ","1,165,600 ","1,158,834 ","1,153,747 ","1,155,009 ","1,162,519 ","1,168,964 ","1,167,131 ","1,158,121 ","1,147,698 ","1,142,557 ","1,139,642 ","1,140,731 ","1,145,123 ","1,149,726 ","1,150,491 ","1,144,492 ","1,131,851 ","1,114,925 ","1,098,687 ","1,084,469 ","1,067,167 ","1,040,726 ","1,007,721 ","973,919 ","922,803 ","793,212 ","808,294 ","809,061 ","806,190 ","820,753 ","824,776 ","826,094 ","824,032 ","820,375 ","816,659 ","812,700 ","808,574 ","803,658 ","798,701 ","793,856 ","788,976 ","783,410 ","778,049 ","772,275 ","766,266 ","761,212 ","759,807 ","754,344 ","748,721 ","742,865 ","737,496 ","731,748 ","725,653 ","720,087 ","714,291 ","708,132 ","701,716 ","695,104 ","688,624 ","682,024 "
17,"291,192 ","297,020 ","303,204 ","310,126 ","317,962 ","326,616 ","336,136 ","346,416 ","356,964 ","367,023 ","377,688 ","390,101 ","401,993 ","412,741 ","423,470 ","433,962 ","443,994 ","453,293 ","465,119 ","482,464 ","503,677 ","529,137 ","555,065 ","577,601 ","599,331 ","622,754 ","647,994 ","673,490 ","698,334 ","722,613 ","747,167 ","771,477 ","793,827 ","814,675 ","836,457 ","859,540 ","882,617 ","905,410 ","928,020 ","949,251 ","967,903 ","982,086 ","990,011 ","991,103 ","987,990 ","985,445 ","985,304 ","986,962 ","990,620 ","997,467 ","1,010,369 ","1,030,532 ","1,052,820 ","1,070,758 ","1,083,161 ","1,093,278 ","1,105,402 ","1,122,583 ","1,142,533 ","1,157,882 ","1,164,992 ","1,165,878 ","1,161,808 ","1,155,029 ","1,149,920 ","1,150,696 ","1,158,148 ","1,164,858 ","1,163,574 ","1,154,858 ","1,146,187 ","1,138,494 ","1,135,506 ","1,136,845 ","1,141,431 ","1,146,406 ","1,147,341 ","1,141,484 ","1,128,958 ","1,112,210 ","1,096,121 ","1,082,066 ","1,064,953 ","1,038,640 ","1,005,761 ","972,067 ","921,089 ","791,777 ","806,858 ","807,606 ","804,729 ","819,268 ","823,334 ","824,544 ","822,508 ","818,863 ","815,221 ","811,303 ","807,105 ","802,279 ","797,337 ","792,495 ","787,620 ","782,143 ","776,977 ","771,231 ","765,239 ","760,208 ","758,838 ","753,398 ","747,820 ","742,002 ","736,664 ","730,962 ","724,919 ","719,373 ","713,601 ","707,454 ","701,046 ","694,456 ","688,012 "
18,"282,607 ","288,110 ","293,754 ","299,782 ","306,601 ","314,352 ","322,869 ","332,226 ","342,368 ","352,819 ","362,827 ","373,470 ","385,839 ","397,649 ","408,240 ","418,690 ","428,804 ","438,387 ","447,207 ","458,491 ","475,198 ","495,768 ","520,614 ","546,009 ","568,119 ","589,403 ","612,255 ","636,807 ","661,707 ","686,146 ","710,014 ","733,952 ","757,605 ","779,495 ","799,875 ","820,868 ","842,859 ","864,736 ","886,461 ","908,264 ","928,864 ","946,859 ","960,391 ","967,801 ","968,404 ","964,560 ","960,626 ","958,301 ","957,988 ","960,172 ","969,336 ","988,390 ","1,012,963 ","1,036,039 ","1,052,499 ","1,064,452 ","1,076,982 ","1,092,714 ","1,113,319 ","1,135,838 ","1,152,274 ","1,160,206 ","1,161,287 ","1,157,251 ","1,150,488 ","1,144,862 ","1,145,605 ","1,153,377 ","1,160,673 ","1,159,666 ","1,153,014 ","1,141,744 ","1,134,029 ","1,131,308 ","1,132,878 ","1,137,858 ","1,143,000 ","1,144,038 ","1,138,309 ","1,125,964 ","1,109,378 ","1,093,466 ","1,079,608 ","1,062,613 ","1,036,440 ","1,003,669 ","970,094 ","919,267 ","790,238 ","805,274 ","806,007 ","803,143 ","817,709 ","821,664 ","822,884 ","820,832 ","817,271 ","813,668 ","809,678 ","805,556 ","800,746 ","795,798 ","790,963 ","786,181 ","780,926 ","775,794 ","770,066 ","764,096 ","759,108 ","757,764 ","752,373 ","746,846 ","741,052 ","735,757 ","730,115 ","724,094 ","718,576 ","712,820 ","706,682 ","700,302 ","693,754 "
19,"274,010 ","279,631 ","284,975 ","290,490 ","296,444 ","303,203 ","310,836 ","319,213 ","328,452 ","338,505 ","348,898 ","358,886 ","369,502 ","381,789 ","393,442 ","403,778 ","413,884 ","423,587 ","432,729 ","441,095 ","451,881 ","468,070 ","488,146 ","512,520 ","537,473 ","559,163 ","579,969 ","602,234 ","626,230 ","650,724 ","674,759 ","698,053 ","721,383 ","744,583 ","766,025 ","785,687 ","805,695 ","826,591 ","847,501 ","868,508 ","889,734 ","909,701 ","927,030 ","939,890 ","946,545 ","946,223 ","940,951 ","934,879 ","930,358 ","927,968 ","931,759 ","946,426 ","969,267 ","994,198 ","1,015,546 ","1,031,474 ","1,046,176 ","1,062,822 ","1,082,495 ","1,106,015 ","1,129,652 ","1,146,905 ","1,155,013 ","1,156,101 ","1,152,057 ","1,144,705 ","1,139,044 ","1,140,166 ","1,148,570 ","1,156,113 ","1,157,469 ","1,148,145 ","1,136,899 ","1,129,483 ","1,127,026 ","1,129,031 ","1,134,182 ","1,139,401 ","1,140,572 ","1,135,019 ","1,122,838 ","1,106,440 ","1,090,744 ","1,077,006 ","1,060,158 ","1,034,072 ","1,001,439 ","967,990 ","917,311 ","788,540 ","803,532 ","804,270 ","801,478 ","815,915 ","819,867 ","821,036 ","819,077 ","815,556 ","811,879 ","807,951 ","803,844 ","799,019 ","794,083 ","789,346 ","784,809 ","779,597 ","774,485 ","768,775 ","762,852 ","757,904 ","756,608 ","751,280 ","745,771 ","740,019 ","734,793 ","729,173 ","723,185 ","717,686 ","711,941 ","705,837 ","699,506 "
20,"264,900 ","271,216 ","276,706 ","281,953 ","287,427 ","293,351 ","300,018 ","307,537 ","315,820 ","324,986 ","334,984 ","345,350 ","355,316 ","365,876 ","378,019 ","389,440 ","399,483 ","409,235 ","418,557 ","427,302 ","435,276 ","445,694 ","461,520 ","481,251 ","505,244 ","529,795 ","551,077 ","571,403 ","593,194 ","616,821 ","640,936 ","664,448 ","687,208 ","710,150 ","732,934 ","753,708 ","772,520 ","791,593 ","811,667 ","831,977 ","852,509 ","873,194 ","892,562 ","909,186 ","921,166 ","926,779 ","925,011 ","917,725 ","909,402 ","902,436 ","900,998 ","909,484 ","927,286 ","950,165 ","973,278 ","993,973 ","1,012,662 ","1,031,586 ","1,052,400 ","1,075,177 ","1,099,731 ","1,124,060 ","1,141,356 ","1,149,372 ","1,150,376 ","1,145,623 ","1,138,179 ","1,132,938 ","1,134,761 ","1,143,403 ","1,153,565 ","1,152,163 ","1,142,885 ","1,131,967 ","1,124,854 ","1,122,885 ","1,125,072 ","1,130,292 ","1,135,649 ","1,136,987 ","1,131,584 ","1,119,595 ","1,103,426 ","1,087,869 ","1,074,293 ","1,057,504 ","1,031,560 ","999,061 ","965,735 ","915,155 ","786,676 ","801,642 ","802,458 ","799,578 ","813,982 ","817,852 ","819,117 ","817,193 ","813,595 ","809,968 ","806,054 ","801,921 ","797,113 ","792,282 ","787,812 ","783,328 ","778,136 ","773,041 ","767,382 ","761,509 ","756,619 ","755,393 ","750,079 ","744,606 ","738,933 ","733,728 ","728,146 ","722,181 ","716,698 ","710,991 ","704,942 "
21,"254,970 ","262,311 ","268,519 ","273,941 ","279,176 ","284,646 ","290,503 ","297,082 ","304,530 ","312,756 ","321,876 ","331,850 ","342,190 ","352,114 ","362,566 ","374,508 ","385,677 ","395,427 ","404,860 ","413,849 ","422,264 ","429,972 ","440,162 ","455,744 ","475,203 ","498,874 ","523,059 ","543,931 ","563,856 ","585,331 ","608,630 ","632,284 ","655,329 ","677,769 ","700,363 ","722,548 ","742,567 ","760,595 ","779,006 ","798,596 ","818,537 ","838,651 ","858,844 ","877,566 ","893,312 ","904,254 ","908,450 ","904,781 ","895,267 ","884,343 ","877,803 ","880,266 ","891,343 ","909,018 ","930,151 ","952,563 ","975,810 ","998,487 ","1,021,573 ","1,045,521 ","1,069,162 ","1,094,226 ","1,118,419 ","1,135,474 ","1,143,283 ","1,143,426 ","1,138,468 ","1,131,430 ","1,126,941 ","1,129,030 ","1,140,528 ","1,147,849 ","1,146,480 ","1,137,541 ","1,126,960 ","1,120,397 ","1,118,626 ","1,120,887 ","1,126,260 ","1,131,779 ","1,133,250 ","1,128,029 ","1,116,274 ","1,100,257 ","1,084,891 ","1,071,359 ","1,054,705 ","1,028,886 ","996,521 ","963,257 ","912,798 ","784,661 ","799,684 ","800,410 ","797,534 ","811,802 ","815,772 ","817,061 ","815,055 ","811,495 ","807,881 ","803,931 ","799,822 ","795,123 ","790,582 ","786,176 ","781,710 ","776,538 ","771,495 ","765,897 ","760,088 ","755,286 ","754,062 ","748,780 ","743,395 ","737,743 ","732,580 ","727,025 ","721,081 ","715,641 ","709,995 "
22,"245,677 ","252,578 ","259,829 ","265,991 ","271,424 ","276,676 ","282,098 ","287,888 ","294,417 ","301,820 ","310,009 ","319,111 ","329,063 ","339,365 ","349,203 ","359,502 ","371,236 ","382,155 ","391,645 ","400,804 ","409,521 ","417,722 ","425,276 ","435,328 ","450,721 ","469,969 ","493,354 ","517,167 ","537,676 ","557,333 ","578,540 ","601,441 ","624,695 ","647,479 ","669,641 ","691,720 ","713,235 ","732,582 ","750,078 ","768,120 ","787,442 ","807,069 ","826,808 ","846,455 ","864,388 ","879,191 ","888,836 ","891,266 ","885,382 ","873,207 ","862,334 ","859,012 ","863,616 ","874,520 ","890,633 ","911,114 ","935,797 ","962,622 ","989,282 ","1,015,416 ","1,039,993 ","1,063,930 ","1,088,703 ","1,112,491 ","1,129,186 ","1,135,969 ","1,135,766 ","1,131,146 ","1,124,881 ","1,120,691 ","1,125,847 ","1,134,452 ","1,141,778 ","1,140,726 ","1,132,134 ","1,122,166 ","1,115,821 ","1,114,141 ","1,116,572 ","1,122,118 ","1,127,755 ","1,129,398 ","1,124,405 ","1,112,796 ","1,096,999 ","1,081,667 ","1,068,282 ","1,051,732 ","1,026,043 ","993,741 ","960,564 ","910,264 ","782,591 ","797,494 ","798,209 ","795,220 ","809,567 ","813,551 ","814,746 ","812,765 ","809,216 ","805,558 ","801,638 ","797,641 ","793,255 ","788,788 ","784,401 ","779,957 ","774,840 ","769,867 ","764,337 ","758,629 ","753,833 ","752,630 ","747,441 ","742,077 ","736,474 ","731,343 ","725,812 ","719,915 ","714,544 "
23,"236,541 ","243,448 ","250,287 ","257,507 ","263,693 ","269,156 ","274,375 ","279,746 ","285,502 ","291,997 ","299,369 ","307,547 ","316,634 ","326,557 ","336,784 ","346,500 ","356,645 ","368,171 ","378,869 ","388,134 ","397,075 ","405,622 ","413,702 ","421,168 ","431,110 ","446,370 ","465,437 ","488,519 ","511,984 ","532,241 ","551,672 ","572,554 ","595,125 ","618,164 ","640,719 ","662,437 ","683,948 ","704,885 ","723,783 ","740,997 ","758,863 ","777,962 ","797,316 ","816,626 ","835,611 ","852,742 ","866,420 ","874,475 ","874,750 ","866,184 ","853,747 ","845,513 ","843,982 ","848,421 ","857,997 ","873,575 ","896,083 ","923,913 ","954,442 ","983,991 ","1,010,504 ","1,035,147 ","1,058,650 ","1,082,897 ","1,106,177 ","1,121,680 ","1,127,950 ","1,127,983 ","1,124,121 ","1,118,159 ","1,117,203 ","1,119,431 ","1,128,052 ","1,135,660 ","1,134,934 ","1,126,991 ","1,117,253 ","1,111,026 ","1,109,537 ","1,112,162 ","1,117,825 ","1,123,623 ","1,125,483 ","1,120,625 ","1,109,247 ","1,093,474 ","1,078,309 ","1,065,024 ","1,048,585 ","1,022,946 ","990,738 ","957,683 ","907,679 ","780,298 ","795,143 ","795,711 ","792,861 ","807,190 ","811,068 ","812,271 ","810,293 ","806,692 ","803,073 ","799,270 ","795,602 ","791,303 ","786,855 ","782,495 ","778,109 ","773,072 ","768,169 ","762,750 ","757,050 ","752,277 ","751,164 ","745,997 ","740,685 ","735,122 ","730,019 ","724,538 ","718,717 "
24,"227,673 ","234,445 ","241,308 ","248,138 ","255,390 ","261,614 ","267,052 ","272,231 ","277,577 ","283,308 ","289,778 ","297,144 ","305,312 ","314,382 ","324,243 ","334,366 ","343,963 ","353,950 ","365,291 ","375,796 ","384,882 ","393,690 ","402,144 ","410,152 ","417,550 ","427,424 ","442,584 ","461,431 ","484,207 ","507,409 ","527,458 ","546,617 ","567,235 ","589,641 ","612,493 ","634,664 ","655,898 ","676,926 ","697,485 ","716,150 ","733,253 ","750,973 ","769,876 ","788,907 ","807,695 ","826,033 ","842,230 ","854,529 ","860,558 ","858,183 ","849,073 ","838,757 ","832,035 ","830,372 ","833,694 ","842,874 ","860,295 ","885,566 ","916,826 ","950,041 ","979,727 ","1,006,090 ","1,030,178 ","1,053,063 ","1,076,693 ","1,098,653 ","1,113,470 ","1,119,857 ","1,120,600 ","1,117,016 ","1,114,371 ","1,110,432 ","1,112,724 ","1,121,629 ","1,129,524 ","1,129,447 ","1,121,727 ","1,112,130 ","1,106,120 ","1,104,853 ","1,107,601 ","1,113,435 ","1,119,444 ","1,121,420 ","1,116,791 ","1,105,413 ","1,089,823 ","1,074,765 ","1,061,590 ","1,045,173 ","1,019,620 ","987,542 ","954,767 ","904,840 ","777,841 ","792,473 ","793,182 ","790,363 ","804,547 ","808,418 ","809,612 ","807,570 ","804,020 ","800,520 ","797,063 ","793,493 ","789,211 ","784,799 ","780,501 ","776,202 ","771,239 ","766,456 ","761,043 ","755,364 ","750,693 ","749,594 ","744,485 ","739,220 ","733,688 ","728,636 ","723,239 "
25,"220,125 ","225,683 ","232,426 ","239,294 ","246,172 ","253,463 ","259,664 ","265,068 ","270,228 ","275,553 ","281,262 ","287,731 ","295,093 ","303,255 ","312,276 ","322,050 ","332,075 ","341,547 ","351,391 ","362,566 ","372,915 ","381,901 ","390,636 ","399,035 ","406,974 ","414,337 ","424,182 ","439,181 ","457,782 ","480,325 ","503,308 ","523,111 ","542,065 ","562,564 ","584,825 ","607,346 ","629,089 ","649,926 ","670,640 ","690,998 ","709,578 ","726,597 ","744,193 ","762,863 ","781,492 ","799,785 ","817,370 ","832,403 ","842,846 ","846,353 ","843,214 ","835,730 ","826,684 ","819,859 ","817,270 ","820,325 ","831,194 ","851,063 ","879,511 ","913,256 ","946,405 ","975,754 ","1,001,468 ","1,024,853 ","1,047,043 ","1,069,297 ","1,090,432 ","1,105,228 ","1,112,249 ","1,113,223 ","1,112,949 ","1,107,218 ","1,103,402 ","1,106,021 ","1,115,216 ","1,123,737 ","1,123,844 ","1,116,272 ","1,106,909 ","1,101,150 ","1,100,023 ","1,102,959 ","1,109,015 ","1,115,129 ","1,117,326 ","1,112,659 ","1,101,463 ","1,085,980 ","1,071,049 ","1,057,885 ","1,041,530 ","1,016,095 ","984,329 ","951,593 ","901,809 ","775,054 ","789,784 ","790,514 ","787,600 ","801,737 ","805,586 ","806,699 ","804,712 ","801,285 ","798,146 ","794,801 ","791,246 ","787,008 ","782,663 ","778,461 ","774,237 ","769,400 ","764,626 ","759,229 ","753,658 ","749,009 ","747,963 ","742,909 ","737,677 ","732,199 ","727,238 "
26,"212,662 ","218,209 ","223,759 ","230,519 ","237,443 ","244,369 ","251,636 ","257,803 ","263,189 ","268,329 ","273,634 ","279,347 ","285,818 ","293,180 ","301,303 ","310,254 ","319,952 ","329,870 ","339,225 ","348,939 ","359,976 ","370,243 ","379,175 ","387,862 ","396,193 ","404,104 ","411,473 ","421,216 ","436,017 ","454,431 ","476,773 ","499,518 ","519,132 ","538,006 ","558,403 ","580,375 ","602,524 ","623,928 ","644,504 ","665,058 ","685,351 ","703,874 ","720,815 ","738,257 ","756,627 ","774,891 ","792,595 ","809,206 ","822,586 ","830,699 ","833,314 ","831,372 ","824,896 ","815,755 ","808,160 ","805,410 ","810,023 ","823,084 ","845,910 ","876,670 ","910,193 ","942,861 ","971,489 ","996,439 ","1,019,068 ","1,039,856 ","1,061,210 ","1,082,209 ","1,097,540 ","1,104,732 ","1,108,915 ","1,105,420 ","1,099,844 ","1,096,403 ","1,099,362 ","1,109,189 ","1,117,847 ","1,118,072 ","1,110,727 ","1,101,638 ","1,096,039 ","1,095,126 ","1,098,308 ","1,104,473 ","1,110,802 ","1,112,919 ","1,108,421 ","1,097,318 ","1,081,965 ","1,067,054 ","1,053,951 ","1,037,688 ","1,012,575 ","980,860 ","948,210 ","898,372 ","772,257 ","786,959 ","787,573 ","784,673 ","798,745 ","802,499 ","803,666 ","801,798 ","798,748 ","795,733 ","792,401 ","788,899 ","784,733 ","780,494 ","776,370 ","772,275 ","767,451 ","762,688 ","757,400 ","751,855 ","747,272 ","746,280 ","741,261 ","736,083 ","730,705 "
27,"205,165 ","210,806 ","216,352 ","221,937 ","228,760 ","235,735 ","242,646 ","249,875 ","256,020 ","261,384 ","266,503 ","271,814 ","277,533 ","284,011 ","291,343 ","299,409 ","308,302 ","317,910 ","327,725 ","336,972 ","346,578 ","357,544 ","367,770 ","376,662 ","385,277 ","393,579 ","401,507 ","408,802 ","418,395 ","433,043 ","451,295 ","473,425 ","495,985 ","515,531 ","534,331 ","554,489 ","576,140 ","597,998 ","619,179 ","639,630 ","660,137 ","680,386 ","698,849 ","715,694 ","732,932 ","751,037 ","768,851 ","785,759 ","800,914 ","812,179 ","819,352 ","822,836 ","821,673 ","815,059 ","805,241 ","797,567 ","796,266 ","802,855 ","818,686 ","843,670 ","874,091 ","907,037 ","938,945 ","966,774 ","990,916 ","1,012,132 ","1,031,995 ","1,053,158 ","1,074,597 ","1,090,023 ","1,100,232 ","1,101,043 ","1,097,707 ","1,092,521 ","1,089,476 ","1,093,111 ","1,103,073 ","1,111,813 ","1,112,215 ","1,105,149 ","1,096,232 ","1,090,880 ","1,090,241 ","1,093,549 ","1,099,935 ","1,106,156 ","1,108,419 ","1,103,989 ","1,093,002 ","1,077,674 ","1,062,836 ","1,049,816 ","1,033,875 ","1,008,804 ","977,172 ","944,384 ","894,935 ","769,332 ","783,856 ","784,474 ","781,568 ","795,503 ","799,309 ","800,586 ","799,100 ","796,187 ","793,184 ","789,918 ","786,492 ","782,439 ","778,279 ","774,288 ","770,209 ","765,394 ","760,740 ","755,478 ","750,007 ","745,494 ","744,530 ","739,564 ","734,494 "
28,"197,682 ","203,359 ","209,004 ","214,590 ","220,250 ","227,127 ","234,091 ","240,968 ","248,168 ","254,286 ","259,626 ","264,751 ","270,071 ","275,802 ","282,256 ","289,542 ","297,564 ","306,383 ","315,903 ","325,620 ","334,777 ","344,335 ","355,271 ","365,444 ","374,262 ","382,857 ","391,180 ","399,037 ","406,204 ","415,689 ","430,201 ","448,289 ","470,252 ","492,736 ","512,228 ","530,821 ","550,704 ","572,105 ","593,776 ","614,847 ","635,268 ","655,756 ","675,957 ","694,349 ","711,058 ","728,122 ","745,887 ","763,042 ","778,680 ","791,944 ","802,287 ","810,088 ","814,173 ","812,811 ","805,560 ","795,704 ","789,377 ","789,871 ","799,058 ","816,914 ","841,486 ","871,273 ","903,459 ","934,547 ","961,523 ","984,271 ","1,004,541 ","1,024,183 ","1,045,740 ","1,067,217 ","1,085,389 ","1,092,063 ","1,093,018 ","1,090,067 ","1,085,303 ","1,082,985 ","1,086,791 ","1,096,836 ","1,105,698 ","1,106,345 ","1,099,439 ","1,090,795 ","1,085,751 ","1,085,263 ","1,088,812 ","1,095,076 ","1,101,422 ","1,103,727 ","1,099,383 ","1,088,412 ","1,073,161 ","1,058,420 ","1,045,734 ","1,029,818 ","1,004,800 ","973,009 ","940,567 ","891,358 ","766,129 ","780,603 ","781,197 ","778,221 ","792,173 ","796,079 ","797,735 ","796,396 ","793,492 ","790,570 ","787,387 ","784,077 ","780,106 ","776,080 ","772,112 ","768,037 ","763,330 ","758,704 ","753,519 ","748,130 ","743,656 ","742,732 ","737,880 "
29,"190,233 ","195,919 ","201,603 ","207,290 ","212,953 ","218,676 ","225,546 ","232,477 ","239,328 ","246,492 ","252,578 ","257,922 ","263,058 ","268,393 ","274,106 ","280,521 ","287,774 ","295,735 ","304,480 ","313,913 ","323,546 ","332,669 ","342,211 ","353,096 ","363,189 ","371,987 ","380,606 ","388,865 ","396,595 ","403,668 ","413,059 ","427,440 ","445,402 ","467,303 ","489,725 ","509,022 ","527,379 ","547,062 ","568,304 ","589,873 ","610,922 ","631,337 ","651,790 ","671,940 ","690,239 ","706,832 ","723,651 ","740,880 ","756,926 ","770,890 ","783,279 ","794,078 ","802,353 ","806,204 ","804,221 ","796,920 ","788,297 ","783,605 ","786,547 ","797,637 ","815,037 ","838,948 ","868,003 ","899,377 ","929,600 ","955,214 ","977,001 ","997,023 ","1,017,020 ","1,038,600 ","1,062,518 ","1,076,988 ","1,083,781 ","1,085,088 ","1,082,570 ","1,078,544 ","1,076,444 ","1,080,375 ","1,090,522 ","1,099,584 ","1,100,344 ","1,093,711 ","1,085,411 ","1,080,545 ","1,080,320 ","1,083,747 ","1,090,136 ","1,096,503 ","1,098,860 ","1,094,508 ","1,083,600 ","1,068,453 ","1,054,080 ","1,041,419 ","1,025,516 ","1,000,294 ","968,868 ","936,613 ","887,449 ","762,788 ","777,172 ","777,680 ","774,803 ","788,813 ","793,093 ","794,897 ","793,559 ","790,753 ","787,921 ","784,858 ","781,629 ","777,792 ","773,797 ","769,830 ","765,861 ","761,184 ","756,637 ","751,545 ","746,196 ","741,767 ","740,957 "
30,"182,944 ","188,510 ","194,204 ","199,931 ","205,694 ","211,420 ","217,146 ","223,984 ","230,888 ","237,704 ","244,828 ","250,913 ","256,266 ","261,417 ","266,736 ","272,417 ","278,808 ","286,010 ","293,908 ","302,578 ","311,936 ","321,540 ","330,651 ","340,157 ","350,957 ","361,017 ","369,843 ","378,397 ","386,528 ","394,171 ","401,168 ","410,460 ","424,757 ","442,681 ","464,535 ","486,761 ","505,847 ","524,042 ","543,589 ","564,747 ","586,294 ","607,337 ","627,728 ","648,153 ","668,234 ","686,459 ","702,880 ","719,259 ","735,514 ","750,082 ","763,242 ","775,976 ","787,157 ","795,193 ","798,440 ","796,378 ","790,166 ","783,026 ","780,653 ","785,395 ","795,993 ","812,715 ","835,939 ","864,219 ","894,742 ","923,642 ","948,302 ","969,818 ","990,149 ","1,010,174 ","1,033,894 ","1,053,968 ","1,068,507 ","1,075,603 ","1,077,332 ","1,075,542 ","1,071,764 ","1,069,830 ","1,073,889 ","1,084,225 ","1,093,343 ","1,094,344 ","1,088,061 ","1,079,966 ","1,075,384 ","1,075,048 ","1,078,610 ","1,085,015 ","1,091,406 ","1,093,733 ","1,089,415 ","1,078,591 ","1,063,841 ","1,049,515 ","1,036,848 ","1,020,690 ","995,819 ","964,595 ","932,297 ","883,394 ","759,272 ","773,510 ","774,109 ","771,363 ","785,705 ","790,135 ","791,927 ","790,701 ","787,992 ","785,281 ","782,301 ","779,202 ","775,405 ","771,408 ","767,546 ","763,606 ","759,014 ","754,567 ","749,517 ","744,212 ","739,912 "
31,"176,019 ","181,256 ","186,832 ","192,570 ","198,371 ","204,195 ","209,926 ","215,628 ","222,437 ","229,303 ","236,080 ","243,196 ","249,286 ","254,652 ","259,788 ","265,077 ","270,741 ","277,089 ","284,237 ","292,071 ","300,674 ","310,009 ","319,604 ","328,680 ","338,104 ","348,867 ","358,957 ","367,715 ","376,148 ","384,196 ","391,749 ","398,675 ","407,919 ","422,206 ","440,110 ","461,787 ","483,801 ","502,737 ","520,825 ","540,308 ","561,445 ","582,986 ","604,013 ","624,382 ","644,764 ","664,800 ","682,894 ","698,948 ","714,476 ","729,433 ","743,272 ","756,700 ","769,763 ","780,710 ","788,173 ","791,327 ","790,208 ","785,312 ","780,354 ","779,682 ","783,909 ","793,833 ","809,916 ","832,416 ","859,885 ","889,162 ","917,123 ","941,484 ","963,262 ","983,605 ","1,005,489 ","1,025,266 ","1,045,376 ","1,060,149 ","1,067,638 ","1,070,060 ","1,068,519 ","1,064,925 ","1,063,145 ","1,067,424 ","1,077,799 ","1,087,118 ","1,088,441 ","1,082,361 ","1,074,572 ","1,069,895 ","1,069,702 ","1,073,300 ","1,079,713 ","1,086,064 ","1,088,389 ","1,084,127 ","1,073,701 ","1,059,013 ","1,044,686 ","1,031,741 ","1,015,904 ","991,225 ","959,939 ","927,845 ","879,138 ","755,536 ","769,807 ","770,522 ","768,179 ","782,642 ","787,047 ","788,958 ","787,830 ","785,246 ","782,618 ","779,764 ","776,712 ","772,912 ","769,018 ","765,188 ","761,335 ","756,853 ","752,446 ","747,434 ","742,268 "
32,"169,651 ","174,363 ","179,612 ","185,232 ","191,041 ","196,901 ","202,731 ","208,437 ","214,117 ","220,888 ","227,713 ","234,484 ","241,597 ","247,694 ","253,042 ","258,149 ","263,425 ","269,051 ","275,353 ","282,445 ","290,221 ","298,807 ","308,136 ","317,692 ","326,691 ","336,084 ","346,872 ","356,884 ","365,530 ","373,874 ","381,836 ","389,324 ","396,218 ","405,487 ","419,777 ","437,537 ","459,023 ","480,894 ","499,726 ","517,758 ","537,227 ","558,363 ","579,887 ","600,896 ","621,245 ","641,598 ","661,538 ","679,312 ","694,623 ","709,004 ","723,309 ","737,367 ","751,089 ","763,930 ","774,356 ","781,714 ","785,680 ","785,712 ","782,860 ","779,508 ","778,302 ","781,861 ","791,192 ","806,607 ","828,351 ","854,672 ","883,057 ","910,705 ","935,275 ","957,042 ","978,957 ","996,804 ","1,016,626 ","1,036,911 ","1,052,027 ","1,060,157 ","1,062,816 ","1,061,457 ","1,058,014 ","1,056,494 ","1,060,839 ","1,071,404 ","1,081,011 ","1,082,506 ","1,076,718 ","1,068,850 ","1,064,331 ","1,064,189 ","1,067,798 ","1,074,182 ","1,080,504 ","1,082,850 ","1,078,977 ","1,068,607 ","1,053,909 ","1,039,308 ","1,026,676 ","1,011,011 ","986,218 ","955,161 ","923,182 ","874,632 ","751,772 ","766,094 ","767,200 ","765,056 ","779,451 ","783,983 ","785,988 ","784,981 ","782,480 ","779,972 ","777,177 ","774,119 ","770,418 ","766,559 ","762,820 ","759,083 ","754,641 ","750,265 ","745,398 "
33,"163,967 ","168,021 ","172,750 ","178,044 ","183,733 ","189,599 ","195,465 ","201,268 ","206,950 ","212,598 ","219,327 ","226,144 ","232,915 ","240,026 ","246,099 ","251,417 ","256,511 ","261,753 ","267,339 ","273,593 ","280,633 ","288,394 ","296,986 ","306,277 ","315,751 ","324,719 ","334,142 ","344,851 ","354,746 ","363,304 ","371,566 ","379,459 ","386,918 ","393,851 ","403,156 ","417,333 ","434,941 ","456,297 ","478,052 ","496,831 ","514,854 ","534,328 ","555,449 ","576,952 ","597,949 ","618,288 ","638,573 ","658,229 ","675,335 ","689,639 ","703,452 ","717,932 ","732,256 ","745,787 ","758,154 ","768,477 ","776,543 ","781,508 ","783,438 ","782,086 ","778,187 ","776,327 ","779,337 ","788,046 ","802,769 ","823,475 ","848,977 ","877,050 ","904,851 ","929,391 ","952,450 ","970,225 ","988,135 ","1,008,115 ","1,028,709 ","1,044,389 ","1,052,731 ","1,055,549 ","1,054,316 ","1,051,143 ","1,049,719 ","1,054,291 ","1,065,149 ","1,074,881 ","1,076,627 ","1,070,748 ","1,063,044 ","1,058,605 ","1,058,477 ","1,062,082 ","1,068,431 ","1,074,749 ","1,077,467 ","1,073,629 ","1,063,218 ","1,048,253 ","1,033,975 ","1,021,518 ","1,005,682 ","981,113 ","950,162 ","918,265 ","870,108 ","748,006 ","762,650 ","763,954 ","761,807 ","776,306 ","780,929 ","783,043 ","782,113 ","779,728 ","777,286 ","774,486 ","771,521 ","767,858 ","764,094 ","760,480 ","756,780 ","752,364 ","748,138 "
34,"159,023 ","162,357 ","166,433 ","171,209 ","176,573 ","182,317 ","188,189 ","194,026 ","199,801 ","205,450 ","211,063 ","217,785 ","224,601 ","231,369 ","238,448 ","244,484 ","249,788 ","254,850 ","260,055 ","265,598 ","271,803 ","278,837 ","286,612 ","295,164 ","304,370 ","313,808 ","322,809 ","332,166 ","342,752 ","352,559 ","361,032 ","369,234 ","377,094 ","384,586 ","391,573 ","400,799 ","414,854 ","432,376 ","453,625 ","475,308 ","494,063 ","512,094 ","531,565 ","552,665 ","574,165 ","595,154 ","615,442 ","635,483 ","654,531 ","670,738 ","684,538 ","698,509 ","713,242 ","727,396 ","740,505 ","752,786 ","763,725 ","772,665 ","779,378 ","782,695 ","780,782 ","776,246 ","773,872 ","776,305 ","784,385 ","798,174 ","818,152 ","843,374 ","871,573 ","899,315 ","924,875 ","943,678 ","961,527 ","979,598 ","999,888 ","1,020,978 ","1,036,837 ","1,045,293 ","1,048,196 ","1,047,223 ","1,044,150 ","1,042,992 ","1,047,900 ","1,058,884 ","1,068,808 ","1,070,419 ","1,064,688 ","1,057,085 ","1,052,669 ","1,052,566 ","1,056,143 ","1,062,482 ","1,069,166 ","1,071,895 ","1,067,976 ","1,057,275 ","1,042,641 ","1,028,567 ","1,015,905 ","1,000,273 ","975,776 ","944,911 ","913,342 ","865,586 ","744,506 ","759,296 ","760,581 ","758,626 ","773,180 ","777,900 ","780,081 ","779,255 ","776,947 ","774,498 ","771,787 ","768,861 ","765,294 ","761,666 ","758,088 ","754,406 ","750,146 "
35,"154,840 ","157,426 ","160,788 ","164,915 ","169,761 ","175,180 ","180,931 ","186,772 ","192,580 ","198,320 ","203,931 ","209,544 ","216,265 ","223,075 ","229,812 ","236,847 ","242,862 ","248,130 ","253,157 ","258,324 ","263,825 ","270,028 ","277,079 ","284,819 ","293,288 ","302,462 ","311,926 ","320,860 ","330,106 ","340,606 ","350,319 ","358,730 ","366,899 ","374,795 ","382,339 ","389,268 ","398,411 ","412,409 ","429,848 ","451,021 ","472,660 ","491,420 ","509,449 ","528,908 ","550,004 ","571,493 ","592,446 ","612,521 ","632,013 ","650,257 ","666,006 ","679,952 ","694,166 ","708,757 ","722,534 ","735,571 ","748,396 ","760,100 ","770,644 ","778,640 ","781,389 ","778,852 ","773,827 ","770,921 ","772,773 ","780,017 ","793,170 ","812,907 ","838,249 ","866,386 ","894,899 ","916,100 ","934,965 ","952,957 ","971,353 ","992,115 ","1,013,357 ","1,029,278 ","1,037,762 ","1,040,898 ","1,040,000 ","1,037,213 ","1,036,442 ","1,041,509 ","1,052,664 ","1,062,412 ","1,064,111 ","1,058,474 ","1,050,898 ","1,046,546 ","1,046,430 ","1,050,006 ","1,056,721 ","1,063,403 ","1,066,002 ","1,061,766 ","1,051,375 ","1,036,972 ","1,022,682 ","1,010,236 ","994,626 ","970,189 ","939,667 ","908,426 ","861,376 ","741,107 ","755,812 ","757,299 ","755,472 ","770,077 ","774,853 ","777,120 ","776,377 ","774,064 ","771,699 ","769,029 ","766,199 ","762,776 ","759,182 ","755,616 ","752,093 "
36,"151,350 ","153,247 ","155,868 ","159,286 ","163,485 ","168,389 ","173,816 ","179,535 ","185,345 ","191,116 ","196,816 ","202,428 ","208,047 ","214,760 ","221,536 ","228,229 ","235,234 ","241,208 ","246,440 ","251,430 ","256,557 ","262,060 ","268,286 ","275,301 ","282,963 ","291,402 ","300,601 ","309,994 ","318,823 ","327,994 ","338,398 ","348,046 ","356,431 ","364,626 ","372,576 ","380,062 ","386,930 ","396,052 ","409,990 ","427,372 ","448,501 ","470,120 ","488,869 ","506,890 ","526,348 ","547,441 ","568,901 ","589,655 ","609,234 ","628,009 ","645,838 ","661,719 ","675,895 ","689,988 ","704,237 ","717,967 ","731,494 ","744,985 ","758,164 ","769,878 ","777,312 ","779,450 ","776,442 ","770,916 ","767,469 ","768,567 ","775,259 ","788,225 ","808,096 ","833,396 ","862,093 ","886,152 ","907,395 ","926,376 ","944,696 ","963,552 ","984,482 ","1,005,735 ","1,021,614 ","1,030,287 ","1,033,466 ","1,032,839 ","1,030,464 ","1,029,897 ","1,035,155 ","1,046,130 ","1,055,897 ","1,057,651 ","1,052,014 ","1,044,537 ","1,040,189 ","1,040,087 ","1,044,066 ","1,050,785 ","1,057,305 ","1,059,560 ","1,055,595 ","1,045,433 ","1,030,802 ","1,016,770 ","1,004,321 ","988,733 ","964,620 ","934,436 ","903,840 ","857,297 ","737,579 ","752,441 ","754,050 ","752,338 ","766,955 ","771,799 ","774,148 ","773,396 ","771,163 ","768,842 ","766,270 ","763,588 ","760,198 ","756,610 ","753,208 "
37,"148,336 ","149,755 ","151,693 ","154,375 ","157,868 ","162,129 ","167,045 ","172,441 ","178,127 ","183,898 ","189,628 ","195,327 ","200,945 ","206,560 ","213,238 ","219,969 ","226,632 ","233,587 ","239,519 ","244,713 ","249,661 ","254,791 ","260,322 ","266,520 ","273,459 ","281,096 ","289,558 ","298,686 ","307,977 ","316,741 ","325,822 ","336,153 ","345,770 ","354,180 ","362,428 ","370,320 ","377,750 ","384,619 ","393,714 ","407,611 ","424,959 ","446,061 ","467,654 ","486,384 ","504,407 ","523,868 ","544,936 ","566,214 ","586,515 ","605,457 ","623,866 ","641,805 ","657,892 ","671,965 ","685,769 ","699,980 ","714,146 ","728,264 ","743,106 ","757,352 ","768,521 ","775,363 ","777,045 ","773,548 ","767,510 ","763,385 ","763,999 ","770,552 ","783,675 ","803,532 ","829,230 ","853,411 ","877,486 ","898,809 ","918,096 ","936,858 ","955,914 ","976,842 ","997,995 ","1,014,008 ","1,022,677 ","1,026,094 ","1,025,883 ","1,023,725 ","1,023,372 ","1,028,495 ","1,039,463 ","1,049,234 ","1,050,928 ","1,045,393 ","1,037,932 ","1,033,617 ","1,033,953 ","1,037,958 ","1,044,502 ","1,050,667 ","1,053,150 ","1,049,398 ","1,038,968 ","1,024,629 ","1,010,601 ","998,167 ","982,867 ","959,066 ","929,541 ","899,399 ","853,064 ","734,183 ","749,111 ","750,812 ","749,181 ","763,817 ","768,741 ","771,073 ","770,389 ","768,205 ","765,983 ","763,564 ","760,911 ","757,521 ","754,102 "
38,"145,548 ","146,733 ","148,197 ","150,201 ","152,963 ","156,523 ","160,800 ","165,687 ","171,050 ","176,698 ","182,427 ","188,154 ","193,858 ","199,468 ","205,055 ","211,686 ","218,383 ","224,997 ","231,902 ","237,791 ","242,939 ","247,891 ","253,054 ","258,555 ","264,682 ","271,598 ","279,261 ","287,662 ","296,692 ","305,913 ","314,588 ","323,612 ","333,910 ","343,538 ","351,996 ","360,183 ","368,025 ","375,464 ","382,320 ","391,401 ","405,280 ","422,619 ","443,694 ","465,241 ","483,964 ","501,994 ","521,435 ","542,337 ","563,196 ","582,923 ","601,542 ","620,051 ","638,177 ","654,165 ","667,981 ","681,761 ","696,370 ","711,061 ","726,412 ","742,226 ","755,950 ","766,556 ","772,950 ","774,152 ","770,152 ","763,490 ","758,945 ","759,466 ","766,196 ","779,342 ","799,479 ","820,633 ","844,820 ","868,932 ","890,533 ","910,232 ","929,204 ","948,265 ","969,079 ","990,310 ","1,006,263 ","1,015,122 ","1,018,943 ","1,018,937 ","1,016,992 ","1,016,551 ","1,021,682 ","1,032,647 ","1,042,291 ","1,044,054 ","1,038,512 ","1,031,099 ","1,027,268 ","1,027,653 ","1,031,487 ","1,037,695 ","1,044,054 ","1,046,729 ","1,042,660 ","1,032,524 ","1,018,192 ","1,004,198 ","992,045 ","977,020 ","953,854 ","924,806 ","894,794 ","849,005 ","730,827 ","745,783 ","747,550 ","745,997 ","760,681 ","765,582 ","767,964 ","767,327 ","765,241 ","763,179 ","760,786 ","758,124 ","754,908 "
39,"142,777 ","143,933 ","145,165 ","146,699 ","148,788 ","151,622 ","155,204 ","159,455 ","164,311 ","169,638 ","175,243 ","180,968 ","186,699 ","192,391 ","197,971 ","203,518 ","210,113 ","216,758 ","223,323 ","230,177 ","236,015 ","241,165 ","246,148 ","251,281 ","256,718 ","262,824 ","269,767 ","277,372 ","285,683 ","294,645 ","303,781 ","312,401 ","321,394 ","331,699 ","341,368 ","349,770 ","357,919 ","365,767 ","373,188 ","380,036 ","389,120 ","403,002 ","420,325 ","441,357 ","462,874 ","481,596 ","499,612 ","518,903 ","539,421 ","559,757 ","579,200 ","597,916 ","616,596 ","634,623 ","650,373 ","664,181 ","678,321 ","693,399 ","709,221 ","725,454 ","740,772 ","753,966 ","764,138 ","770,062 ","770,763 ","766,167 ","759,130 ","754,523 ","755,247 ","762,033 ","775,373 ","790,940 ","812,126 ","836,329 ","860,675 ","882,656 ","902,571 ","921,533 ","940,480 ","961,365 ","982,489 ","998,565 ","1,007,806 ","1,011,804 ","1,011,978 ","1,009,969 ","1,009,554 ","1,014,721 ","1,025,535 ","1,035,200 ","1,036,904 ","1,031,389 ","1,024,498 ","1,020,749 ","1,020,974 ","1,024,511 ","1,030,897 ","1,037,442 ","1,039,747 ","1,035,966 ","1,025,809 ","1,011,524 ","997,835 ","985,944 ","971,513 ","948,817 ","919,894 ","890,394 ","844,996 ","727,465 ","742,421 ","744,248 ","742,821 ","757,443 ","762,378 ","764,797 ","764,255 ","762,333 ","760,294 ","757,887 ","755,399 "
40,"139,852 ","141,149 ","142,352 ","143,654 ","145,277 ","147,444 ","150,307 ","153,866 ","158,090 ","162,913 ","168,199 ","173,800 ","179,527 ","185,242 ","190,902 ","196,440 ","201,955 ","208,498 ","215,092 ","221,608 ","228,397 ","234,232 ","239,412 ","244,364 ","249,435 ","254,853 ","260,991 ","267,885 ","275,403 ","283,657 ","292,536 ","301,609 ","310,208 ","319,216 ","329,550 ","339,159 ","347,521 ","355,681 ","363,506 ","370,917 ","377,775 ","386,887 ","400,771 ","418,064 ","439,054 ","460,550 ","479,248 ","497,131 ","516,069 ","536,119 ","556,205 ","575,730 ","594,604 ","613,193 ","630,998 ","646,737 ","660,873 ","675,438 ","691,545 ","708,160 ","723,933 ","738,759 ","751,536 ","761,251 ","766,679 ","766,798 ","761,846 ","754,764 ","750,385 ","751,199 ","758,109 ","766,840 ","782,490 ","803,711 ","828,132 ","852,810 ","874,993 ","894,881 ","913,712 ","932,739 ","953,508 ","974,705 ","991,116 ","1,000,491 ","1,004,625 ","1,004,740 ","1,002,744 ","1,002,411 ","1,007,449 ","1,018,282 ","1,027,824 ","1,029,497 ","1,024,510 ","1,017,728 ","1,013,834 ","1,013,809 ","1,017,530 ","1,024,113 ","1,030,260 ","1,032,834 ","1,028,989 ","1,018,863 ","1,004,898 ","991,494 ","980,177 ","966,188 ","943,588 ","915,216 ","886,047 ","840,964 ","724,062 ","739,010 ","740,957 ","739,542 ","754,150 ","759,116 ","761,614 ","761,237 ","759,335 ","757,276 ","755,045 "
41,"136,661 ","138,211 ","139,552 ","140,825 ","142,217 ","143,924 ","146,125 ","148,969 ","152,506 ","156,701 ","161,486 ","166,770 ","172,373 ","178,080 ","183,761 ","189,377 ","194,881 ","200,350 ","206,840 ","213,383 ","219,837 ","226,611 ","232,470 ","237,615 ","242,505 ","247,560 ","253,016 ","259,105 ","265,918 ","273,390 ","281,560 ","290,385 ","299,431 ","308,041 ","317,086 ","327,361 ","336,922 ","345,302 ","353,435 ","361,245 ","368,653 ","375,551 ","384,686 ","398,550 ","415,817 ","436,784 ","458,239 ","476,805 ","494,359 ","512,885 ","532,708 ","552,865 ","572,535 ","591,322 ","609,710 ","627,498 ","643,529 ","658,047 ","673,550 ","690,381 ","706,565 ","721,886 ","736,321 ","748,654 ","757,878 ","762,742 ","762,503 ","757,504 ","750,659 ","746,392 ","747,280 ","749,506 ","758,384 ","774,124 ","795,567 ","820,314 ","845,175 ","867,285 ","887,024 ","905,925 ","924,854 ","945,678 ","967,174 ","983,658 ","993,108 ","997,174 ","997,270 ","995,364 ","994,934 ","1,000,038 ","1,010,733 ","1,020,166 ","1,022,344 ","1,017,456 ","1,010,536 ","1,006,447 ","1,006,622 ","1,010,571 ","1,016,754 ","1,023,165 ","1,025,628 ","1,021,782 ","1,011,961 ","998,292 ","985,474 ","974,598 ","960,660 ","938,618 ","910,591 ","881,656 ","836,875 ","720,599 ","735,612 ","737,559 ","736,197 ","750,794 ","755,828 ","758,482 ","758,116 ","756,190 ","754,308 "
42,"133,217 ","135,008 ","136,599 ","138,007 ","139,369 ","140,849 ","142,594 ","144,781 ","147,608 ","151,122 ","155,284 ","160,069 ","165,356 ","170,936 ","176,608 ","182,243 ","187,820 ","193,276 ","198,700 ","205,138 ","211,614 ","218,055 ","224,850 ","230,661 ","235,742 ","240,620 ","245,708 ","251,116 ","257,139 ","263,914 ","271,307 ","279,428 ","288,228 ","297,280 ","305,925 ","314,917 ","325,146 ","334,721 ","343,070 ","351,179 ","358,982 ","366,424 ","373,358 ","382,497 ","396,343 ","413,595 ","434,514 ","455,822 ","474,079 ","491,265 ","509,594 ","529,489 ","549,772 ","569,351 ","587,956 ","606,335 ","624,373 ","640,737 ","656,111 ","672,271 ","688,697 ","704,473 ","719,419 ","733,427 ","745,287 ","753,963 ","758,475 ","758,169 ","753,388 ","746,673 ","742,437 ","738,528 ","740,976 ","750,013 ","766,009 ","787,796 ","812,729 ","837,477 ","859,403 ","879,195 ","897,994 ","916,978 ","938,110 ","959,629 ","976,103 ","985,469 ","989,459 ","989,639 ","987,633 ","987,315 ","992,316 ","1,002,883 ","1,012,774 ","1,015,005 ","1,009,956 ","1,002,893 ","999,019 ","999,463 ","1,003,029 ","1,009,496 ","1,015,767 ","1,018,194 ","1,014,622 ","1,005,077 ","991,996 ","979,642 ","968,804 ","955,414 ","933,698 ","905,896 ","877,194 ","832,701 ","717,148 ","732,104 ","734,085 ","732,788 ","747,405 ","752,584 ","755,235 ","754,835 ","753,087 "
43,"129,661 ","131,554 ","133,382 ","135,034 ","136,530 ","137,983 ","139,503 ","141,235 ","143,411 ","146,221 ","149,708 ","153,874 ","158,666 ","163,928 ","169,472 ","175,097 ","180,689 ","186,216 ","191,624 ","197,003 ","203,374 ","209,834 ","216,294 ","223,030 ","228,773 ","233,839 ","238,747 ","243,797 ","249,145 ","255,134 ","261,834 ","269,188 ","277,288 ","286,089 ","295,171 ","303,768 ","312,727 ","322,964 ","332,501 ","340,819 ","348,916 ","356,744 ","364,217 ","371,161 ","380,307 ","394,151 ","411,367 ","432,143 ","453,142 ","471,052 ","488,069 ","506,473 ","526,479 ","546,674 ","566,081 ","584,678 ","603,275 ","621,605 ","638,739 ","654,700 ","670,496 ","686,548 ","701,967 ","716,507 ","730,056 ","741,395 ","749,726 ","754,147 ","754,033 ","749,371 ","742,644 ","733,452 ","729,832 ","732,519 ","741,867 ","758,266 ","780,264 ","805,059 ","829,589 ","851,539 ","871,220 ","890,054 ","909,362 ","930,504 ","951,952 ","968,308 ","977,536 ","981,572 ","981,632 ","979,757 ","979,372 ","984,270 ","995,305 ","1,005,186 ","1,007,193 ","1,002,019 ","995,187 ","991,622 ","991,712 ","995,603 ","1,001,928 ","1,008,139 ","1,010,802 ","1,007,473 ","998,486 ","985,886 ","973,582 ","963,310 ","950,211 ","928,679 ","901,113 ","872,627 ","828,539 ","713,584 ","728,507 ","730,539 ","729,334 ","744,050 ","749,212 ","751,814 ","751,587 "
44,"126,123 ","127,987 ","129,915 ","131,800 ","133,536 ","135,124 ","136,616 ","138,123 ","139,848 ","142,015 ","144,803 ","148,300 ","152,477 ","157,243 ","162,471 ","167,967 ","173,546 ","179,086 ","184,563 ","189,924 ","195,243 ","201,595 ","208,070 ","214,469 ","221,134 ","226,853 ","231,945 ","236,818 ","241,813 ","247,131 ","253,054 ","259,722 ","267,055 ","275,161 ","283,989 ","293,017 ","301,587 ","310,564 ","320,753 ","330,240 ","338,545 ","346,665 ","354,521 ","361,994 ","368,957 ","378,114 ","391,937 ","409,033 ","429,515 ","450,176 ","467,931 ","485,023 ","503,529 ","523,447 ","543,481 ","562,876 ","581,667 ","600,519 ","619,542 ","637,195 ","652,823 ","668,280 ","683,998 ","699,032 ","713,132 ","726,181 ","737,180 ","745,410 ","749,986 ","749,971 ","745,240 ","733,344 ","724,509 ","721,211 ","724,260 ","734,100 ","750,764 ","772,628 ","797,192 ","821,708 ","843,528 ","863,220 ","882,383 ","901,698 ","922,743 ","944,048 ","960,185 ","969,417 ","973,295 ","973,465 ","971,536 ","971,076 ","976,509 ","987,522 ","997,106 ","998,963 ","993,995 ","987,510 ","983,629 ","984,087 ","987,852 ","994,125 ","1,000,551 ","1,003,419 ","1,000,595 ","992,079 ","979,536 ","967,840 ","957,849 ","944,876 ","923,554 ","896,207 ","868,064 ","824,240 ","709,917 ","724,831 ","726,936 ","725,903 ","740,554 ","745,652 ","748,414 "
45,"122,634 ","124,437 ","126,335 ","128,315 ","130,281 ","132,110 ","133,734 ","135,212 ","136,714 ","138,435 ","140,585 ","143,390 ","146,902 ","151,055 ","155,790 ","160,972 ","166,419 ","171,944 ","177,433 ","182,859 ","188,153 ","193,464 ","199,832 ","206,246 ","212,573 ","219,204 ","224,939 ","229,994 ","234,819 ","239,784 ","245,043 ","250,938 ","257,591 ","264,935 ","273,063 ","281,839 ","290,845 ","299,433 ","308,367 ","318,501 ","327,963 ","336,281 ","344,423 ","352,276 ","359,762 ","366,743 ","375,900 ","389,619 ","406,454 ","426,627 ","447,124 ","464,937 ","482,124 ","500,549 ","520,319 ","540,331 ","559,898 ","578,912 ","598,383 ","617,861 ","635,204 ","650,530 ","665,666 ","681,018 ","695,634 ","709,260 ","721,980 ","732,870 ","741,227 ","745,885 ","745,733 ","735,571 ","724,069 ","715,635 ","712,757 ","716,390 ","726,565 ","743,131 ","764,781 ","789,313 ","813,676 ","835,464 ","855,484 ","874,639 ","893,842 ","914,770 ","935,783 ","951,861 ","960,891 ","964,841 ","964,938 ","962,931 ","963,075 ","968,526 ","979,227 ","988,629 ","990,623 ","985,997 ","979,230 ","975,765 ","976,127 ","979,866 ","986,359 ","992,963 ","996,278 ","993,895 ","985,415 ","973,513 ","962,116 ","952,222 ","939,413 ","918,285 ","891,298 ","863,349 ","819,805 ","706,167 ","721,081 ","723,341 ","722,318 ","736,858 ","742,100 "
46,"119,153 ","120,933 ","122,769 ","124,717 ","126,776 ","128,835 ","130,696 ","132,303 ","133,775 ","135,276 ","136,986 ","139,159 ","141,985 ","145,475 ","149,602 ","154,295 ","159,426 ","164,819 ","170,289 ","175,724 ","181,081 ","186,366 ","191,696 ","198,002 ","204,345 ","210,644 ","217,275 ","222,969 ","227,973 ","232,770 ","237,677 ","242,915 ","248,802 ","255,465 ","262,836 ","270,918 ","279,670 ","288,693 ","297,240 ","306,119 ","316,215 ","325,684 ","334,020 ","342,154 ","350,012 ","357,509 ","364,499 ","373,579 ","387,072 ","403,635 ","423,646 ","444,175 ","462,063 ","479,176 ","497,471 ","517,220 ","537,378 ","557,134 ","576,697 ","596,565 ","615,751 ","632,818 ","647,846 ","662,633 ","677,581 ","691,741 ","705,061 ","717,665 ","728,665 ","737,083 ","741,549 ","735,688 ","725,899 ","714,860 ","706,893 ","704,717 ","708,758 ","718,881 ","735,275 ","756,912 ","781,292 ","805,573 ","827,670 ","847,653 ","866,668 ","885,788 ","906,409 ","927,308 ","943,122 ","952,168 ","956,007 ","955,994 ","954,635 ","954,840 ","960,012 ","970,560 ","980,012 ","982,295 ","977,392 ","971,082 ","967,555 ","967,920 ","971,905 ","978,582 ","985,588 ","989,305 ","986,919 ","979,089 ","967,494 ","956,185 ","946,442 ","933,787 ","913,003 ","886,222 ","858,471 ","815,262 ","702,327 ","717,325 ","719,578 ","718,521 ","733,154 "
47,"115,558 ","117,435 ","119,247 ","121,131 ","123,158 ","125,312 ","127,398 ","129,237 ","130,837 ","132,310 ","133,802 ","135,538 ","137,738 ","140,546 ","144,015 ","148,104 ","152,748 ","157,826 ","163,163 ","168,577 ","173,940 ","179,285 ","184,593 ","189,862 ","196,098 ","202,413 ","208,708 ","215,287 ","220,928 ","225,905 ","230,647 ","235,537 ","240,770 ","246,670 ","253,361 ","260,685 ","268,753 ","277,529 ","286,493 ","294,979 ","303,834 ","313,924 ","323,398 ","331,724 ","339,856 ","347,718 ","355,216 ","362,141 ","371,031 ","384,285 ","400,723 ","420,761 ","441,326 ","459,128 ","476,125 ","494,401 ","514,274 ","534,597 ","554,835 ","574,742 ","594,342 ","613,276 ","630,047 ","644,738 ","659,146 ","673,660 ","687,528 ","700,727 ","713,436 ","724,478 ","732,658 ","731,166 ","725,617 ","716,302 ","705,748 ","698,595 ","696,905 ","700,943 ","710,959 ","727,386 ","748,903 ","773,173 ","797,732 ","819,756 ","839,563 ","858,521 ","877,321 ","897,814 ","918,405 ","934,154 ","943,049 ","946,718 ","947,374 ","946,083 ","946,051 ","951,150 ","961,721 ","971,394 ","973,361 ","968,914 ","962,567 ","959,085 ","959,730 ","963,922 ","970,985 ","978,362 ","982,036 ","980,290 ","972,747 ","961,223 ","950,079 ","940,481 ","928,133 ","907,536 ","880,957 ","853,467 ","810,592 ","698,465 ","713,385 ","715,587 ","714,700 "
48,"111,636 ","113,822 ","115,728 ","117,585 ","119,550 ","121,675 ","123,852 ","125,911 ","127,740 ","129,341 ","130,805 ","132,326 ","134,094 ","136,278 ","139,071 ","142,509 ","146,551 ","151,145 ","156,168 ","161,447 ","166,788 ","172,135 ","177,496 ","182,745 ","187,956 ","194,161 ","200,465 ","206,712 ","213,234 ","218,838 ","223,755 ","228,477 ","233,371 ","238,623 ","244,547 ","251,199 ","258,515 ","266,606 ","275,320 ","284,222 ","292,680 ","301,534 ","311,626 ","321,073 ","329,388 ","337,518 ","345,372 ","352,803 ","359,563 ","368,255 ","381,409 ","397,882 ","417,944 ","438,402 ","456,088 ","473,068 ","491,461 ","511,471 ","532,206 ","552,738 ","572,399 ","591,770 ","610,413 ","626,859 ","641,186 ","655,179 ","669,415 ","683,163 ","696,458 ","709,199 ","719,970 ","721,977 ","720,726 ","715,621 ","706,751 ","697,119 ","690,525 ","688,883 ","692,876 ","702,989 ","719,355 ","740,764 ","765,312 ","789,751 ","811,545 ","831,308 ","849,927 ","868,605 ","888,797 ","909,248 ","924,781 ","933,432 ","937,773 ","938,471 ","936,953 ","936,934 ","942,092 ","952,864 ","962,179 ","964,546 ","960,051 ","953,777 ","950,620 ","951,511 ","956,084 ","963,518 ","970,825 ","975,114 ","973,619 ","966,105 ","954,750 ","943,774 ","934,473 ","922,276 ","901,852 ","875,545 ","848,304 ","805,873 ","694,401 ","709,202 ","711,552 "
49,"107,196 ","109,886 ","112,094 ","114,041 ","115,979 ","118,045 ","120,191 ","122,338 ","124,384 ","126,213 ","127,803 ","129,296 ","130,851 ","132,603 ","134,779 ","137,548 ","140,943 ","144,941 ","149,482 ","154,447 ","159,649 ","164,972 ","170,337 ","175,637 ","180,825 ","186,015 ","192,205 ","198,455 ","204,650 ","211,125 ","216,664 ","221,561 ","226,287 ","231,191 ","236,470 ","242,366 ","249,016 ","256,362 ","264,393 ","273,032 ","281,902 ","290,358 ","299,218 ","309,276 ","318,703 ","327,014 ","335,127 ","342,907 ","350,171 ","356,755 ","365,385 ","378,592 ","395,093 ","415,039 ","435,364 ","453,024 ","470,107 ","488,624 ","508,994 ","529,974 ","550,274 ","569,733 ","588,820 ","607,140 ","623,227 ","637,155 ","650,887 ","665,002 ","678,845 ","692,170 ","704,609 ","709,026 ","711,199 ","710,363 ","705,620 ","697,734 ","688,708 ","682,207 ","680,584 ","684,745 ","694,883 ","711,169 ","732,885 ","757,279 ","781,439 ","803,185 ","822,575 ","841,059 ","859,465 ","879,490 ","899,674 ","914,870 ","924,178 ","928,520 ","928,967 ","927,515 ","927,585 ","932,991 ","943,420 ","953,067 ","955,326 ","950,887 ","944,984 ","942,108 ","943,395 ","948,355 ","955,721 ","963,634 ","968,128 ","966,596 ","959,233 ","948,061 ","937,398 ","928,247 ","916,172 ","896,001 ","869,939 ","843,064 ","800,899 ","690,085 ","704,954 "
50,"102,168 ","105,438 ","108,141 ","110,381 ","112,408 ","114,450 ","116,535 ","118,649 ","120,781 ","122,825 ","124,641 ","126,259 ","127,787 ","129,324 ","131,073 ","133,232 ","135,961 ","139,318 ","143,267 ","147,752 ","152,639 ","157,827 ","163,166 ","168,462 ","173,704 ","178,867 ","184,048 ","190,186 ","196,388 ","202,534 ","208,933 ","214,443 ","219,342 ","224,080 ","229,009 ","234,263 ","240,158 ","246,843 ","254,127 ","262,086 ","270,694 ","279,552 ","288,019 ","296,847 ","306,877 ","316,282 ","324,561 ","332,600 ","340,223 ","347,315 ","353,850 ","362,563 ","375,805 ","392,208 ","412,022 ","432,289 ","450,033 ","467,229 ","486,057 ","506,627 ","527,391 ","547,505 ","566,685 ","585,461 ","603,422 ","619,118 ","632,791 ","646,415 ","660,623 ","674,484 ","687,492 ","693,412 ","697,938 ","700,507 ","699,938 ","696,210 ","688,924 ","680,008 ","673,590 ","672,210 ","676,478 ","686,587 ","703,238 ","724,803 ","748,885 ","772,996 ","794,323 ","813,550 ","831,769 ","849,996 ","869,761 ","889,526 ","905,343 ","914,592 ","918,640 ","919,176 ","917,813 ","918,169 ","923,323 ","934,058 ","943,527 ","945,779 ","941,709 ","936,127 ","933,662 ","935,366 ","940,278 ","948,262 ","956,347 ","960,734 ","959,313 ","952,120 ","941,274 ","930,786 ","921,742 ","909,878 ","889,914 ","864,224 ","837,531 ","795,613 ","685,685 "
51,"96,634 ","100,412 ","103,682 ","106,405 ","108,721 ","110,854 ","112,911 ","114,962 ","117,061 ","119,192 ","121,220 ","123,060 ","124,711 ","126,217 ","127,755 ","129,493 ","131,616 ","134,314 ","137,627 ","141,523 ","145,935 ","150,811 ","156,010 ","161,279 ","166,518 ","171,732 ","176,876 ","182,016 ","188,105 ","194,255 ","200,326 ","206,685 ","212,192 ","217,097 ","221,858 ","226,762 ","232,022 ","237,961 ","244,583 ","251,797 ","259,722 ","268,320 ","277,178 ","285,612 ","294,416 ","304,413 ","313,779 ","321,982 ","329,859 ","337,305 ","344,352 ","350,981 ","359,745 ","372,905 ","389,199 ","408,955 ","429,265 ","447,091 ","464,559 ","483,554 ","503,924 ","524,518 ","544,363 ","563,239 ","581,665 ","599,232 ","614,668 ","628,243 ","641,961 ","656,182 ","669,708 ","676,055 ","682,031 ","686,950 ","689,694 ","690,168 ","686,995 ","679,780 ","670,989 ","664,886 ","663,699 ","667,994 ","678,548 ","695,080 ","716,328 ","740,375 ","764,021 ","785,146 ","804,104 ","822,112 ","840,101 ","859,424 ","879,778 ","895,454 ","904,356 ","908,489 ","909,083 ","908,006 ","908,206 ","913,707 ","924,254 ","933,639 ","936,204 ","932,451 ","927,291 ","925,277 ","926,967 ","932,527 ","940,675 ","948,600 ","953,048 ","951,773 ","944,883 ","934,231 ","923,864 ","915,024 ","903,309 ","883,679 ","858,180 ","831,648 ","790,202 "
52,"90,824 ","94,890 ","98,656 ","101,931 ","104,720 ","107,141 ","109,284 ","111,306 ","113,342 ","115,442 ","117,554 ","119,603 ","121,472 ","123,096 ","124,603 ","126,133 ","127,837 ","129,937 ","132,597 ","135,862 ","139,688 ","144,089 ","148,982 ","154,112 ","159,321 ","164,529 ","169,719 ","174,824 ","179,927 ","185,963 ","192,036 ","198,066 ","204,408 ","209,911 ","214,830 ","219,566 ","224,486 ","229,785 ","235,662 ","242,214 ","249,400 ","257,323 ","265,915 ","274,736 ","283,142 ","291,918 ","301,861 ","311,135 ","319,181 ","326,881 ","334,283 ","341,410 ","348,093 ","356,808 ","369,883 ","386,138 ","405,915 ","426,271 ","444,315 ","461,917 ","480,732 ","500,954 ","521,276 ","540,817 ","559,359 ","577,399 ","594,702 ","610,027 ","623,699 ","637,429 ","651,297 ","658,022 ","664,387 ","670,758 ","675,769 ","679,600 ","680,573 ","677,400 ","670,291 ","661,864 ","656,047 ","654,937 ","659,767 ","670,247 ","686,499 ","707,756 ","731,311 ","754,703 ","775,554 ","794,250 ","812,026 ","829,564 ","849,503 ","869,647 ","884,895 ","893,865 ","897,996 ","898,846 ","897,674 ","898,266 ","903,636 ","914,072 ","923,705 ","926,530 ","923,168 ","918,485 ","916,501 ","918,881 ","924,617 ","932,571 ","940,531 ","945,089 ","944,075 ","937,366 ","926,845 ","916,703 ","907,984 ","896,549 ","877,079 ","851,753 ","825,605 "
53,"85,017 ","89,099 ","93,143 ","96,898 ","100,229 ","103,118 ","105,540 ","107,644 ","109,651 ","111,690 ","113,771 ","115,902 ","117,976 ","119,811 ","121,435 ","122,935 ","124,431 ","126,118 ","128,185 ","130,802 ","134,004 ","137,827 ","142,252 ","147,072 ","152,140 ","157,318 ","162,496 ","167,644 ","172,711 ","177,770 ","183,728 ","189,754 ","195,775 ","202,096 ","207,601 ","212,491 ","217,241 ","222,205 ","227,445 ","233,250 ","239,778 ","246,963 ","254,877 ","263,436 ","272,221 ","280,594 ","289,315 ","299,160 ","308,268 ","316,143 ","323,797 ","331,264 ","338,431 ","345,077 ","353,743 ","366,789 ","383,073 ","402,884 ","423,391 ","441,532 ","458,968 ","477,654 ","497,611 ","517,637 ","536,845 ","555,009 ","572,786 ","589,967 ","605,384 ","619,061 ","632,424 ","639,353 ","646,059 ","652,845 ","659,230 ","665,377 ","669,651 ","670,546 ","667,432 ","660,680 ","652,601 ","646,909 ","646,433 ","651,236 ","661,489 ","677,832 ","698,608 ","721,887 ","744,985 ","765,506 ","783,963 ","801,262 ","819,458 ","839,177 ","858,829 ","874,103 ","882,995 ","887,319 ","888,103 ","887,327 ","887,845 ","893,157 ","903,834 ","913,656 ","916,783 ","913,882 ","909,261 ","908,020 ","910,597 ","916,130 ","924,116 ","932,174 ","936,942 ","936,075 ","929,470 ","919,188 ","909,172 ","900,710 ","889,385 ","870,061 ","845,126 "
54,"79,461 ","83,316 ","87,369 ","91,390 ","95,190 ","98,612 ","101,489 ","103,865 ","105,951 ","107,962 ","109,983 ","112,083 ","114,236 ","116,268 ","118,100 ","119,717 ","121,181 ","122,663 ","124,321 ","126,350 ","128,912 ","132,118 ","135,973 ","140,320 ","145,090 ","150,127 ","155,266 ","160,400 ","165,508 ","170,529 ","175,511 ","181,425 ","187,438 ","193,434 ","199,746 ","205,211 ","210,115 ","214,904 ","219,803 ","224,976 ","230,765 ","237,296 ","244,479 ","252,359 ","260,875 ","269,615 ","277,933 ","286,564 ","296,239 ","305,165 ","312,985 ","320,702 ","328,197 ","335,312 ","341,925 ","350,590 ","363,681 ","379,999 ","399,918 ","420,466 ","438,452 ","455,779 ","474,214 ","493,880 ","513,578 ","532,412 ","550,314 ","567,969 ","585,224 ","600,626 ","613,920 ","620,210 ","627,086 ","634,231 ","640,974 ","648,557 ","655,100 ","659,232 ","660,125 ","657,320 ","650,933 ","642,995 ","638,040 ","637,590 ","642,210 ","652,659 ","668,567 ","689,078 ","712,075 ","734,763 ","755,027 ","772,961 ","790,952 ","808,927 ","828,152 ","847,802 ","862,896 ","871,893 ","876,164 ","877,304 ","876,477 ","876,981 ","882,601 ","893,456 ","903,482 ","906,996 ","904,149 ","900,315 ","899,301 ","901,676 ","907,261 ","915,359 ","923,588 ","928,467 ","927,656 ","921,271 ","911,109 ","901,362 ","892,996 ","881,769 ","862,804 "
55,"74,363 ","77,781 ","81,606 ","85,629 ","89,686 ","93,567 ","96,962 ","99,782 ","102,135 ","104,225 ","106,218 ","108,257 ","110,378 ","112,484 ","114,510 ","116,332 ","117,907 ","119,358 ","120,813 ","122,436 ","124,416 ","126,993 ","130,234 ","134,017 ","138,326 ","143,062 ","148,053 ","153,148 ","158,245 ","163,300 ","168,243 ","173,192 ","179,085 ","185,072 ","191,054 ","197,313 ","202,779 ","207,720 ","212,444 ","217,271 ","222,434 ","228,228 ","234,756 ","241,906 ","249,751 ","258,219 ","266,888 ","275,115 ","283,584 ","293,076 ","301,941 ","309,811 ","317,536 ","324,969 ","332,047 ","338,668 ","347,408 ","360,542 ","376,953 ","396,879 ","417,259 ","435,136 ","452,229 ","470,387 ","489,732 ","509,055 ","527,627 ","545,410 ","563,135 ","580,353 ","595,336 ","601,417 ","607,624 ","614,974 ","622,004 ","630,039 ","637,969 ","644,307 ","648,392 ","649,538 ","647,080 ","640,797 ","633,667 ","628,780 ","628,211 ","633,134 ","643,209 ","658,894 ","679,179 ","701,709 ","724,111 ","743,795 ","762,437 ","780,188 ","797,689 ","816,938 ","836,326 ","851,408 ","860,343 ","864,902 ","865,972 ","865,140 ","866,029 ","871,888 ","882,900 ","893,228 ","896,734 ","894,676 ","891,091 ","889,879 ","892,339 ","898,081 ","906,343 ","914,652 ","919,536 ","918,904 ","912,595 ","902,700 ","893,074 ","884,802 ","873,868 "
56,"69,833 ","72,700 ","76,092 ","79,884 ","83,937 ","88,066 ","91,905 ","95,230 ","98,019 ","100,372 ","102,441 ","104,451 ","106,510 ","108,579 ","110,677 ","112,692 ","114,466 ","116,027 ","117,450 ","118,869 ","120,452 ","122,454 ","125,073 ","128,255 ","132,006 ","136,283 ","140,968 ","145,916 ","150,971 ","156,010 ","160,986 ","165,892 ","170,830 ","176,693 ","182,653 ","188,584 ","194,833 ","200,327 ","205,189 ","209,836 ","214,655 ","219,830 ","225,623 ","232,128 ","239,243 ","247,031 ","255,427 ","263,994 ","272,063 ","280,370 ","289,788 ","298,679 ","306,547 ","314,198 ","321,585 ","328,666 ","335,369 ","344,168 ","357,391 ","373,807 ","393,567 ","413,830 ","431,466 ","448,295 ","466,154 ","485,129 ","504,178 ","522,632 ","540,480 ","558,158 ","574,918 ","582,530 ","588,490 ","595,214 ","602,392 ","610,794 ","619,151 ","626,823 ","633,080 ","637,370 ","638,833 ","636,393 ","630,941 ","623,902 ","618,941 ","618,791 ","623,407 ","633,324 ","648,869 ","668,675 ","690,926 ","712,679 ","733,067 ","751,435 ","768,712 ","786,284 ","805,248 ","824,514 ","839,506 ","848,636 ","853,083 ","854,112 ","853,697 ","854,896 ","860,943 ","872,225 ","882,469 ","886,708 ","884,876 ","881,094 ","880,010 ","882,679 ","888,601 ","896,948 ","905,226 ","910,239 ","909,613 ","903,534 ","893,774 ","884,272 ","876,275 "
57,"65,847 ","68,179 ","71,026 ","74,387 ","78,208 ","82,329 ","86,404 ","90,160 ","93,442 ","96,223 ","98,549 ","100,632 ","102,661 ","104,664 ","106,725 ","108,811 ","110,771 ","112,529 ","114,057 ","115,443 ","116,822 ","118,429 ","120,490 ","123,058 ","126,212 ","129,939 ","134,167 ","138,812 ","143,721 ","148,714 ","153,665 ","158,595 ","163,492 ","168,407 ","174,237 ","180,144 ","186,063 ","192,324 ","197,726 ","202,504 ","207,145 ","211,977 ","217,156 ","222,927 ","229,392 ","236,459 ","244,169 ","252,459 ","260,870 ","268,780 ","277,022 ","286,446 ","295,314 ","303,100 ","310,698 ","318,076 ","325,216 ","331,997 ","340,892 ","354,116 ","370,399 ","390,050 ","410,051 ","427,418 ","443,963 ","461,467 ","480,168 ","499,099 ","517,602 ","535,390 ","552,588 ","561,823 ","569,245 ","575,767 ","582,265 ","590,905 ","599,593 ","607,665 ","615,228 ","621,655 ","626,235 ","627,632 ","626,005 ","620,595 ","613,503 ","609,077 ","608,689 ","613,214 ","623,107 ","638,195 ","657,761 ","679,334 ","701,775 ","721,836 ","739,710 ","757,084 ","774,369 ","793,166 ","812,337 ","827,394 ","836,345 ","840,683 ","842,129 ","842,049 ","843,473 ","849,839 ","861,021 ","871,920 ","876,306 ","874,224 ","870,609 ","869,804 ","872,678 ","878,715 ","887,030 ","895,400 ","900,344 ","899,879 ","893,914 ","884,304 ","875,091 "
58,"62,323 ","64,191 ","66,512 ","69,334 ","72,728 ","76,617 ","80,675 ","84,657 ","88,359 ","91,622 ","94,366 ","96,699 ","98,797 ","100,764 ","102,761 ","104,811 ","106,837 ","108,777 ","110,497 ","111,983 ","113,327 ","114,742 ","116,415 ","118,430 ","120,977 ","124,120 ","127,793 ","131,987 ","136,594 ","141,433 ","146,334 ","151,242 ","156,163 ","161,027 ","165,918 ","171,686 ","177,582 ","183,510 ","189,655 ","194,959 ","199,732 ","204,386 ","209,222 ","214,378 ","220,121 ","226,536 ","233,514 ","241,126 ","249,256 ","257,505 ","265,353 ","273,610 ","282,990 ","291,750 ","299,474 ","307,055 ","314,481 ","321,685 ","328,551 ","337,467 ","350,587 ","366,796 ","386,185 ","405,891 ","422,971 ","439,171 ","456,411 ","475,001 ","493,974 ","512,395 ","529,686 ","539,249 ","548,211 ","556,189 ","562,425 ","570,502 ","579,391 ","587,754 ","595,712 ","603,419 ","610,121 ","614,551 ","616,732 ","615,064 ","609,564 ","603,096 ","598,495 ","598,083 ","602,706 ","612,185 ","627,120 ","646,015 ","668,291 ","690,348 ","709,881 ","727,855 ","744,918 ","762,007 ","780,767 ","799,885 ","814,673 ","823,427 ","828,146 ","829,912 ","830,054 ","831,848 ","838,182 ","849,995 ","860,946 ","864,972 ","863,045 ","859,774 ","859,212 ","862,244 ","868,273 ","876,678 ","884,919 ","889,951 ","889,545 ","883,713 ","874,404 "
59,"59,179 ","60,657 ","62,522 ","64,824 ","67,687 ","71,153 ","74,974 ","78,936 ","82,855 ","86,527 ","89,740 ","92,479 ","94,820 ","96,850 ","98,811 ","100,797 ","102,783 ","104,789 ","106,685 ","108,356 ","109,800 ","111,178 ","112,666 ","114,301 ","116,302 ","118,848 ","121,937 ","125,585 ","129,748 ","134,283 ","139,031 ","143,880 ","148,772 ","153,655 ","158,486 ","163,325 ","169,079 ","174,972 ","180,787 ","186,814 ","192,100 ","196,880 ","201,536 ","206,353 ","211,483 ","217,173 ","223,507 ","230,387 ","237,849 ","245,817 ","253,994 ","261,852 ","270,064 ","279,320 ","288,006 ","295,695 ","303,314 ","310,786 ","318,043 ","324,932 ","333,798 ","346,875 ","362,851 ","381,953 ","401,339 ","418,067 ","434,015 ","451,158 ","469,786 ","488,652 ","506,556 ","516,111 ","525,342 ","534,859 ","542,451 ","550,360 ","558,668 ","567,204 ","575,443 ","583,534 ","591,518 ","597,997 ","603,186 ","605,229 ","603,389 ","598,543 ","591,928 ","587,373 ","587,181 ","591,429 ","600,876 ","615,187 ","634,847 ","656,710 ","678,191 ","697,809 ","715,436 ","732,249 ","749,382 ","768,039 ","786,810 ","801,278 ","810,356 ","815,354 ","817,289 ","817,809 ","819,641 ","826,669 ","838,498 ","848,963 ","853,075 ","851,508 ","848,507 ","848,159 ","851,218 ","857,364 ","865,614 ","873,885 ","878,918 ","878,603 ","873,033 "
60,"56,300 ","57,495 ","58,978 ","60,830 ","63,182 ","66,125 ","69,524 ","73,248 ","77,142 ","81,023 ","84,631 ","87,827 ","90,562 ","92,823 ","94,845 ","96,796 ","98,715 ","100,682 ","102,640 ","104,480 ","106,103 ","107,580 ","109,038 ","110,482 ","112,115 ","114,127 ","116,622 ","119,694 ","123,317 ","127,405 ","131,851 ","136,545 ","141,378 ","146,225 ","151,060 ","155,839 ","160,672 ","166,422 ","172,185 ","177,882 ","183,880 ","189,166 ","193,937 ","198,567 ","203,358 ","208,436 ","214,042 ","220,277 ","227,022 ","234,332 ","242,228 ","250,398 ","258,205 ","266,293 ","275,461 ","284,084 ","291,800 ","299,452 ","306,949 ","314,207 ","321,070 ","329,949 ","342,829 ","358,547 ","377,328 ","396,332 ","412,792 ","428,658 ","445,849 ","464,357 ","482,686 ","492,760 ","501,928 ","511,732 ","520,757 ","530,083 ","538,190 ","546,128 ","554,535 ","562,899 ","571,276 ","578,977 ","586,204 ","591,169 ","592,945 ","591,742 ","586,713 ","580,176 ","575,972 ","575,445 ","579,782 ","588,677 ","603,861 ","623,123 ","644,405 ","665,941 ","685,149 ","702,454 ","719,367 ","736,362 ","754,670 ","773,022 ","787,717 ","797,002 ","802,090 ","804,366 ","804,957 ","807,544 ","814,639 ","825,927 ","836,387 ","840,805 ","839,484 ","836,746 ","836,472 ","839,688 ","845,684 ","853,943 ","862,179 ","867,249 ","867,127 "
61,"53,552 ","54,593 ","55,798 ","57,275 ","59,185 ","61,626 ","64,507 ","67,814 ","71,469 ","75,320 ","79,128 ","82,704 ","85,880 ","88,522 ","90,768 ","92,778 ","94,659 ","96,561 ","98,477 ","100,373 ","102,160 ","103,816 ","105,369 ","106,788 ","108,235 ","109,880 ","111,847 ","114,335 ","117,392 ","120,946 ","124,947 ","129,333 ","134,011 ","138,790 ","143,582 ","148,358 ","153,125 ","157,959 ","163,574 ","169,218 ","174,878 ","180,859 ","186,120 ","190,861 ","195,466 ","200,201 ","205,191 ","210,704 ","216,813 ","223,413 ","230,655 ","238,547 ","246,647 ","254,320 ","262,329 ","271,416 ","280,040 ","287,775 ","295,424 ","302,897 ","310,131 ","317,042 ","325,772 ","338,423 ","353,861 ","372,259 ","390,954 ","407,321 ","423,235 ","440,305 ","458,275 ","468,686 ","478,319 ","488,080 ","497,309 ","508,120 ","517,575 ","525,287 ","533,103 ","541,626 ","550,287 ","558,342 ","566,779 ","573,703 ","578,318 ","580,712 ","579,245 ","574,253 ","568,166 ","563,658 ","563,346 ","567,210 ","577,114 ","591,967 ","610,682 ","632,018 ","653,077 ","671,872 ","689,314 ","706,034 ","722,689 ","740,546 ","759,052 ","773,849 ","783,116 ","788,481 ","790,803 ","792,178 ","794,882 ","801,471 ","812,740 ","823,434 ","828,000 ","826,930 ","824,311 ","824,243 ","827,328 ","833,341 ","841,570 ","849,812 ","854,997 "
62,"50,823 ","51,820 ","52,873 ","54,076 ","55,619 ","57,628 ","60,013 ","62,809 ","66,052 ","69,665 ","73,437 ","77,201 ","80,743 ","83,808 ","86,423 ","88,652 ","90,586 ","92,450 ","94,299 ","96,150 ","97,990 ","99,808 ","101,540 ","103,048 ","104,470 ","105,938 ","107,536 ","109,502 ","111,989 ","114,981 ","118,450 ","122,391 ","126,764 ","131,382 ","136,103 ","140,830 ","145,591 ","150,349 ","155,057 ","160,540 ","166,147 ","171,791 ","177,726 ","182,944 ","187,650 ","192,191 ","196,833 ","201,735 ","207,135 ","213,107 ","219,643 ","226,882 ","234,685 ","242,645 ","250,234 ","258,166 ","267,234 ","275,851 ","283,556 ","291,155 ","298,609 ","305,894 ","312,685 ","321,236 ","333,644 ","348,730 ","366,811 ","385,377 ","401,780 ","417,565 ","434,112 ","444,112 ","454,016 ","464,239 ","473,367 ","484,445 ","495,297 ","504,300 ","511,897 ","519,829 ","528,666 ","536,959 ","545,759 ","553,835 ","560,341 ","565,546 ","567,593 ","566,075 ","561,561 ","555,156 ","550,998 ","550,287 ","555,316 ","564,975 ","579,358 ","598,179 ","619,004 ","639,544 ","658,497 ","675,664 ","692,029 ","708,225 ","726,233 ","744,756 ","759,394 ","768,838 ","774,203 ","777,281 ","778,782 ","781,009 ","787,661 ","799,172 ","809,897 ","814,629 ","813,662 ","811,291 ","811,120 ","814,247 ","820,266 ","828,513 ","836,815 "
63,"48,056 ","49,067 ","50,074 ","51,127 ","52,404 ","54,054 ","56,011 ","58,320 ","61,061 ","64,267 ","67,801 ","71,523 ","75,239 ","78,653 ","81,678 ","84,265 ","86,409 ","88,324 ","90,133 ","91,914 ","93,712 ","95,580 ","97,470 ","99,148 ","100,666 ","102,104 ","103,520 ","105,127 ","107,102 ","109,526 ","112,438 ","115,855 ","119,790 ","124,100 ","128,651 ","133,298 ","138,002 ","142,745 ","147,370 ","151,954 ","157,403 ","162,983 ","168,576 ","174,453 ","179,615 ","184,248 ","188,694 ","193,245 ","198,045 ","203,321 ","209,236 ","215,776 ","222,921 ","230,576 ","238,431 ","245,939 ","253,858 ","262,894 ","271,440 ","279,078 ","286,660 ","294,171 ","301,331 ","307,970 ","316,325 ","328,417 ","343,225 ","361,176 ","379,727 ","395,964 ","411,250 ","419,797 ","429,247 ","439,749 ","449,255 ","460,298 ","471,367 ","481,696 ","490,543 ","498,255 ","506,533 ","514,960 ","523,999 ","532,387 ","539,994 ","547,079 ","551,858 ","553,759 ","552,703 ","547,779 ","541,819 ","537,332 ","537,955 ","542,825 ","552,123 ","566,704 ","585,033 ","605,274 ","625,970 ","644,546 ","661,332 ","677,198 ","693,570 ","711,579 ","729,817 ","744,504 ","753,868 ","759,925 ","763,091 ","764,100 ","766,473 ","773,468 ","784,980 ","795,762 ","800,504 ","799,764 ","797,305 ","797,217 ","800,409 ","806,495 ","814,791 "
64,"45,225 ","46,282 ","47,299 ","48,305 ","49,434 ","50,824 ","52,427 ","54,316 ","56,580 ","59,293 ","62,425 ","65,907 ","69,573 ","73,149 ","76,509 ","79,491 ","81,978 ","84,096 ","85,952 ","87,690 ","89,415 ","91,242 ","93,185 ","95,016 ","96,698 ","98,226 ","99,605 ","101,037 ","102,661 ","104,580 ","106,929 ","109,800 ","113,217 ","117,087 ","121,326 ","125,798 ","130,415 ","135,095 ","139,695 ","144,192 ","148,756 ","154,173 ","159,697 ","165,226 ","171,026 ","176,095 ","180,617 ","184,969 ","189,425 ","194,113 ","199,340 ","205,259 ","211,706 ","218,695 ","226,247 ","234,006 ","241,489 ","249,382 ","258,315 ","266,756 ","274,378 ","282,024 ","289,401 ","296,399 ","302,873 ","310,971 ","322,817 ","337,536 ","355,460 ","373,786 ","389,520 ","396,764 ","404,765 ","414,835 ","424,535 ","436,003 ","446,979 ","457,487 ","467,616 ","476,535 ","484,606 ","492,454 ","501,634 ","510,219 ","518,102 ","526,287 ","532,885 ","537,430 ","539,763 ","538,149 ","533,689 ","527,426 ","524,451 ","525,010 ","529,623 ","539,249 ","553,397 ","571,128 ","591,561 ","611,767 ","629,908 ","646,140 ","662,175 ","678,559 ","696,242 ","714,404 ","728,897 ","738,860 ","744,929 ","747,536 ","748,733 ","751,558 ","758,616 ","770,165 ","780,837 ","785,707 ","784,829 ","782,478 ","782,527 ","785,851 ","792,017 "
65,"42,319 ","43,438 ","44,497 ","45,509 ","46,591 ","47,837 ","49,182 ","50,724 ","52,577 ","54,823 ","57,470 ","60,554 ","63,979 ","67,498 ","71,009 ","74,311 ","77,175 ","79,625 ","81,674 ","83,453 ","85,135 ","86,895 ","88,794 ","90,670 ","92,502 ","94,192 ","95,653 ","97,046 ","98,499 ","100,066 ","101,921 ","104,237 ","107,112 ","110,470 ","114,269 ","118,431 ","122,869 ","127,454 ","131,982 ","136,445 ","140,917 ","145,461 ","150,816 ","156,262 ","161,712 ","167,392 ","172,334 ","176,755 ","181,016 ","185,362 ","190,009 ","195,250 ","201,075 ","207,364 ","214,259 ","221,699 ","229,411 ","236,864 ","244,646 ","253,445 ","261,854 ","269,544 ","277,056 ","284,266 ","291,085 ","297,324 ","305,237 ","317,040 ","331,765 ","349,444 ","367,235 ","374,849 ","381,545 ","390,218 ","399,444 ","411,146 ","422,473 ","432,857 ","443,152 ","453,293 ","462,550 ","470,160 ","478,779 ","487,460 ","495,508 ","503,982 ","511,630 ","517,920 ","522,874 ","524,502 ","523,309 ","518,492 ","513,885 ","510,934 ","511,349 ","516,420 ","525,707 ","539,290 ","557,296 ","577,172 ","596,870 ","614,379 ","630,754 ","646,781 ","662,824 ","680,396 ","698,267 ","713,222 ","723,093 ","728,501 ","731,280 ","732,990 ","735,947 ","743,119 ","754,528 ","765,203 ","769,798 ","768,991 ","766,840 ","767,102 ","770,549 "
66,"39,356 ","40,528 ","41,643 ","42,691 ","43,777 ","44,976 ","46,177 ","47,466 ","48,980 ","50,824 ","53,014 ","55,621 ","58,650 ","61,927 ","65,375 ","68,816 ","71,985 ","74,798 ","77,163 ","79,125 ","80,846 ","82,559 ","84,395 ","86,228 ","88,107 ","89,935 ","91,544 ","93,017 ","94,433 ","95,827 ","97,332 ","99,161 ","101,492 ","104,317 ","107,604 ","111,334 ","115,456 ","119,855 ","124,275 ","128,658 ","133,097 ","137,542 ","142,032 ","147,303 ","152,663 ","157,990 ","163,514 ","168,334 ","172,663 ","176,819 ","181,132 ","185,797 ","190,945 ","196,612 ","202,802 ","209,587 ","216,977 ","224,632 ","231,963 ","239,609 ","248,366 ","256,837 ","264,390 ","271,723 ","278,745 ","285,319 ","291,395 ","299,339 ","311,183 ","325,689 ","342,844 ","352,440 ","359,441 ","366,870 ","374,687 ","385,950 ","397,454 ","408,143 ","418,300 ","428,587 ","439,018 ","447,740 ","456,140 ","464,231 ","472,345 ","480,993 ","488,904 ","496,188 ","502,882 ","506,986 ","508,991 ","507,329 ","504,221 ","499,690 ","496,693 ","497,708 ","502,536 ","511,321 ","525,314 ","542,750 ","562,092 ","581,065 ","598,657 ","614,989 ","630,627 ","646,552 ","663,825 ","682,029 ","696,750 ","705,830 ","711,358 ","714,652 ","716,508 ","719,665 ","726,779 ","738,153 ","748,398 ","752,930 ","752,315 ","750,449 ","750,895 "
67,"36,380 ","37,572 ","38,734 ","39,830 ","40,947 ","42,148 ","43,298 ","44,446 ","45,713 ","47,226 ","49,023 ","51,180 ","53,741 ","56,627 ","59,832 ","63,205 ","66,501 ","69,603 ","72,313 ","74,576 ","76,474 ","78,225 ","80,015 ","81,780 ","83,611 ","85,481 ","87,224 ","88,835 ","90,328 ","91,681 ","93,014 ","94,500 ","96,351 ","98,642 ","101,399 ","104,622 ","108,311 ","112,392 ","116,622 ","120,897 ","125,249 ","129,650 ","134,033 ","138,453 ","143,628 ","148,851 ","154,020 ","159,401 ","164,119 ","168,335 ","172,457 ","176,788 ","181,357 ","186,350 ","191,925 ","198,012 ","204,738 ","212,061 ","219,567 ","226,747 ","234,378 ","243,189 ","251,502 ","258,871 ","266,004 ","272,768 ","279,159 ","285,309 ","293,358 ","305,008 ","319,056 ","328,047 ","336,902 ","344,622 ","351,194 ","361,123 ","372,137 ","382,970 ","393,401 ","403,527 ","414,095 ","423,913 ","433,387 ","441,230 ","448,736 ","457,468 ","465,526 ","473,035 ","480,724 ","486,451 ","490,894 ","492,308 ","492,351 ","489,277 ","484,763 ","482,495 ","483,368 ","487,759 ","497,129 ","510,587 ","527,515 ","546,089 ","565,074 ","582,555 ","598,437 ","613,914 ","629,554 ","647,122 ","664,974 ","678,731 ","687,853 ","693,854 ","697,253 ","699,333 ","702,518 ","709,678 ","720,560 ","730,584 ","735,205 ","734,869 ","733,243 "
68,"33,444 ","34,611 ","35,787 ","36,923 ","38,084 ","39,310 ","40,456 ","41,552 ","42,680 ","43,953 ","45,427 ","47,199 ","49,318 ","51,745 ","54,566 ","57,696 ","60,917 ","64,136 ","67,117 ","69,708 ","71,889 ","73,811 ","75,637 ","77,356 ","79,117 ","80,945 ","82,714 ","84,452 ","86,081 ","87,500 ","88,786 ","90,102 ","91,618 ","93,436 ","95,664 ","98,364 ","101,555 ","105,204 ","109,115 ","113,190 ","117,431 ","121,741 ","126,070 ","130,370 ","134,702 ","139,736 ","144,787 ","149,813 ","155,071 ","159,663 ","163,842 ","167,981 ","172,212 ","176,633 ","181,540 ","187,007 ","193,038 ","199,699 ","206,852 ","214,184 ","221,355 ","229,060 ","237,705 ","245,803 ","252,962 ","259,821 ","266,392 ","272,857 ","279,142 ","287,050 ","298,308 ","304,303 ","312,532 ","322,009 ","328,805 ","337,561 ","347,233 ","357,559 ","368,108 ","378,466 ","388,870 ","398,774 ","409,294 ","418,129 ","425,375 ","433,526 ","441,642 ","449,266 ","457,204 ","463,828 ","469,864 ","473,609 ","476,700 ","476,691 ","473,599 ","469,908 ","467,585 ","468,091 ","473,241 ","482,146 ","495,179 ","511,354 ","529,915 ","548,706 ","565,642 ","581,305 ","596,485 ","612,406 ","629,589 ","646,343 ","660,012 ","669,533 ","675,554 ","679,133 ","681,269 ","684,584 ","691,315 ","701,926 ","711,906 ","716,703 ","716,577 "
69,"30,581 ","31,700 ","32,847 ","33,991 ","35,185 ","36,447 ","37,611 ","38,701 ","39,777 ","40,913 ","42,151 ","43,608 ","45,351 ","47,346 ","49,717 ","52,469 ","55,448 ","58,587 ","61,672 ","64,517 ","67,012 ","69,200 ","71,184 ","72,934 ","74,656 ","76,408 ","78,124 ","79,894 ","81,636 ","83,179 ","84,525 ","85,791 ","87,137 ","88,627 ","90,388 ","92,569 ","95,247 ","98,400 ","101,878 ","105,640 ","109,681 ","113,871 ","118,100 ","122,338 ","126,546 ","130,744 ","135,591 ","140,499 ","145,402 ","150,513 ","155,052 ","159,239 ","163,271 ","167,353 ","171,689 ","176,491 ","181,904 ","187,871 ","194,354 ","201,319 ","208,632 ","215,891 ","223,452 ","231,862 ","239,723 ","246,597 ","253,249 ","259,891 ","266,473 ","272,639 ","280,246 ","283,521 ","288,854 ","297,714 ","306,128 ","315,101 ","323,593 ","332,596 ","342,646 ","353,078 ","363,683 ","373,391 ","383,965 ","393,767 ","401,948 ","409,847 ","417,384 ","425,039 ","433,101 ","439,908 ","446,832 ","452,089 ","457,481 ","460,414 ","460,297 ","458,027 ","454,322 ","451,687 ","453,141 ","457,897 ","466,496 ","478,839 ","495,041 ","513,369 ","531,509 ","548,143 ","563,469 ","578,882 ","594,419 ","610,468 ","627,038 ","640,973 ","650,396 ","656,519 ","660,108 ","662,396 ","665,350 ","671,887 ","682,433 ","692,457 ","697,329 "
70,"27,791 ","28,870 ","29,965 ","31,076 ","32,272 ","33,558 ","34,751 ","35,856 ","36,922 ","38,004 ","39,108 ","40,334 ","41,769 ","43,397 ","45,347 ","47,660 ","50,267 ","53,165 ","56,165 ","59,101 ","61,836 ","64,317 ","66,560 ","68,455 ","70,199 ","71,905 ","73,546 ","75,255 ","77,024 ","78,669 ","80,132 ","81,447 ","82,749 ","84,066 ","85,504 ","87,231 ","89,399 ","92,043 ","95,033 ","98,368 ","102,095 ","106,079 ","110,179 ","114,311 ","118,444 ","122,508 ","126,533 ","131,232 ","136,013 ","140,775 ","145,809 ","150,340 ","154,403 ","158,274 ","162,271 ","166,508 ","171,255 ","176,609 ","182,391 ","188,686 ","195,637 ","203,037 ","210,153 ","217,496 ","225,645 ","233,190 ","239,843 ","246,569 ","253,314 ","259,753 ","265,664 ","265,349 ","268,061 ","274,147 ","281,940 ","292,425 ","301,061 ","308,912 ","317,676 ","327,591 ","338,242 ","348,105 ","358,455 ","368,273 ","377,342 ","386,136 ","393,412 ","400,481 ","408,590 ","415,455 ","422,576 ","428,659 ","435,536 ","440,687 ","443,399 ","444,047 ","441,706 ","437,698 ","436,189 ","437,325 ","441,893 ","449,914 ","462,371 ","478,368 ","495,996 ","513,724 ","529,957 ","545,447 ","560,448 ","574,845 ","590,712 ","607,437 ","621,111 ","630,516 ","636,569 ","640,255 ","642,180 ","645,026 ","651,620 ","662,186 ","672,126 "
71,"25,078 ","26,122 ","27,174 ","28,230 ","29,387 ","30,666 ","31,876 ","33,005 ","34,081 ","35,150 ","36,199 ","37,292 ","38,501 ","39,829 ","41,422 ","43,325 ","45,506 ","48,039 ","50,798 ","53,645 ","56,461 ","59,165 ","61,677 ","63,815 ","65,694 ","67,423 ","69,007 ","70,640 ","72,347 ","74,010 ","75,566 ","76,987 ","78,331 ","79,598 ","80,867 ","82,277 ","83,996 ","86,137 ","88,631 ","91,489 ","94,794 ","98,462 ","102,353 ","106,345 ","110,357 ","114,339 ","118,223 ","122,113 ","126,685 ","131,320 ","136,010 ","141,006 ","145,388 ","149,280 ","153,065 ","156,957 ","161,142 ","165,838 ","170,999 ","176,596 ","182,886 ","189,928 ","197,176 ","204,077 ","211,167 ","218,977 ","226,274 ","232,998 ","239,821 ","246,391 ","252,579 ","250,508 ","249,807 ","253,408 ","258,532 ","268,375 ","278,400 ","286,363 ","293,997 ","302,655 ","312,771 ","322,636 ","333,099 ","342,659 ","351,716 ","361,346 ","369,458 ","376,241 ","383,804 ","390,653 ","397,847 ","404,100 ","411,777 ","418,345 ","423,184 ","426,576 ","427,044 ","424,302 ","421,553 ","419,792 ","420,858 ","424,958 ","433,226 ","445,562 ","460,877 ","478,042 ","495,286 ","511,584 ","526,607 ","540,437 ","554,687 ","570,702 ","587,033 ","600,516 ","609,722 ","615,782 ","619,024 ","620,854 ","623,884 ","630,625 ","641,064 "
72,"22,464 ","23,461 ","24,473 ","25,483 ","26,580 ","27,813 ","29,011 ","30,151 ","31,246 ","32,321 ","33,353 ","34,388 ","35,465 ","36,574 ","37,875 ","39,431 ","41,215 ","43,333 ","45,736 ","48,344 ","51,065 ","53,832 ","56,547 ","58,943 ","61,048 ","62,900 ","64,496 ","66,071 ","67,700 ","69,300 ","70,861 ","72,368 ","73,810 ","75,111 ","76,323 ","77,562 ","78,971 ","80,674 ","82,679 ","85,049 ","87,889 ","91,144 ","94,718 ","98,491 ","102,358 ","106,205 ","109,992 ","113,739 ","117,526 ","121,950 ","126,506 ","131,154 ","135,974 ","140,153 ","143,949 ","147,623 ","151,461 ","155,597 ","160,099 ","165,074 ","170,687 ","177,088 ","183,979 ","190,992 ","197,642 ","204,413 ","211,951 ","219,297 ","226,109 ","232,726 ","239,044 ","237,114 ","234,746 ","235,138 ","237,892 ","245,163 ","254,512 ","263,764 ","271,481 ","279,024 ","287,912 ","297,226 ","307,644 ","317,271 ","326,046 ","335,636 ","344,524 ","352,080 ","359,374 ","365,649 ","372,834 ","379,132 ","386,979 ","394,296 ","400,484 ","405,919 ","409,008 ","408,921 ","407,470 ","404,478 ","402,754 ","403,459 ","407,950 ","416,217 ","427,949 ","442,829 ","459,480 ","476,667 ","492,416 ","506,220 ","519,900 ","534,324 ","549,914 ","565,913 ","579,026 ","588,095 ","593,596 ","596,679 ","598,747 ","602,048 ","608,776 "
73,"19,962 ","20,909 ","21,871 ","22,836 ","23,881 ","25,047 ","26,196 ","27,320 ","28,421 ","29,507 ","30,539 ","31,554 ","32,572 ","33,552 ","34,640 ","35,913 ","37,361 ","39,094 ","41,095 ","43,357 ","45,843 ","48,510 ","51,275 ","53,850 ","56,194 ","58,251 ","59,964 ","61,541 ","63,112 ","64,626 ","66,117 ","67,624 ","69,141 ","70,530 ","71,766 ","72,950 ","74,192 ","75,588 ","77,166 ","79,062 ","81,426 ","84,223 ","87,384 ","90,836 ","94,483 ","98,178 ","101,822 ","105,462 ","109,102 ","112,766 ","117,107 ","121,612 ","126,079 ","130,668 ","134,726 ","138,398 ","142,006 ","145,793 ","149,735 ","154,059 ","159,066 ","164,809 ","171,072 ","177,722 ","184,464 ","190,793 ","197,313 ","204,888 ","212,288 ","218,868 ","225,232 ","223,329 ","221,089 ","219,938 ","219,655 ","224,658 ","231,512 ","240,097 ","249,011 ","256,592 ","264,389 ","272,488 ","282,336 ","291,873 ","300,679 ","309,968 ","318,791 ","327,056 ","335,080 ","341,050 ","347,699 ","353,962 ","361,837 ","369,305 ","376,186 ","382,910 ","387,934 ","390,301 ","391,459 ","389,679 ","386,775 ","384,789 ","386,031 ","390,650 ","398,430 ","409,810 ","424,217 ","440,745 ","457,288 ","471,740 ","485,374 ","499,208 ","513,222 ","528,442 ","543,928 ","556,723 ","565,071 ","570,301 ","573,590 ","575,982 ","579,388 "
74,"17,592 ","18,478 ","19,386 ","20,298 ","21,292 ","22,398 ","23,477 ","24,552 ","25,632 ","26,718 ","27,755 ","28,764 ","29,756 ","30,676 ","31,638 ","32,704 ","33,880 ","35,289 ","36,919 ","38,792 ","40,944 ","43,376 ","46,026 ","48,644 ","51,148 ","53,423 ","55,323 ","57,000 ","58,570 ","60,018 ","61,421 ","62,855 ","64,365 ","65,820 ","67,133 ","68,337 ","69,514 ","70,746 ","72,024 ","73,507 ","75,413 ","77,746 ","80,454 ","83,506 ","86,828 ","90,293 ","93,773 ","97,270 ","100,799 ","104,311 ","107,909 ","112,196 ","116,514 ","120,748 ","125,177 ","129,084 ","132,675 ","136,226 ","139,814 ","143,581 ","147,960 ","153,115 ","158,733 ","164,762 ","171,139 ","177,545 ","183,621 ","190,206 ","197,810 ","204,931 ","211,258 ","209,340 ","207,107 ","206,098 ","204,377 ","206,512 ","211,181 ","217,391 ","225,641 ","234,301 ","242,083 ","249,129 ","257,759 ","266,718 ","275,413 ","284,685 ","293,189 ","301,362 ","310,042 ","316,667 ","323,023 ","328,760 ","336,574 ","344,050 ","351,045 ","358,420 ","364,648 ","368,815 ","372,350 ","373,029 ","371,281 ","368,152 ","366,844 ","368,340 ","372,594 ","380,149 ","391,161 ","405,452 ","421,306 ","436,463 ","450,687 ","464,430 ","477,833 ","491,480 ","506,163 ","521,173 ","533,042 ","540,967 ","546,324 ","549,895 ","552,432 "
75,"15,381 ","16,187 ","17,032 ","17,889 ","18,823 ","19,868 ","20,885 ","21,890 ","22,917 ","23,976 ","25,008 ","26,016 ","26,997 ","27,889 ","28,790 ","29,732 ","30,708 ","31,855 ","33,173 ","34,690 ","36,471 ","38,572 ","40,987 ","43,488 ","46,018 ","48,434 ","50,528 ","52,377 ","54,030 ","55,471 ","56,807 ","58,152 ","59,587 ","61,026 ","62,393 ","63,660 ","64,853 ","66,017 ","67,133 ","68,326 ","69,836 ","71,723 ","73,974 ","76,582 ","79,506 ","82,647 ","85,897 ","89,219 ","92,602 ","96,000 ","99,443 ","103,009 ","107,101 ","111,169 ","115,243 ","119,488 ","123,286 ","126,802 ","130,152 ","133,561 ","137,398 ","141,944 ","146,992 ","152,388 ","158,147 ","164,190 ","170,319 ","176,477 ","183,109 ","190,394 ","197,237 ","195,245 ","192,999 ","192,016 ","190,421 ","191,213 ","193,165 ","197,305 ","203,298 ","211,280 ","220,026 ","227,015 ","234,607 ","242,380 ","250,498 ","259,610 ","268,062 ","275,905 ","284,470 ","291,674 ","298,640 ","304,091 ","311,368 ","318,762 ","325,744 ","333,199 ","340,012 ","345,278 ","350,540 ","353,440 ","354,022 ","351,981 ","349,607 ","348,674 ","349,925 ","354,084 ","361,419 ","372,395 ","386,052 ","400,494 ","415,355 ","429,606 ","442,864 ","455,865 ","468,989 ","483,164 ","497,085 ","508,327 ","516,262 ","521,809 ","525,473 "
76,"13,345 ","14,062 ","14,827 ","15,618 ","16,491 ","17,467 ","18,422 ","19,364 ","20,321 ","21,322 ","22,323 ","23,319 ","24,293 ","25,171 ","26,039 ","26,919 ","27,775 ","28,730 ","29,796 ","31,016 ","32,453 ","34,194 ","36,283 ","38,553 ","40,956 ","43,386 ","45,604 ","47,628 ","49,437 ","50,950 ","52,267 ","53,541 ","54,884 ","56,241 ","57,588 ","58,896 ","60,145 ","61,314 ","62,363 ","63,400 ","64,628 ","66,135 ","67,954 ","70,113 ","72,600 ","75,346 ","78,275 ","81,370 ","84,578 ","87,824 ","91,148 ","94,549 ","97,935 ","101,775 ","105,671 ","109,556 ","113,657 ","117,352 ","120,649 ","123,815 ","127,307 ","131,336 ","135,791 ","140,626 ","145,758 ","151,193 ","156,959 ","163,163 ","169,366 ","175,683 ","182,677 ","181,184 ","178,870 ","177,886 ","176,316 ","177,218 ","177,893 ","179,488 ","183,526 ","189,360 ","197,405 ","205,264 ","212,741 ","219,502 ","226,476 ","234,993 ","243,263 ","251,015 ","259,232 ","266,298 ","273,793 ","279,798 ","286,759 ","293,626 ","300,499 ","307,912 ","314,771 ","320,540 ","326,838 ","331,332 ","334,008 ","334,149 ","332,827 ","330,884 ","329,817 ","331,102 ","335,196 ","342,612 ","353,060 ","365,378 ","379,506 ","394,289 ","407,978 ","420,769 ","433,226 ","445,843 ","458,908 ","472,044 ","483,113 ","491,100 ","496,639 "
77,"11,482 ","12,117 ","12,793 ","13,504 ","14,306 ","15,211 ","16,098 ","16,978 ","17,870 ","18,797 ","19,737 ","20,697 ","21,653 ","22,521 ","23,370 ","24,214 ","25,009 ","25,847 ","26,729 ","27,709 ","28,864 ","30,275 ","32,008 ","33,961 ","36,136 ","38,437 ","40,656 ","42,784 ","44,743 ","46,391 ","47,771 ","49,023 ","50,289 ","51,552 ","52,816 ","54,095 ","55,377 ","56,588 ","57,634 ","58,606 ","59,685 ","60,920 ","62,368 ","64,106 ","66,160 ","68,476 ","71,022 ","73,801 ","76,776 ","79,847 ","83,014 ","86,283 ","89,504 ","92,655 ","96,314 ","100,015 ","103,751 ","107,713 ","111,163 ","114,259 ","117,518 ","121,213 ","125,165 ","129,419 ","134,000 ","138,823 ","143,994 ","149,842 ","156,063 ","161,943 ","167,995 ","166,719 ","164,868 ","163,823 ","162,260 ","163,162 ","163,909 ","164,332 ","165,991 ","169,975 ","175,953 ","183,128 ","191,335 ","197,964 ","203,974 ","211,343 ","219,029 ","226,584 ","234,668 ","241,380 ","248,722 ","255,202 ","262,619 ","269,169 ","275,512 ","282,782 ","289,562 ","295,332 ","302,082 ","307,520 ","311,664 ","313,763 ","314,504 ","313,553 ","311,523 ","310,612 ","311,977 ","316,273 ","323,317 ","332,556 ","344,638 ","358,645 ","372,774 ","385,898 ","398,094 ","410,008 ","421,530 ","433,789 ","446,613 ","457,544 ","465,376 "
78,"9,796 ","10,348 ","10,942 ","11,568 ","12,285 ","13,110 ","13,926 ","14,739 ","15,567 ","16,426 ","17,292 ","18,188 ","19,102 ","19,950 ","20,784 ","21,604 ","22,362 ","23,137 ","23,907 ","24,712 ","25,637 ","26,777 ","28,191 ","29,805 ","31,671 ","33,740 ","35,830 ","37,944 ","39,988 ","41,774 ","43,269 ","44,566 ","45,803 ","46,991 ","48,153 ","49,350 ","50,596 ","51,830 ","52,913 ","53,877 ","54,893 ","55,973 ","57,160 ","58,538 ","60,188 ","62,087 ","64,213 ","66,617 ","69,287 ","72,121 ","75,108 ","78,214 ","81,294 ","84,275 ","87,269 ","90,720 ","94,257 ","97,856 ","101,534 ","104,759 ","107,948 ","111,411 ","115,039 ","118,804 ","122,815 ","127,102 ","131,676 ","136,947 ","142,802 ","148,675 ","154,294 ","152,237 ","150,588 ","149,967 ","148,358 ","149,229 ","149,956 ","150,454 ","151,032 ","152,790 ","157,007 ","162,245 ","169,720 ","177,003 ","182,864 ","189,275 ","195,863 ","202,835 ","210,673 ","217,253 ","224,216 ","230,548 ","238,314 ","245,268 ","251,278 ","258,016 ","264,624 ","270,284 ","276,992 ","282,819 ","287,815 ","291,268 ","293,834 ","294,815 ","293,705 ","291,884 ","291,182 ","292,879 ","296,956 ","302,964 ","312,107 ","324,105 ","337,438 ","350,896 ","363,335 ","374,930 ","385,726 ","396,468 ","408,421 ","420,946 ","431,528 "
79,"8,286 ","8,757 ","9,271 ","9,817 ","10,445 ","11,179 ","11,918 ","12,661 ","13,420 ","14,212 ","15,009 ","15,829 ","16,677 ","17,483 ","18,292 ","19,091 ","19,824 ","20,559 ","21,266 ","21,964 ","22,725 ","23,644 ","24,794 ","26,100 ","27,638 ","29,409 ","31,271 ","33,253 ","35,269 ","37,122 ","38,738 ","40,137 ","41,406 ","42,555 ","43,639 ","44,735 ","45,891 ","47,082 ","48,179 ","49,178 ","50,180 ","51,195 ","52,233 ","53,360 ","54,658 ","56,164 ","57,889 ","59,893 ","62,197 ","64,730 ","67,484 ","70,404 ","73,316 ","76,152 ","78,963 ","81,770 ","85,054 ","88,439 ","91,755 ","95,180 ","98,481 ","101,867 ","105,264 ","108,706 ","112,240 ","115,976 ","120,026 ","124,720 ","130,006 ","135,500 ","141,096 ","138,767 ","136,421 ","135,962 ","134,768 ","135,532 ","136,219 ","136,700 ","137,351 ","138,096 ","140,223 ","143,820 ","149,435 ","156,010 ","162,447 ","168,649 ","174,322 ","180,255 ","187,483 ","193,821 ","200,622 ","206,589 ","214,109 ","221,364 ","227,709 ","234,083 ","240,165 ","245,634 ","252,184 ","257,936 ","263,257 ","267,474 ","271,280 ","273,944 ","274,632 ","273,663 ","272,123 ","271,853 ","273,483 ","276,704 ","282,791 ","291,958 ","303,339 ","315,959 ","328,643 ","340,390 ","350,821 ","360,829 ","371,303 ","382,945 ","394,965 "
80,"6,945 ","7,344 ","7,779 ","8,247 ","8,793 ","9,433 ","10,085 ","10,753 ","11,442 ","12,163 ","12,891 ","13,641 ","14,412 ","15,154 ","15,917 ","16,686 ","17,396 ","18,101 ","18,768 ","19,405 ","20,066 ","20,822 ","21,760 ","22,817 ","24,059 ","25,516 ","27,090 ","28,849 ","30,723 ","32,544 ","34,212 ","35,710 ","37,061 ","38,234 ","39,275 ","40,287 ","41,343 ","42,442 ","43,497 ","44,503 ","45,529 ","46,527 ","47,491 ","48,467 ","49,523 ","50,700 ","52,048 ","53,668 ","55,588 ","57,770 ","60,225 ","62,903 ","65,628 ","68,290 ","70,950 ","73,570 ","76,226 ","79,352 ","82,454 ","85,520 ","88,988 ","92,461 ","95,778 ","98,991 ","102,210 ","105,478 ","109,000 ","113,186 ","117,901 ","122,829 ","128,047 ","125,857 ","123,295 ","122,194 ","121,163 ","122,231 ","122,811 ","123,254 ","123,888 ","124,689 ","125,857 ","127,539 ","131,572 ","136,417 ","142,186 ","148,825 ","154,287 ","159,350 ","165,546 ","171,328 ","177,847 ","183,653 ","190,718 ","197,715 ","204,297 ","210,925 ","216,634 ","221,589 ","227,891 ","233,464 ","238,679 ","243,170 ","247,645 ","251,429 ","253,661 ","254,352 ","253,608 ","252,539 ","252,336 ","253,273 ","256,761 ","263,011 ","271,694 ","282,408 ","294,232 ","306,124 ","316,636 ","326,242 ","335,978 ","346,167 ","357,305 "
81,"5,763 ","6,098 ","6,464 ","6,858 ","7,323 ","7,876 ","8,439 ","9,025 ","9,640 ","10,289 ","10,946 ","11,626 ","12,325 ","12,994 ","13,692 ","14,411 ","15,089 ","15,767 ","16,403 ","17,001 ","17,602 ","18,258 ","19,037 ","19,891 ","20,894 ","22,062 ","23,346 ","24,827 ","26,484 ","28,161 ","29,792 ","31,324 ","32,755 ","33,988 ","35,047 ","36,016 ","36,983 ","37,978 ","38,942 ","39,905 ","40,930 ","41,937 ","42,882 ","43,784 ","44,694 ","45,634 ","46,673 ","47,934 ","49,486 ","51,305 ","53,416 ","55,800 ","58,292 ","60,760 ","63,238 ","65,697 ","68,155 ","70,680 ","73,523 ","76,370 ","79,482 ","83,095 ","86,485 ","89,604 ","92,591 ","95,551 ","98,622 ","102,303 ","106,514 ","110,874 ","115,542 ","113,214 ","110,808 ","109,485 ","107,922 ","109,042 ","109,879 ","110,229 ","110,824 ","111,591 ","112,788 ","113,588 ","115,826 ","119,217 ","123,387 ","129,332 ","135,159 ","140,009 ","145,337 ","150,178 ","156,124 ","161,672 ","168,451 ","175,003 ","181,303 ","188,078 ","193,985 ","198,579 ","204,323 ","209,647 ","214,654 ","219,026 ","223,703 ","228,058 ","231,297 ","233,397 ","234,180 ","233,830 ","232,895 ","232,148 ","233,518 ","237,314 ","243,246 ","251,379 ","261,355 ","272,362 ","282,951 ","292,566 ","301,869 ","311,304 ","321,030 "
82,"4,729 ","5,010 ","5,315 ","5,643 ","6,033 ","6,502 ","6,984 ","7,486 ","8,020 ","8,594 ","9,180 ","9,789 ","10,418 ","11,019 ","11,644 ","12,296 ","12,926 ","13,568 ","14,174 ","14,741 ","15,303 ","15,896 ","16,574 ","17,276 ","18,086 ","19,025 ","20,045 ","21,246 ","22,634 ","24,101 ","25,592 ","27,079 ","28,525 ","29,825 ","30,928 ","31,905 ","32,816 ","33,724 ","34,589 ","35,467 ","36,440 ","37,436 ","38,381 ","39,256 ","40,091 ","40,891 ","41,705 ","42,674 ","43,891 ","45,360 ","47,118 ","49,168 ","51,372 ","53,607 ","55,891 ","58,164 ","60,454 ","62,778 ","65,045 ","67,635 ","70,523 ","73,784 ","77,283 ","80,459 ","83,340 ","86,075 ","88,850 ","92,089 ","95,802 ","99,668 ","103,781 ","101,194 ","98,705 ","97,484 ","95,777 ","96,306 ","97,181 ","97,773 ","98,284 ","98,995 ","100,120 ","100,955 ","102,351 ","104,111 ","106,954 ","111,368 ","116,536 ","121,686 ","126,745 ","130,816 ","135,836 ","140,855 ","147,264 ","153,509 ","159,361 ","165,803 ","171,798 ","176,566 ","181,890 ","186,688 ","191,425 ","195,583 ","200,093 ","204,580 ","208,318 ","211,312 ","213,376 ","214,397 ","214,126 ","212,726 ","212,567 ","214,374 ","218,010 ","223,544 ","231,071 ","240,293 ","250,001 ","259,625 ","268,871 ","277,831 ","286,799 "
83,"3,832 ","4,067 ","4,321 ","4,591 ","4,915 ","5,306 ","5,710 ","6,135 ","6,590 ","7,085 ","7,598 ","8,136 ","8,694 ","9,230 ","9,787 ","10,366 ","10,932 ","11,524 ","12,093 ","12,630 ","13,160 ","13,707 ","14,318 ","14,924 ","15,589 ","16,347 ","17,153 ","18,104 ","19,218 ","20,438 ","21,729 ","23,080 ","24,467 ","25,770 ","26,919 ","27,929 ","28,839 ","29,689 ","30,469 ","31,256 ","32,137 ","33,079 ","34,006 ","34,872 ","35,671 ","36,396 ","37,081 ","37,843 ","38,777 ","39,930 ","41,354 ","43,065 ","44,943 ","46,907 ","48,959 ","51,034 ","53,133 ","55,282 ","57,351 ","59,395 ","62,024 ","65,050 ","68,201 ","71,459 ","74,375 ","77,001 ","79,553 ","82,508 ","85,787 ","89,160 ","92,794 ","89,954 ","87,293 ","85,971 ","84,398 ","84,694 ","85,025 ","85,674 ","86,383 ","86,998 ","88,037 ","88,811 ","90,196 ","91,204 ","92,580 ","95,727 ","99,501 ","104,029 ","109,268 ","113,114 ","117,380 ","121,556 ","127,332 ","133,210 ","138,733 ","144,685 ","150,349 ","155,184 ","160,571 ","164,964 ","169,183 ","173,073 ","177,336 ","181,613 ","185,448 ","188,862 ","191,713 ","193,855 ","194,842 ","194,064 ","193,326 ","193,708 ","195,509 ","198,892 ","203,984 ","210,886 ","218,911 ","227,661 ","236,840 ","245,665 ","254,136 "
84,"3,062 ","3,258 ","3,468 ","3,691 ","3,956 ","4,279 ","4,612 ","4,965 ","5,347 ","5,764 ","6,202 ","6,668 ","7,157 ","7,628 ","8,120 ","8,631 ","9,129 ","9,657 ","10,176 ","10,677 ","11,174 ","11,687 ","12,244 ","12,784 ","13,354 ","13,976 ","14,614 ","15,362 ","16,243 ","17,212 ","18,269 ","19,426 ","20,679 ","21,914 ","23,064 ","24,105 ","25,033 ","25,870 ","26,594 ","27,299 ","28,088 ","28,937 ","29,800 ","30,647 ","31,427 ","32,115 ","32,726 ","33,361 ","34,105 ","34,995 ","36,116 ","37,507 ","39,062 ","40,720 ","42,502 ","44,351 ","46,252 ","48,207 ","50,102 ","51,950 ","54,060 ","56,818 ","59,732 ","62,650 ","65,620 ","68,267 ","70,712 ","73,442 ","76,425 ","79,377 ","82,534 ","79,570 ","76,717 ","75,220 ","73,597 ","73,898 ","74,030 ","74,206 ","74,952 ","75,720 ","76,640 ","77,339 ","78,614 ","79,619 ","80,341 ","82,120 ","84,742 ","88,009 ","92,597 ","96,626 ","100,617 ","104,125 ","109,000 ","114,264 ","119,414 ","124,980 ","130,167 ","134,695 ","140,027 ","144,468 ","148,281 ","151,691 ","155,647 ","159,651 ","163,265 ","166,733 ","169,926 ","172,732 ","174,719 ","175,100 ","174,944 ","174,776 ","175,275 ","176,955 ","180,055 ","184,682 ","190,558 ","197,721 ","206,024 ","214,698 ","222,973 "
85,"2,411 ","2,572 ","2,744 ","2,927 ","3,144 ","3,406 ","3,678 ","3,966 ","4,280 ","4,627 ","4,992 ","5,386 ","5,805 ","6,214 ","6,642 ","7,089 ","7,524 ","7,984 ","8,442 ","8,896 ","9,357 ","9,831 ","10,343 ","10,839 ","11,339 ","11,867 ","12,383 ","12,971 ","13,661 ","14,416 ","15,247 ","16,187 ","17,248 ","18,352 ","19,430 ","20,457 ","21,403 ","22,245 ","22,956 ","23,600 ","24,311 ","25,064 ","25,840 ","26,616 ","27,371 ","28,035 ","28,613 ","29,176 ","29,799 ","30,502 ","31,380 ","32,485 ","33,744 ","35,098 ","36,588 ","38,179 ","39,852 ","41,605 ","43,312 ","44,994 ","46,901 ","49,152 ","51,795 ","54,475 ","57,121 ","59,806 ","62,251 ","64,862 ","67,609 ","70,271 ","73,023 ","69,936 ","67,038 ","65,349 ","63,633 ","63,754 ","63,899 ","63,906 ","64,237 ","65,018 ","66,019 ","66,626 ","67,785 ","68,703 ","69,420 ","70,565 ","71,979 ","74,216 ","77,599 ","81,077 ","85,151 ","88,411 ","92,555 ","96,972 ","101,528 ","106,674 ","111,478 ","115,579 ","120,516 ","124,900 ","128,723 ","131,757 ","135,216 ","138,897 ","142,238 ","145,468 ","148,676 ","151,732 ","154,295 ","155,591 ","156,468 ","156,797 ","156,803 ","157,280 ","158,822 ","161,611 ","165,409 ","170,589 ","177,381 ","185,171 ","193,232 "
86,"1,870 ","1,998 ","2,138 ","2,286 ","2,462 ","2,675 ","2,893 ","3,126 ","3,380 ","3,661 ","3,961 ","4,287 ","4,637 ","4,984 ","5,350 ","5,735 ","6,112 ","6,509 ","6,905 ","7,302 ","7,716 ","8,147 ","8,617 ","9,065 ","9,522 ","9,987 ","10,414 ","10,884 ","11,425 ","12,009 ","12,643 ","13,373 ","14,229 ","15,157 ","16,110 ","17,063 ","17,982 ","18,828 ","19,543 ","20,173 ","20,819 ","21,488 ","22,169 ","22,856 ","23,545 ","24,179 ","24,729 ","25,258 ","25,807 ","26,399 ","27,103 ","27,971 ","28,965 ","30,042 ","31,247 ","32,561 ","33,989 ","35,521 ","37,034 ","38,532 ","40,259 ","42,298 ","44,463 ","46,883 ","49,289 ","51,665 ","54,128 ","56,707 ","59,319 ","61,746 ","64,214 ","60,647 ","57,987 ","55,865 ","54,366 ","53,306 ","53,504 ","53,724 ","53,829 ","54,108 ","54,869 ","55,821 ","56,444 ","57,426 ","58,321 ","58,930 ","60,026 ","61,228 ","63,131 ","66,009 ","69,113 ","72,434 ","75,695 ","79,243 ","83,025 ","86,926 ","91,539 ","95,662 ","99,412 ","103,658 ","107,429 ","110,717 ","113,600 ","116,871 ","120,052 ","123,256 ","126,055 ","129,176 ","131,831 ","134,058 ","135,556 ","136,320 ","136,999 ","137,005 ","137,421 ","139,180 ","141,624 ","144,952 ","149,492 ","155,974 ","162,824 "
87,"1,426 ","1,528 ","1,638 ","1,756 ","1,898 ","2,068 ","2,242 ","2,427 ","2,630 ","2,855 ","3,096 ","3,360 ","3,646 ","3,933 ","4,240 ","4,565 ","4,886 ","5,227 ","5,565 ","5,904 ","6,263 ","6,648 ","7,069 ","7,472 ","7,883 ","8,296 ","8,669 ","9,059 ","9,492 ","9,936 ","10,417 ","10,970 ","11,631 ","12,369 ","13,161 ","13,993 ","14,836 ","15,649 ","16,360 ","16,984 ","17,606 ","18,211 ","18,812 ","19,408 ","20,008 ","20,581 ","21,098 ","21,603 ","22,109 ","22,631 ","23,224 ","23,923 ","24,699 ","25,537 ","26,483 ","27,532 ","28,699 ","29,991 ","31,299 ","32,615 ","34,152 ","35,997 ","37,944 ","39,909 ","42,067 ","44,210 ","46,375 ","48,943 ","51,498 ","53,779 ","56,019 ","52,598 ","49,593 ","47,660 ","45,837 ","44,921 ","44,126 ","44,371 ","44,638 ","44,725 ","45,043 ","45,766 ","46,652 ","47,173 ","48,092 ","48,842 ","49,456 ","50,376 ","51,385 ","52,982 ","55,517 ","58,002 ","61,193 ","63,948 ","66,946 ","70,141 ","73,607 ","77,513 ","81,198 ","84,382 ","87,986 ","91,186 ","94,210 ","96,909 ","99,699 ","102,683 ","105,424 ","108,112 ","110,788 ","113,065 ","115,302 ","116,590 ","117,596 ","118,182 ","118,187 ","118,910 ","120,432 ","122,547 ","125,427 ","129,817 ","135,446 "
88,"1,070 ","1,147 ","1,234 ","1,326 ","1,437 ","1,572 ","1,710 ","1,856 ","2,015 ","2,193 ","2,383 ","2,592 ","2,821 ","3,052 ","3,304 ","3,573 ","3,840 ","4,127 ","4,413 ","4,700 ","5,008 ","5,334 ","5,704 ","6,064 ","6,429 ","6,794 ","7,124 ","7,457 ","7,815 ","8,162 ","8,525 ","8,938 ","9,433 ","9,993 ","10,615 ","11,298 ","12,023 ","12,762 ","13,438 ","14,058 ","14,658 ","15,230 ","15,767 ","16,282 ","16,797 ","17,289 ","17,753 ","18,218 ","18,699 ","19,177 ","19,692 ","20,284 ","20,905 ","21,545 ","22,272 ","23,082 ","24,005 ","25,050 ","26,137 ","27,264 ","28,614 ","30,250 ","32,000 ","33,753 ","35,491 ","37,398 ","39,340 ","41,607 ","44,110 ","46,327 ","48,414 ","45,210 ","42,378 ","40,162 ","38,530 ","37,319 ","36,640 ","36,059 ","36,329 ","36,547 ","36,689 ","37,024 ","37,693 ","38,423 ","38,933 ","39,692 ","40,397 ","40,905 ","41,666 ","42,500 ","43,917 ","45,918 ","48,298 ","50,955 ","53,249 ","55,745 ","58,544 ","61,437 ","64,856 ","67,939 ","70,603 ","73,618 ","76,489 ","79,231 ","81,501 ","84,075 ","86,592 ","89,151 ","91,425 ","93,688 ","95,893 ","97,789 ","99,185 ","100,041 ","100,539 ","100,862 ","101,480 ","102,779 ","104,584 ","107,439 ","111,200 "
89,790 ,848 ,912 ,983 ,"1,069 ","1,173 ","1,281 ","1,395 ","1,519 ","1,656 ","1,804 ","1,967 ","2,146 ","2,329 ","2,529 ","2,746 ","2,964 ","3,200 ","3,438 ","3,679 ","3,935 ","4,209 ","4,524 ","4,832 ","5,152 ","5,472 ","5,765 ","6,051 ","6,356 ","6,637 ","6,916 ","7,220 ","7,588 ","8,003 ","8,471 ","9,000 ","9,586 ","10,212 ","10,820 ","11,403 ","11,983 ","12,528 ","13,026 ","13,482 ","13,922 ","14,334 ","14,722 ","15,139 ","15,577 ","16,023 ","16,490 ","17,007 ","17,530 ","18,028 ","18,577 ","19,188 ","19,892 ","20,709 ","21,575 ","22,501 ","23,654 ","25,088 ","26,633 ","28,194 ","29,730 ","31,251 ","32,964 ","34,991 ","37,189 ","39,345 ","41,358 ","38,459 ","35,853 ","33,780 ","31,958 ","30,878 ","29,963 ","29,473 ","29,061 ","29,279 ","29,512 ","29,686 ","30,017 ","30,560 ","31,218 ","31,632 ","32,318 ","32,893 ","33,306 ","33,925 ","34,682 ","35,759 ","37,644 ","39,595 ","41,773 ","43,655 ","45,811 ","48,111 ","50,614 ","53,430 ","55,971 ","58,165 ","60,806 ","63,345 ","65,615 ","67,682 ","69,819 ","72,115 ","74,247 ","76,140 ","78,258 ","80,100 ","81,942 ","83,111 ","83,828 ","84,521 ","84,792 ","85,312 ","86,404 ","88,261 ","90,671 "
90,572 ,615 ,663 ,715 ,780 ,859 ,941 ,"1,028 ","1,124 ","1,230 ","1,342 ","1,467 ","1,605 ","1,745 ","1,901 ","2,071 ","2,245 ","2,435 ","2,628 ","2,826 ","3,041 ","3,264 ","3,523 ","3,781 ","4,054 ","4,332 ","4,584 ","4,834 ","5,092 ","5,327 ","5,546 ","5,778 ","6,053 ","6,355 ","6,692 ","7,084 ","7,535 ","8,032 ","8,542 ","9,058 ","9,594 ","10,111 ","10,582 ","10,995 ","11,376 ","11,726 ","12,047 ","12,394 ","12,781 ","13,185 ","13,613 ","14,075 ","14,528 ","14,933 ","15,362 ","15,812 ","16,330 ","16,949 ","17,617 ","18,339 ","19,292 ","20,518 ","21,861 ","23,227 ","24,582 ","25,918 ","27,275 ","29,060 ","31,010 ","32,877 ","33,685 ","32,305 ","29,990 ","28,102 ","26,431 ","25,183 ","24,376 ","23,699 ","23,356 ","23,030 ","23,247 ","23,480 ","23,666 ","23,930 ","24,415 ","24,940 ","25,326 ","25,876 ","26,336 ","26,667 ","27,223 ","27,768 ","28,829 ","30,349 ","31,922 ","33,678 ","35,280 ","37,022 ","38,979 ","41,007 ","43,289 ","45,347 ","47,248 ","49,526 ","51,594 ","53,594 ","55,282 ","57,194 ","59,074 ","60,821 ","62,562 ","64,302 ","66,028 ","67,546 ","68,510 ","69,332 ","69,904 ","70,129 ","70,559 ","71,748 ","73,290 "
91,406 ,437 ,472 ,510 ,557 ,616 ,677 ,743 ,815 ,895 ,980 ,"1,074 ","1,178 ","1,285 ","1,403 ","1,533 ","1,667 ","1,816 ","1,969 ","2,128 ","2,305 ","2,485 ","2,699 ","2,908 ","3,131 ","3,363 ","3,578 ","3,790 ","4,011 ","4,208 ","4,391 ","4,572 ","4,775 ","4,997 ","5,236 ","5,517 ","5,846 ","6,222 ","6,622 ","7,052 ","7,520 ","7,987 ","8,420 ","8,809 ","9,150 ","9,447 ","9,717 ","9,999 ","10,322 ","10,671 ","11,059 ","11,475 ","11,872 ","12,225 ","12,564 ","12,905 ","13,281 ","13,733 ","14,224 ","14,769 ","15,523 ","16,539 ","17,679 ","18,858 ","20,030 ","21,197 ","22,382 ","23,815 ","25,513 ","27,153 ","26,718 ","25,845 ","24,746 ","23,089 ","21,598 ","20,457 ","19,527 ","18,937 ","18,446 ","18,179 ","17,960 ","18,166 ","18,385 ","18,531 ","18,777 ","19,157 ","19,612 ","19,916 ","20,348 ","20,710 ","21,017 ","21,408 ","21,988 ","22,828 ","24,032 ","25,277 ","26,733 ","28,005 ","29,463 ","31,020 ","32,634 ","34,450 ","36,183 ","37,802 ","39,624 ","41,396 ","43,001 ","44,486 ","46,025 ","47,538 ","49,095 ","50,501 ","52,076 ","53,473 ","54,702 ","55,672 ","56,340 ","56,805 ","56,987 ","57,573 ","58,544 "
92,282 ,305 ,329 ,357 ,391 ,433 ,477 ,525 ,578 ,638 ,701 ,771 ,848 ,927 ,"1,015 ","1,112 ","1,213 ","1,327 ","1,445 ","1,569 ","1,710 ","1,856 ","2,022 ","2,192 ","2,372 ","2,560 ","2,736 ","2,916 ","3,099 ","3,266 ","3,416 ","3,563 ","3,719 ","3,880 ","4,053 ","4,249 ","4,483 ","4,751 ","5,050 ","5,383 ","5,767 ","6,161 ","6,553 ","6,906 ","7,218 ","7,483 ","7,706 ","7,941 ","8,199 ","8,490 ","8,822 ","9,189 ","9,543 ","9,844 ","10,131 ","10,406 ","10,680 ","11,008 ","11,353 ","11,751 ","12,330 ","13,140 ","14,078 ","15,070 ","16,066 ","17,068 ","18,096 ","19,337 ","20,701 ","22,111 ","21,645 ","20,116 ","19,427 ","18,693 ","17,412 ","16,401 ","15,563 ","14,883 ","14,461 ","14,086 ","13,909 ","13,769 ","13,954 ","14,122 ","14,265 ","14,455 ","14,779 ","15,130 ","15,365 ","15,698 ","16,013 ","16,214 ","16,630 ","17,081 ","17,733 ","18,668 ","19,684 ","20,818 ","21,864 ","23,002 ","24,218 ","25,478 ","26,966 ","28,400 ","29,671 ","31,191 ","32,585 ","33,949 ","35,121 ","36,336 ","37,648 ","38,881 ","40,127 ","41,378 ","42,489 ","43,615 ","44,388 ","44,921 ","45,292 ","45,630 ","46,100 "
93,191 ,207 ,225 ,243 ,267 ,297 ,328 ,363 ,401 ,444 ,490 ,542 ,598 ,655 ,719 ,791 ,865 ,949 ,"1,037 ","1,131 ","1,239 ","1,357 ","1,484 ","1,619 ","1,761 ","1,907 ","2,051 ","2,194 ","2,345 ","2,485 ","2,612 ","2,724 ","2,850 ","2,974 ","3,096 ","3,233 ","3,395 ","3,585 ","3,791 ","4,036 ","4,329 ","4,649 ","4,977 ","5,284 ","5,570 ","5,806 ","6,003 ","6,193 ","6,405 ","6,641 ","6,910 ","7,219 ","7,526 ","7,794 ","8,039 ","8,259 ","8,478 ","8,714 ","8,956 ","9,231 ","9,666 ","10,296 ","11,042 ","11,848 ","12,676 ","13,518 ","14,388 ","15,456 ","16,626 ","17,741 ","17,266 ","15,975 ","14,823 ","14,385 ","13,819 ","12,959 ","12,229 ","11,625 ","11,138 ","10,822 ","10,561 ","10,449 ","10,364 ","10,504 ","10,653 ","10,760 ","10,927 ","11,172 ","11,438 ","11,615 ","11,893 ","12,105 ","12,342 ","12,658 ","13,001 ","13,498 ","14,244 ","15,019 ","15,924 ","16,724 ","17,595 ","18,525 ","19,540 ","20,738 ","21,841 ","22,884 ","24,055 ","25,206 ","26,261 ","27,168 ","28,195 ","29,214 ","30,271 ","31,241 ","32,215 ","33,194 ","34,075 ","34,679 ","35,095 ","35,538 ","35,804 "
94,127 ,137 ,149 ,163 ,179 ,199 ,221 ,245 ,272 ,302 ,335 ,371 ,412 ,453 ,498 ,550 ,603 ,664 ,728 ,797 ,882 ,968 ,"1,067 ","1,168 ","1,279 ","1,392 ","1,503 ","1,618 ","1,739 ","1,849 ","1,950 ","2,046 ","2,145 ","2,239 ","2,330 ","2,427 ","2,535 ","2,665 ","2,805 ","2,979 ","3,189 ","3,433 ","3,692 ","3,946 ","4,186 ","4,401 ","4,573 ","4,739 ","4,912 ","5,096 ","5,311 ","5,561 ","5,819 ","6,048 ","6,257 ","6,444 ","6,615 ","6,797 ","6,973 ","7,162 ","7,472 ","7,953 ","8,531 ","9,165 ","9,826 ","10,515 ","11,243 ","12,143 ","13,136 ","14,078 ","13,551 ","12,479 ","11,528 ","10,747 ","10,413 ","10,070 ","9,460 ","8,942 ","8,516 ","8,159 ","7,943 ","7,766 ","7,699 ","7,636 ","7,755 ","7,865 ","7,961 ","8,085 ","8,266 ","8,463 ","8,612 ","8,800 ","9,017 ","9,193 ","9,429 ","9,685 ","10,079 ","10,636 ","11,243 ","11,920 ","12,519 ","13,171 ","13,903 ","14,705 ","15,606 ","16,483 ","17,270 ","18,208 ","19,078 ","19,877 ","20,628 ","21,408 ","22,255 ","23,061 ","23,799 ","24,627 ","25,376 ","26,049 ","26,510 ","26,947 ","27,287 "
95,83 ,89 ,96 ,106 ,117 ,131 ,145 ,162 ,180 ,201 ,223 ,248 ,277 ,306 ,338 ,373 ,411 ,453 ,499 ,548 ,612 ,674 ,751 ,824 ,908 ,996 ,"1,078 ","1,162 ","1,258 ","1,344 ","1,424 ","1,501 ","1,579 ","1,654 ","1,720 ","1,794 ","1,865 ","1,954 ","2,047 ","2,163 ","2,311 ","2,482 ","2,677 ","2,873 ","3,068 ","3,248 ","3,400 ","3,540 ","3,688 ","3,835 ","4,007 ","4,202 ","4,404 ","4,595 ","4,771 ","4,924 ","5,070 ","5,211 ","5,340 ","5,473 ","5,696 ","6,054 ","6,494 ","6,977 ","7,488 ","8,037 ","8,623 ","9,366 ","10,189 ","10,978 ","10,504 ","9,582 ","8,810 ","8,176 ","7,611 ","7,421 ","7,189 ","6,765 ","6,406 ","6,101 ","5,856 ","5,711 ","5,595 ","5,546 ","5,512 ","5,598 ","5,689 ","5,759 ","5,848 ","5,979 ","6,134 ","6,230 ","6,407 ","6,566 ","6,694 ","6,866 ","7,068 ","7,356 ","7,782 ","8,226 ","8,721 ","9,160 ","9,661 ","10,225 ","10,815 ","11,510 ","12,156 ","12,774 ","13,468 ","14,112 ","14,748 ","15,305 ","15,937 ","16,567 ","17,167 ","17,778 ","18,396 ","18,955 ","19,458 ","19,892 ","20,219 "
96,53 ,57 ,61 ,66 ,74 ,84 ,93 ,103 ,116 ,130 ,145 ,162 ,181 ,201 ,223 ,247 ,273 ,302 ,333 ,368 ,413 ,460 ,515 ,570 ,629 ,693 ,757 ,817 ,889 ,954 ,"1,015 ","1,075 ","1,137 ","1,192 ","1,245 ","1,300 ","1,349 ","1,408 ","1,470 ","1,547 ","1,646 ","1,763 ","1,895 ","2,040 ","2,189 ","2,331 ","2,459 ","2,581 ","2,700 ","2,824 ","2,959 ","3,110 ","3,268 ","3,414 ","3,553 ","3,682 ","3,800 ","3,914 ","4,016 ","4,110 ","4,272 ","4,537 ","4,863 ","5,228 ","5,612 ","6,029 ","6,483 ","7,082 ","7,756 ","8,404 ","7,991 ","7,259 ","6,612 ","6,107 ","5,659 ","5,300 ","5,176 ","5,022 ","4,734 ","4,483 ","4,277 ","4,113 ","4,018 ","3,936 ","3,910 ","3,886 ","3,954 ","4,019 ","4,068 ","4,131 ","4,232 ","4,333 ","4,429 ","4,555 ","4,668 ","4,759 ","4,892 ","5,037 ","5,254 ","5,558 ","5,875 ","6,229 ","6,559 ","6,936 ","7,341 ","7,785 ","8,286 ","8,776 ","9,222 ","9,723 ","10,219 ","10,679 ","11,119 ","11,578 ","12,036 ","12,514 ","12,960 ","13,410 ","13,818 ","14,248 ","14,566 "
97,32 ,35 ,38 ,41 ,45 ,52 ,58 ,65 ,72 ,81 ,91 ,102 ,115 ,128 ,143 ,160 ,177 ,196 ,217 ,240 ,273 ,306 ,341 ,383 ,426 ,470 ,516 ,563 ,611 ,661 ,704 ,751 ,797 ,840 ,881 ,918 ,957 ,997 ,"1,040 ","1,087 ","1,151 ","1,233 ","1,319 ","1,419 ","1,521 ","1,627 ","1,724 ","1,827 ","1,927 ","2,027 ","2,132 ","2,251 ","2,372 ","2,482 ","2,586 ","2,693 ","2,782 ","2,874 ","2,952 ","3,025 ","3,148 ","3,344 ","3,584 ","3,849 ","4,132 ","4,446 ","4,788 ","5,247 ","5,783 ","6,301 ","5,960 ","5,393 ","4,893 ","4,475 ","4,127 ","3,847 ","3,608 ","3,530 ","3,430 ","3,234 ","3,067 ","2,931 ","2,823 ","2,759 ","2,707 ","2,689 ","2,678 ","2,725 ","2,769 ","2,803 ","2,852 ","2,917 ","3,005 ","3,071 ","3,159 ","3,237 ","3,307 ","3,400 ","3,508 ","3,660 ","3,871 ","4,092 ","4,349 ","4,591 ","4,855 ","5,152 ","5,464 ","5,831 ","6,176 ","6,490 ","6,863 ","7,213 ","7,562 ","7,873 ","8,198 ","8,551 ","8,891 ","9,207 ","9,527 ","9,861 ","10,168 "
98,19 ,21 ,23 ,25 ,28 ,31 ,35 ,40 ,44 ,49 ,56 ,63 ,71 ,79 ,89 ,100 ,111 ,124 ,138 ,153 ,176 ,197 ,224 ,248 ,280 ,311 ,343 ,377 ,411 ,444 ,476 ,511 ,542 ,576 ,606 ,632 ,662 ,686 ,716 ,751 ,792 ,844 ,901 ,965 ,"1,035 ","1,106 ","1,179 ","1,254 ","1,333 ","1,414 ","1,497 ","1,589 ","1,680 ","1,763 ","1,843 ","1,916 ","1,988 ","2,057 ","2,119 ","2,176 ","2,268 ","2,415 ","2,595 ","2,787 ","2,989 ","3,214 ","3,464 ","3,810 ","4,226 ","4,626 ","4,348 ","3,925 ","3,547 ","3,231 ","2,951 ","2,736 ","2,554 ","2,399 ","2,351 ","2,285 ","2,157 ","2,049 ","1,962 ","1,889 ","1,849 ","1,815 ","1,806 ","1,798 ","1,830 ","1,860 ","1,886 ","1,916 ","1,971 ","2,030 ","2,075 ","2,134 ","2,191 ","2,239 ","2,307 ","2,380 ","2,483 ","2,627 ","2,783 ","2,965 ","3,130 ","3,318 ","3,521 ","3,744 ","3,996 ","4,233 ","4,460 ","4,716 ","4,972 ","5,213 ","5,428 ","5,670 ","5,914 ","6,149 ","6,368 ","6,619 ","6,851 "
99,11 ,12 ,14 ,15 ,16 ,18 ,20 ,23 ,27 ,30 ,33 ,38 ,43 ,48 ,54 ,61 ,68 ,76 ,85 ,95 ,107 ,125 ,141 ,159 ,178 ,202 ,223 ,244 ,268 ,294 ,316 ,336 ,359 ,384 ,406 ,422 ,445 ,465 ,485 ,503 ,533 ,568 ,601 ,644 ,688 ,736 ,785 ,837 ,892 ,958 ,"1,019 ","1,092 ","1,160 ","1,222 ","1,279 ","1,332 ","1,382 ","1,436 ","1,483 ","1,525 ","1,596 ","1,706 ","1,838 ","1,977 ","2,120 ","2,281 ","2,459 ","2,717 ","3,016 ","3,321 ","3,103 ","2,792 ","2,518 ","2,283 ","2,077 ","1,907 ","1,771 ","1,655 ","1,557 ","1,525 ","1,485 ","1,404 ","1,336 ","1,279 ","1,234 ","1,207 ","1,187 ","1,181 ","1,176 ","1,197 ","1,219 ","1,234 ","1,260 ","1,296 ","1,335 ","1,365 ","1,406 ","1,444 ","1,479 ","1,523 ","1,572 ","1,640 ","1,739 ","1,846 ","1,967 ","2,081 ","2,206 ","2,347 ","2,496 ","2,664 ","2,829 ","2,981 ","3,162 ","3,333 ","3,495 ","3,650 ","3,813 ","3,977 ","4,135 ","4,301 ","4,471 "
100,6 ,7 ,8 ,9 ,10 ,11 ,12 ,13 ,15 ,17 ,19 ,22 ,25 ,28 ,31 ,36 ,40 ,45 ,51 ,57 ,66 ,75 ,87 ,98 ,111 ,124 ,139 ,155 ,170 ,186 ,202 ,216 ,233 ,246 ,264 ,277 ,291 ,303 ,318 ,333 ,353 ,372 ,395 ,419 ,450 ,475 ,505 ,541 ,582 ,626 ,672 ,725 ,778 ,826 ,864 ,901 ,936 ,975 ,"1,007 ","1,042 ","1,093 ","1,175 ","1,271 ","1,374 ","1,479 ","1,588 ","1,712 ","1,894 ","2,112 ","2,333 ","2,164 ","1,942 ","1,746 ","1,579 ","1,430 ","1,307 ","1,202 ","1,117 ","1,046 ",984 ,965 ,941 ,891 ,847 ,812 ,784 ,768 ,755 ,752 ,749 ,763 ,776 ,789 ,806 ,829 ,854 ,875 ,901 ,927 ,949 ,978 ,"1,009 ","1,055 ","1,121 ","1,190 ","1,271 ","1,345 ","1,429 ","1,521 ","1,617 ","1,730 ","1,838 ","1,942 ","2,060 ","2,171 ","2,283 ","2,384 ","2,491 ","2,598 ","2,713 ","2,822 "
101,4 ,4 ,4 ,5 ,6 ,6 ,7 ,8 ,9 ,10 ,11 ,12 ,14 ,16 ,18 ,20 ,23 ,26 ,29 ,33 ,39 ,46 ,50 ,59 ,65 ,76 ,83 ,96 ,104 ,115 ,124 ,134 ,146 ,156 ,164 ,176 ,183 ,193 ,202 ,214 ,224 ,240 ,255 ,268 ,283 ,299 ,320 ,339 ,367 ,397 ,430 ,467 ,507 ,541 ,568 ,592 ,617 ,643 ,665 ,690 ,728 ,787 ,858 ,930 ,"1,003 ","1,082 ","1,169 ","1,294 ","1,449 ","1,606 ","1,475 ","1,319 ","1,182 ","1,066 ",963 ,876 ,802 ,738 ,687 ,643 ,605 ,595 ,580 ,550 ,524 ,502 ,485 ,476 ,468 ,465 ,464 ,472 ,482 ,491 ,501 ,516 ,532 ,545 ,562 ,579 ,592 ,610 ,631 ,661 ,702 ,747 ,798 ,846 ,899 ,957 ,"1,020 ","1,091 ","1,162 ","1,228 ","1,302 ","1,377 ","1,448 ","1,512 ","1,579 ","1,654 ","1,728 "
102,2 ,2 ,2 ,2 ,3 ,4 ,4 ,4 ,5 ,6 ,6 ,7 ,8 ,9 ,10 ,11 ,13 ,14 ,16 ,19 ,21 ,27 ,30 ,34 ,37 ,44 ,50 ,55 ,62 ,68 ,72 ,83 ,85 ,95 ,100 ,107 ,114 ,118 ,124 ,132 ,139 ,148 ,159 ,166 ,177 ,183 ,195 ,209 ,224 ,244 ,264 ,290 ,317 ,341 ,362 ,379 ,396 ,413 ,428 ,444 ,469 ,513 ,560 ,613 ,666 ,719 ,777 ,863 ,969 ,"1,075 ",984 ,875 ,782 ,703 ,633 ,574 ,523 ,479 ,441 ,411 ,385 ,363 ,357 ,348 ,330 ,315 ,302 ,292 ,286 ,281 ,280 ,279 ,285 ,291 ,296 ,303 ,312 ,322 ,330 ,341 ,351 ,359 ,371 ,384 ,402 ,428 ,455 ,487 ,517 ,549 ,585 ,624 ,669 ,713 ,753 ,801 ,847 ,890 ,930 ,975 ,"1,022 "
103,1 ,1 ,1 ,1 ,1 ,2 ,2 ,2 ,2 ,3 ,4 ,4 ,4 ,5 ,5 ,6 ,7 ,8 ,9 ,10 ,13 ,15 ,16 ,19 ,22 ,26 ,28 ,33 ,35 ,39 ,44 ,49 ,51 ,54 ,60 ,62 ,67 ,72 ,75 ,77 ,84 ,90 ,95 ,99 ,105 ,111 ,116 ,125 ,134 ,144 ,156 ,176 ,191 ,208 ,222 ,234 ,247 ,256 ,268 ,277 ,294 ,324 ,357 ,393 ,425 ,466 ,505 ,566 ,635 ,708 ,639 ,569 ,505 ,452 ,406 ,367 ,333 ,304 ,278 ,256 ,239 ,224 ,212 ,208 ,203 ,193 ,184 ,176 ,171 ,167 ,165 ,164 ,164 ,167 ,171 ,174 ,178 ,183 ,189 ,194 ,201 ,206 ,212 ,219 ,227 ,238 ,253 ,270 ,289 ,306 ,326 ,347 ,371 ,398 ,424 ,449 ,478 ,505 ,531 ,557 ,584 
104,1 ,1 ,1 ,1 ,1 ,1 ,1 ,1 ,1 ,1 ,2 ,2 ,2 ,2 ,3 ,3 ,3 ,4 ,5 ,5 ,7 ,9 ,10 ,10 ,14 ,14 ,15 ,17 ,20 ,21 ,24 ,29 ,29 ,31 ,33 ,36 ,38 ,40 ,45 ,45 ,48 ,52 ,57 ,60 ,61 ,65 ,67 ,74 ,76 ,81 ,90 ,100 ,112 ,122 ,131 ,138 ,147 ,155 ,159 ,168 ,179 ,195 ,219 ,243 ,267 ,291 ,321 ,361 ,404 ,449 ,408 ,359 ,319 ,284 ,254 ,229 ,207 ,188 ,172 ,157 ,145 ,135 ,127 ,120 ,118 ,115 ,109 ,104 ,100 ,97 ,95 ,93 ,93 ,93 ,95 ,97 ,99 ,101 ,105 ,108 ,111 ,115 ,118 ,121 ,125 ,130 ,136 ,145 ,155 ,166 ,176 ,188 ,200 ,214 ,230 ,245 ,260 ,276 ,292 ,308 ,323 
105,1 ,1 ,1 ,1 ,1 ,1 ,1 ,1 ,1 ,1 ,1 ,1 ,1 ,1 ,1 ,2 ,2 ,2 ,2 ,3 ,4 ,4 ,4 ,5 ,6 ,7 ,9 ,12 ,10 ,11 ,13 ,14 ,15 ,17 ,18 ,21 ,21 ,23 ,23 ,28 ,27 ,29 ,32 ,35 ,35 ,38 ,39 ,40 ,43 ,47 ,50 ,57 ,64 ,69 ,76 ,79 ,84 ,91 ,92 ,100 ,108 ,114 ,130 ,147 ,161 ,176 ,196 ,220 ,252 ,282 ,250 ,223 ,196 ,175 ,155 ,139 ,126 ,114 ,103 ,94 ,86 ,80 ,74 ,70 ,66 ,65 ,64 ,60 ,58 ,55 ,53 ,52 ,52 ,52 ,52 ,53 ,54 ,55 ,56 ,58 ,60 ,61 ,64 ,66 ,67 ,70 ,72 ,76 ,81 ,86 ,93 ,98 ,105 ,112 ,120 ,129 ,137 ,145 ,155 ,164 ,173 
106,0 ,0 ,1 ,1 ,1 ,1 ,1 ,1 ,1 ,1 ,1 ,1 ,1 ,1 ,1 ,1 ,1 ,1 ,1 ,1 ,2 ,3 ,2 ,2 ,3 ,3 ,4 ,5 ,5 ,6 ,6 ,7 ,8 ,11 ,12 ,11 ,12 ,12 ,12 ,13 ,15 ,16 ,19 ,19 ,20 ,19 ,22 ,21 ,25 ,25 ,26 ,32 ,33 ,39 ,41 ,44 ,47 ,50 ,53 ,53 ,59 ,68 ,72 ,87 ,93 ,106 ,116 ,135 ,151 ,176 ,152 ,133 ,119 ,104 ,93 ,83 ,74 ,67 ,61 ,55 ,50 ,46 ,43 ,40 ,37 ,35 ,35 ,34 ,32 ,31 ,30 ,29 ,28 ,28 ,28 ,28 ,28 ,29 ,30 ,30 ,31 ,32 ,33 ,34 ,35 ,36 ,38 ,39 ,41 ,44 ,47 ,50 ,53 ,57 ,61 ,65 ,70 ,74 ,79 ,84 ,89 
107,0 ,0 ,0 ,0 ,0 ,0 ,0 ,1 ,1 ,1 ,1 ,1 ,1 ,1 ,1 ,1 ,1 ,1 ,1 ,1 ,1 ,1 ,1 ,1 ,1 ,2 ,2 ,2 ,3 ,3 ,3 ,3 ,4 ,4 ,4 ,5 ,6 ,6 ,7 ,8 ,9 ,8 ,9 ,10 ,10 ,11 ,11 ,11 ,13 ,15 ,14 ,15 ,17 ,19 ,21 ,25 ,23 ,26 ,29 ,31 ,33 ,37 ,47 ,46 ,51 ,62 ,69 ,73 ,87 ,103 ,92 ,79 ,69 ,61 ,54 ,48 ,43 ,39 ,35 ,32 ,29 ,26 ,24 ,22 ,21 ,19 ,18 ,18 ,18 ,17 ,16 ,15 ,15 ,15 ,14 ,14 ,14 ,15 ,15 ,15 ,16 ,16 ,17 ,17 ,18 ,19 ,19 ,20 ,20 ,22 ,23 ,25 ,26 ,28 ,30 ,32 ,34 ,37 ,39 ,42 ,44 
108,0 ,0 ,0 ,0 ,0 ,0 ,0 ,0 ,0 ,0 ,0 ,0 ,0 ,0 ,1 ,1 ,1 ,1 ,1 ,1 ,1 ,1 ,1 ,1 ,1 ,1 ,1 ,1 ,1 ,2 ,2 ,2 ,2 ,2 ,2 ,2 ,3 ,3 ,3 ,3 ,4 ,5 ,4 ,5 ,5 ,6 ,6 ,5 ,7 ,8 ,7 ,8 ,10 ,9 ,11 ,11 ,13 ,14 ,14 ,15 ,17 ,21 ,25 ,25 ,31 ,35 ,35 ,42 ,52 ,56 ,52 ,47 ,40 ,35 ,31 ,27 ,24 ,22 ,20 ,18 ,16 ,14 ,13 ,12 ,11 ,10 ,10 ,9 ,9 ,9 ,9 ,8 ,8 ,8 ,7 ,7 ,7 ,7 ,8 ,8 ,8 ,8 ,8 ,9 ,9 ,9 ,9 ,10 ,10 ,10 ,11 ,12 ,12 ,13 ,14 ,15 ,16 ,17 ,19 ,20 ,21 
109,0 ,0 ,0 ,0 ,0 ,0 ,0 ,0 ,0 ,0 ,0 ,0 ,0 ,0 ,0 ,0 ,0 ,0 ,0 ,0 ,0 ,1 ,1 ,1 ,1 ,1 ,1 ,1 ,1 ,1 ,1 ,1 ,1 ,1 ,1 ,1 ,1 ,1 ,1 ,2 ,2 ,2 ,2 ,2 ,3 ,3 ,2 ,3 ,4 ,3 ,3 ,4 ,4 ,4 ,5 ,5 ,6 ,6 ,8 ,8 ,15 ,18 ,12 ,13 ,16 ,18 ,18 ,22 ,27 ,30 ,19 ,26 ,23 ,20 ,17 ,15 ,13 ,12 ,11 ,10 ,9 ,8 ,7 ,7 ,6 ,6 ,5 ,5 ,5 ,5 ,4 ,4 ,4 ,4 ,4 ,4 ,4 ,4 ,4 ,4 ,4 ,4 ,4 ,4 ,4 ,4 ,4 ,5 ,5 ,5 ,5 ,5 ,6 ,6 ,7 ,7 ,8 ,8 ,9 ,9 ,10 