Edad,1950,1951,1952,1953,1954,1955,1956,1957,1958,1959,1960,1961,1962,1963,1964,1965,1966,1967,1968,1969,1970,1971,1972,1973,1974,1975,1976,1977,1978,1979,1980,1981,1982,1983,1984,1985,1986,1987,1988,1989,1990,1991,1992,1993,1994,1995,1996,1997,1998,1999,2000,2001,2002,2003,2004,2005,2006,2007,2008,2009,2010,2011,2012,2013,2014,2015,2016,2017,2018,2019,2020,2021,2022,2023,2024,2025,2026,2027,2028,2029,2030,2031,2032,2033,2034,2035,2036,2037,2038,2039,2040,2041,2042,2043,2044,2045,2046,2047,2048,2049,2050,2051,2052,2053,2054,2055,2056,2057,2058,2059,2060,2061,2062,2063,2064,2065,2066,2067,2068,2069,2070
 Nacimientos_mujeres ," 624,115 "," 637,542 "," 656,048 "," 678,083 "," 701,978 "," 725,233 "," 745,975 "," 767,729 "," 794,375 "," 822,472 "," 850,877 "," 877,161 "," 903,142 "," 929,325 "," 954,727 "," 976,642 "," 998,364 "," 1,022,103 "," 1,047,594 "," 1,071,745 "," 1,094,332 "," 1,114,869 "," 1,136,306 "," 1,153,864 "," 1,164,224 "," 1,166,724 "," 1,161,261 "," 1,153,938 "," 1,149,388 "," 1,149,084 "," 1,152,438 "," 1,158,605 "," 1,167,918 "," 1,177,598 "," 1,187,572 "," 1,194,995 "," 1,199,760 "," 1,205,122 "," 1,212,204 "," 1,222,975 "," 1,234,371 "," 1,242,861 "," 1,244,546 "," 1,239,757 "," 1,230,457 "," 1,218,178 "," 1,205,322 "," 1,197,326 "," 1,197,235 "," 1,201,325 "," 1,197,844 "," 1,186,099 "," 1,169,995 "," 1,156,665 "," 1,148,576 "," 1,145,143 "," 1,146,681 "," 1,151,940 "," 1,156,684 "," 1,156,751 "," 1,149,732 "," 1,137,434 "," 1,122,546 "," 1,112,236 "," 1,103,118 "," 1,089,340 "," 1,066,821 "," 1,050,633 "," 1,048,908 "," 1,046,573 "," 1,047,621 "," 1,030,966 "," 1,016,920 "," 1,007,404 "," 998,555 "," 987,307 "," 974,351 "," 961,876 "," 950,676 "," 939,965 "," 928,807 "," 917,083 "," 905,327 "," 893,980 "," 882,817 "," 871,696 "," 860,565 "," 849,419 "," 838,595 "," 827,956 "," 817,659 "," 807,774 "," 797,906 "," 788,014 "," 778,248 "," 768,638 "," 759,198 "," 749,944 "," 740,632 "," 731,344 "," 722,085 "," 712,914 "," 703,974 "," 695,049 "," 686,134 "," 677,231 "," 668,412 "," 659,795 "," 651,269 "," 642,805 "," 634,407 "," 626,128 "," 618,031 "," 610,072 "," 602,220 "," 594,473 "," 586,841 "," 579,339 "," 571,958 "," 564,680 "," 560,881 "
0,"568,159 ","577,657 ","594,071 ","613,919 ","637,887 ","664,331 ","687,186 ","709,353 ","734,135 ","761,687 ","789,861 ","817,039 ","843,057 ","869,110 ","894,980 ","918,818 ","940,802 ","963,564 ","988,138 ","1,013,052 ","1,035,566 ","1,057,292 ","1,079,355 ","1,098,834 ","1,113,078 ","1,120,216 ","1,119,863 ","1,114,898 ","1,110,564 ","1,109,767 ","1,112,820 ","1,118,950 ","1,127,826 ","1,138,284 ","1,148,996 ","1,158,565 ","1,165,584 ","1,171,628 ","1,178,909 ","1,187,825 ","1,199,002 ","1,211,052 ","1,218,077 ","1,217,522 ","1,211,511 ","1,201,764 ","1,190,169 ","1,180,559 ","1,177,188 ","1,179,706 ","1,180,786 ","1,174,619 ","1,162,310 ","1,149,001 ","1,139,422 ","1,134,996 ","1,135,595 ","1,140,270 ","1,145,414 ","1,147,389 ","1,143,986 ","1,134,496 ","1,120,894 ","1,108,343 ","1,098,548 ","1,086,717 ","1,068,484 ","1,049,485 ","1,041,110 ","1,039,522 ","1,034,797 ","1,041,060 ","1,024,645 ","1,010,918 ","1,001,632 ","993,052 ","982,046 ","969,356 ","957,116 ","946,150 ","935,649 ","924,701 ","913,175 ","901,613 ","890,446 ","879,457 ","868,499 ","857,525 ","846,529 ","835,847 ","825,343 ","815,173 ","805,408 ","795,656 ","785,873 ","776,212 ","766,700 ","757,355 ","748,190 ","738,964 ","729,758 ","720,576 ","711,480 ","702,609 ","693,751 ","684,900 ","676,058 ","667,297 ","658,735 ","650,262 ","641,847 ","633,496 ","625,263 ","617,208 ","609,289 ","601,476 ","593,765 ","586,168 ","578,699 ","571,350 ","564,102 "
1,"516,674 ","524,131 ","534,601 ","551,292 ","572,190 ","598,676 ","625,741 ","649,509 ","672,357 ","697,516 ","724,941 ","752,809 ","779,936 ","806,067 ","832,251 ","858,393 ","882,577 ","904,743 ","927,696 ","952,605 ","976,468 ","999,848 ","1,024,410 ","1,047,745 ","1,068,275 ","1,083,771 ","1,092,545 ","1,093,888 ","1,090,524 ","1,087,948 ","1,088,866 ","1,093,255 ","1,100,399 ","1,110,168 ","1,121,409 ","1,132,724 ","1,142,724 ","1,150,078 ","1,156,557 ","1,163,836 ","1,172,842 ","1,184,891 ","1,197,655 ","1,205,123 ","1,205,093 ","1,199,621 ","1,190,310 ","1,178,902 ","1,169,301 ","1,165,685 ","1,168,285 ","1,170,490 ","1,165,742 ","1,154,664 ","1,142,231 ","1,134,099 ","1,131,776 ","1,134,207 ","1,138,674 ","1,142,582 ","1,144,191 ","1,140,449 ","1,130,337 ","1,116,372 ","1,103,314 ","1,092,467 ","1,080,174 ","1,062,388 ","1,044,247 ","1,036,319 ","1,037,454 ","1,021,837 ","1,028,295 ","1,012,549 ","999,333 ","990,592 ","982,468 ","971,977 ","959,764 ","948,002 ","937,461 ","927,378 ","916,822 ","905,684 ","894,485 ","883,667 ","873,007 ","862,364 ","851,690 ","840,980 ","830,570 ","820,324 ","810,398 ","800,865 ","791,332 ","781,760 ","772,299 ","762,977 ","753,812 ","744,820 ","735,758 ","726,708 ","717,676 ","708,721 ","699,985 ","691,256 ","682,528 ","673,803 ","665,153 ","656,696 ","648,323 ","640,004 ","631,744 ","623,597 ","615,624 ","607,784 ","600,045 ","592,405 ","584,874 ","577,469 ","570,180 "
2,"483,825 ","492,911 ","501,142 ","512,434 ","529,988 ","552,614 ","579,664 ","607,361 ","631,551 ","654,818 ","680,026 ","707,339 ","735,311 ","762,641 ","788,980 ","815,548 ","842,105 ","866,529 ","888,970 ","912,349 ","936,579 ","961,035 ","986,460 ","1,011,913 ","1,035,864 ","1,056,933 ","1,073,044 ","1,082,289 ","1,083,958 ","1,081,119 ","1,079,118 ","1,080,411 ","1,085,029 ","1,092,401 ","1,102,361 ","1,113,642 ","1,124,830 ","1,134,596 ","1,141,799 ","1,148,199 ","1,155,443 ","1,164,451 ","1,176,534 ","1,189,412 ","1,197,082 ","1,197,292 ","1,191,969 ","1,182,585 ","1,170,976 ","1,160,995 ","1,157,322 ","1,160,802 ","1,164,129 ","1,160,347 ","1,150,002 ","1,138,940 ","1,132,804 ","1,132,216 ","1,134,439 ","1,137,739 ","1,141,281 ","1,142,524 ","1,138,138 ","1,127,643 ","1,113,195 ","1,099,169 ","1,087,894 ","1,075,982 ","1,058,952 ","1,041,226 ","1,035,600 ","1,036,599 ","1,021,026 ","1,027,531 ","1,011,836 ","998,675 ","989,977 ","981,898 ","971,448 ","959,275 ","947,549 ","937,042 ","926,989 ","916,463 ","905,351 ","894,178 ","883,383 ","872,744 ","862,121 ","851,465 ","840,773 ","830,378 ","820,146 ","810,234 ","800,712 ","791,191 ","781,629 ","772,178 ","762,866 ","753,709 ","744,724 ","735,670 ","726,627 ","717,600 ","708,652 ","699,921 ","691,196 ","682,473 ","673,752 ","665,106 ","656,653 ","648,283 ","639,967 ","631,710 ","623,566 ","615,595 ","607,757 ","600,020 ","592,381 ","584,853 ","577,449 "
3,"460,137 ","470,070 ","479,513 ","488,345 ","500,309 ","518,912 ","541,894 ","569,251 ","596,978 ","621,336 ","644,665 ","669,862 ","697,197 ","725,211 ","752,599 ","779,107 ","805,816 ","832,439 ","856,870 ","879,391 ","902,343 ","926,792 ","952,212 ","978,077 ","1,003,983 ","1,028,257 ","1,049,509 ","1,065,722 ","1,075,213 ","1,077,255 ","1,074,757 ","1,073,041 ","1,074,523 ","1,079,253 ","1,086,660 ","1,096,525 ","1,107,594 ","1,118,509 ","1,128,019 ","1,135,034 ","1,141,279 ","1,148,481 ","1,157,541 ","1,169,662 ","1,182,630 ","1,190,426 ","1,190,656 ","1,185,172 ","1,175,529 ","1,163,535 ","1,153,522 ","1,150,700 ","1,155,192 ","1,159,369 ","1,156,257 ","1,147,211 ","1,138,076 ","1,133,618 ","1,132,836 ","1,133,899 ","1,136,806 ","1,139,984 ","1,140,604 ","1,135,865 ","1,124,932 ","1,109,596 ","1,095,197 ","1,084,290 ","1,073,059 ","1,056,408 ","1,040,768 ","1,035,099 ","1,036,115 ","1,020,578 ","1,027,102 ","1,011,440 ","998,307 ","989,635 ","981,579 ","971,152 ","959,000 ","947,294 ","936,806 ","926,770 ","916,259 ","905,162 ","894,003 ","883,221 ","872,593 ","861,981 ","851,336 ","840,653 ","830,266 ","820,043 ","810,138 ","800,624 ","791,109 ","781,553 ","772,107 ","762,800 ","753,649 ","744,668 ","735,618 ","726,578 ","717,555 ","708,610 ","699,882 ","691,161 ","682,440 ","673,721 ","665,077 ","656,626 ","648,259 ","639,944 ","631,689 ","623,546 ","615,577 ","607,740 ","600,004 ","592,367 ","584,839 "
4,"440,962 ","451,303 ","461,388 ","471,193 ","480,510 ","493,190 ","512,023 ","535,186 ","562,452 ","590,191 ","614,568 ","637,915 ","663,105 ","690,416 ","718,416 ","745,851 ","772,370 ","799,070 ","825,580 ","849,922 ","872,127 ","895,139 ","920,075 ","945,729 ","971,937 ","998,057 ","1,022,348 ","1,043,557 ","1,059,948 ","1,069,712 ","1,071,972 ","1,069,698 ","1,068,149 ","1,069,707 ","1,074,425 ","1,081,700 ","1,091,331 ","1,102,118 ","1,112,744 ","1,122,015 ","1,128,832 ","1,135,023 ","1,142,284 ","1,151,367 ","1,163,552 ","1,176,595 ","1,184,341 ","1,184,363 ","1,178,593 ","1,168,568 ","1,156,549 ","1,147,379 ","1,145,541 ","1,150,837 ","1,155,635 ","1,153,753 ","1,146,574 ","1,139,060 ","1,134,420 ","1,132,509 ","1,133,180 ","1,135,732 ","1,138,318 ","1,138,599 ","1,133,449 ","1,121,686 ","1,106,027 ","1,091,990 ","1,081,722 ","1,070,832 ","1,056,057 ","1,040,400 ","1,034,745 ","1,035,781 ","1,020,265 ","1,026,806 ","1,011,164 ","998,051 ","989,395 ","981,355 ","970,943 ","958,806 ","947,114 ","936,638 ","926,613 ","916,114 ","905,027 ","893,877 ","883,103 ","872,484 ","861,880 ","851,241 ","840,565 ","830,185 ","819,967 ","810,068 ","800,558 ","791,048 ","781,496 ","772,055 ","762,751 ","753,603 ","744,625 ","735,578 ","726,541 ","717,521 ","708,578 ","699,853 ","691,133 ","682,414 ","673,697 ","665,055 ","656,606 ","648,239 ","639,926 ","631,672 ","623,531 ","615,563 ","607,727 ","599,992 ","592,356 "
5,"424,413 ","434,897 ","445,284 ","455,588 ","465,720 ","475,519 ","488,376 ","507,321 ","530,376 ","557,610 ","585,320 ","609,698 ","633,022 ","658,168 ","685,437 ","713,422 ","740,795 ","767,265 ","793,809 ","820,148 ","844,219 ","866,403 ","889,660 ","914,723 ","940,644 ","966,998 ","993,055 ","1,017,241 ","1,038,585 ","1,055,173 ","1,065,069 ","1,067,489 ","1,065,353 ","1,063,870 ","1,065,406 ","1,069,985 ","1,077,029 ","1,086,385 ","1,096,873 ","1,107,248 ","1,116,291 ","1,123,037 ","1,129,280 ","1,136,561 ","1,145,715 ","1,157,964 ","1,170,928 ","1,178,433 ","1,178,152 ","1,171,989 ","1,161,935 ","1,150,737 ","1,142,538 ","1,141,496 ","1,147,391 ","1,153,356 ","1,153,268 ","1,147,654 ","1,139,964 ","1,134,231 ","1,131,936 ","1,132,265 ","1,134,251 ","1,136,519 ","1,136,414 ","1,130,490 ","1,118,428 ","1,103,121 ","1,089,693 ","1,079,737 ","1,070,538 ","1,055,756 ","1,040,113 ","1,034,475 ","1,035,523 ","1,020,025 ","1,026,577 ","1,010,951 ","997,852 ","989,209 ","981,181 ","970,780 ","958,654 ","946,972 ","936,505 ","926,489 ","915,998 ","904,919 ","893,776 ","883,009 ","872,396 ","861,798 ","851,165 ","840,493 ","830,118 ","819,905 ","810,010 ","800,504 ","790,998 ","781,449 ","772,011 ","762,710 ","753,565 ","744,590 ","735,545 ","726,510 ","717,492 ","708,551 ","699,827 ","691,109 ","682,392 ","673,677 ","665,036 ","656,588 ","648,223 ","639,911 ","631,658 ","623,517 ","615,550 ","607,715 ","599,981 "
6,"408,383 ","420,070 ","430,543 ","441,059 ","451,587 ","462,026 ","471,946 ","484,891 ","503,733 ","526,757 ","553,956 ","581,638 ","605,968 ","629,239 ","654,339 ","681,565 ","709,451 ","736,747 ","763,045 ","789,390 ","815,484 ","839,474 ","861,761 ","885,088 ","910,354 ","936,372 ","962,637 ","988,559 ","1,012,840 ","1,034,329 ","1,050,996 ","1,060,989 ","1,063,511 ","1,061,433 ","1,059,928 ","1,061,323 ","1,065,681 ","1,072,458 ","1,081,523 ","1,091,762 ","1,101,892 ","1,110,855 ","1,117,647 ","1,123,915 ","1,131,264 ","1,140,491 ","1,152,663 ","1,165,367 ","1,172,544 ","1,171,862 ","1,165,660 ","1,156,391 ","1,146,140 ","1,138,725 ","1,138,283 ","1,145,306 ","1,152,986 ","1,154,406 ","1,148,622 ","1,139,880 ","1,133,764 ","1,131,138 ","1,130,932 ","1,132,622 ","1,134,533 ","1,133,697 ","1,127,487 ","1,115,757 ","1,101,034 ","1,087,909 ","1,079,478 ","1,070,276 ","1,055,504 ","1,039,879 ","1,034,252 ","1,035,311 ","1,019,826 ","1,026,388 ","1,010,774 ","997,686 ","989,054 ","981,035 ","970,643 ","958,526 ","946,852 ","936,392 ","926,384 ","915,899 ","904,826 ","893,689 ","882,928 ","872,320 ","861,727 ","851,098 ","840,431 ","830,060 ","819,851 ","809,959 ","800,456 ","790,953 ","781,407 ","771,971 ","762,673 ","753,530 ","744,557 ","735,514 ","726,482 ","717,466 ","708,526 ","699,804 ","691,088 ","682,372 ","673,658 ","665,018 ","656,571 ","648,207 ","639,896 ","631,644 ","623,504 ","615,538 ","607,704 "
7,"392,893 ","405,145 ","416,781 ","427,328 ","438,000 ","448,729 ","459,235 ","469,212 ","482,076 ","500,894 ","523,899 ","551,068 ","578,678 ","602,938 ","626,162 ","651,213 ","678,329 ","706,123 ","733,237 ","759,328 ","785,456 ","811,430 ","835,427 ","857,748 ","881,232 ","906,574 ","932,489 ","958,600 ","984,590 ","1,008,986 ","1,030,517 ","1,047,238 ","1,057,288 ","1,059,840 ","1,057,734 ","1,056,100 ","1,057,289 ","1,061,388 ","1,067,893 ","1,076,716 ","1,086,716 ","1,096,763 ","1,105,753 ","1,112,560 ","1,118,894 ","1,126,320 ","1,135,489 ","1,147,421 ","1,159,791 ","1,166,555 ","1,165,812 ","1,160,355 ","1,151,986 ","1,142,502 ","1,135,697 ","1,136,352 ","1,145,013 ","1,154,140 ","1,155,401 ","1,148,599 ","1,139,485 ","1,133,057 ","1,129,921 ","1,129,435 ","1,130,793 ","1,132,024 ","1,130,920 ","1,125,020 ","1,113,834 ","1,099,402 ","1,087,670 ","1,079,240 ","1,070,046 ","1,055,289 ","1,039,675 ","1,034,059 ","1,035,127 ","1,019,654 ","1,026,223 ","1,010,620 ","997,541 ","988,917 ","980,905 ","970,521 ","958,412 ","946,745 ","936,292 ","926,289 ","915,810 ","904,742 ","893,611 ","882,854 ","872,251 ","861,662 ","851,037 ","840,374 ","830,006 ","819,800 ","809,911 ","800,411 ","790,911 ","781,368 ","771,934 ","762,639 ","753,497 ","744,527 ","735,486 ","726,455 ","717,440 ","708,502 ","699,782 ","691,067 ","682,352 ","673,639 ","665,001 ","656,555 ","648,192 ","639,882 ","631,631 ","623,492 ","615,526 "
8,"379,793 ","390,389 ","402,573 ","414,240 ","424,896 ","435,702 ","446,468 ","456,996 ","466,901 ","479,758 ","498,568 ","521,558 ","548,656 ","576,177 ","600,381 ","623,553 ","648,496 ","675,517 ","703,131 ","730,037 ","755,930 ","781,929 ","807,857 ","831,843 ","854,280 ","877,824 ","903,058 ","928,822 ","954,981 ","981,064 ","1,005,473 ","1,027,033 ","1,043,770 ","1,053,824 ","1,056,339 ","1,054,105 ","1,052,275 ","1,053,220 ","1,057,063 ","1,063,339 ","1,071,938 ","1,081,851 ","1,091,914 ","1,100,909 ","1,107,783 ","1,114,192 ","1,121,568 ","1,130,526 ","1,142,148 ","1,154,102 ","1,160,777 ","1,160,726 ","1,156,126 ","1,148,497 ","1,139,613 ","1,133,879 ","1,136,112 ","1,146,153 ","1,155,132 ","1,155,418 ","1,148,257 ","1,138,838 ","1,131,918 ","1,128,524 ","1,127,736 ","1,128,455 ","1,129,439 ","1,128,626 ","1,123,228 ","1,112,323 ","1,099,168 ","1,087,441 ","1,079,019 ","1,069,837 ","1,055,091 ","1,039,488 ","1,033,881 ","1,034,958 ","1,019,495 ","1,026,070 ","1,010,476 ","997,406 ","988,788 ","980,784 ","970,407 ","958,304 ","946,643 ","936,196 ","926,199 ","915,725 ","904,662 ","893,535 ","882,783 ","872,183 ","861,598 ","850,977 ","840,317 ","829,953 ","819,750 ","809,864 ","800,367 ","790,869 ","781,328 ","771,897 ","762,603 ","753,464 ","744,495 ","735,456 ","726,427 ","717,414 ","708,478 ","699,759 ","691,045 ","682,331 ","673,620 ","664,982 ","656,538 ","648,176 ","639,866 ","631,616 ","623,478 "
9,"367,676 ","377,774 ","388,307 ","400,498 ","412,236 ","422,983 ","433,809 ","444,576 ","455,029 ","464,929 ","477,795 ","496,601 ","519,537 ","546,550 ","574,003 ","598,146 ","621,214 ","646,066 ","672,918 ","700,331 ","727,058 ","752,816 ","778,735 ","804,615 ","828,683 ","851,159 ","874,606 ","899,690 ","925,484 ","951,725 ","977,809 ","1,002,224 ","1,023,771 ","1,040,494 ","1,050,489 ","1,052,863 ","1,050,434 ","1,048,375 ","1,049,084 ","1,052,714 ","1,058,784 ","1,067,300 ","1,077,225 ","1,087,290 ","1,096,342 ","1,103,281 ","1,109,659 ","1,116,840 ","1,125,513 ","1,136,747 ","1,148,598 ","1,155,910 ","1,156,666 ","1,152,762 ","1,145,713 ","1,137,876 ","1,133,667 ","1,137,217 ","1,147,117 ","1,155,163 ","1,155,102 ","1,147,645 ","1,137,755 ","1,130,596 ","1,126,914 ","1,125,526 ","1,126,023 ","1,127,278 ","1,126,936 ","1,121,806 ","1,112,081 ","1,098,937 ","1,087,218 ","1,078,807 ","1,069,634 ","1,054,899 ","1,039,307 ","1,033,709 ","1,034,792 ","1,019,338 ","1,025,919 ","1,010,334 ","997,271 ","988,661 ","980,663 ","970,292 ","958,195 ","946,540 ","936,098 ","926,106 ","915,637 ","904,579 ","893,456 ","882,709 ","872,113 ","861,532 ","850,915 ","840,258 ","829,897 ","819,697 ","809,814 ","800,319 ","790,824 ","781,286 ","771,857 ","762,565 ","753,428 ","744,461 ","735,424 ","726,397 ","717,385 ","708,450 ","699,733 ","691,020 ","682,308 ","673,598 ","664,962 ","656,518 ","648,157 ","639,849 ","631,600 "
10,"355,298 ","365,985 ","376,021 ","386,557 ","398,794 ","410,590 ","421,348 ","432,164 ","442,858 ","453,298 ","463,209 ","476,087 ","494,855 ","517,723 ","544,673 ","572,053 ","596,088 ","619,068 ","643,769 ","670,435 ","697,680 ","724,269 ","749,933 ","775,785 ","801,711 ","825,791 ","848,181 ","871,486 ","896,589 ","922,457 ","948,695 ","974,768 ","999,166 ","1,020,680 ","1,037,328 ","1,047,154 ","1,049,317 ","1,046,671 ","1,044,392 ","1,044,906 ","1,048,346 ","1,054,348 ","1,062,876 ","1,072,809 ","1,082,922 ","1,092,023 ","1,098,931 ","1,105,123 ","1,112,053 ","1,120,376 ","1,131,512 ","1,143,950 ","1,152,007 ","1,153,420 ","1,150,074 ","1,144,039 ","1,137,669 ","1,134,721 ","1,138,137 ","1,147,146 ","1,154,852 ","1,154,503 ","1,146,586 ","1,136,467 ","1,129,041 ","1,124,793 ","1,123,200 ","1,123,958 ","1,125,660 ","1,125,572 ","1,121,544 ","1,111,835 ","1,098,699 ","1,086,992 ","1,078,590 ","1,069,427 ","1,054,702 ","1,039,120 ","1,033,530 ","1,034,620 ","1,019,175 ","1,025,761 ","1,010,184 ","997,129 ","988,525 ","980,534 ","970,169 ","958,078 ","946,429 ","935,993 ","926,006 ","915,542 ","904,488 ","893,370 ","882,627 ","872,036 ","861,458 ","850,844 ","840,191 ","829,833 ","819,637 ","809,757 ","800,265 ","790,772 ","781,237 ","771,810 ","762,521 ","753,386 ","744,421 ","735,386 ","726,361 ","717,351 ","708,418 ","699,702 ","690,991 ","682,280 ","673,572 ","664,937 ","656,494 ","648,134 ","639,827 "
11,"343,374 ","353,828 ","364,452 ","374,487 ","385,059 ","397,334 ","409,132 ","419,872 ","430,621 ","441,300 ","451,742 ","461,669 ","474,529 ","493,245 ","516,068 ","542,947 ","570,209 ","594,151 ","616,998 ","641,533 ","668,047 ","695,159 ","721,636 ","747,225 ","773,096 ","799,016 ","823,015 ","845,271 ","868,588 ","893,762 ","919,626 ","945,845 ","971,884 ","996,239 ","1,017,665 ","1,034,129 ","1,043,731 ","1,045,663 ","1,042,805 ","1,040,345 ","1,040,696 ","1,044,073 ","1,050,091 ","1,058,631 ","1,068,609 ","1,078,768 ","1,087,826 ","1,094,564 ","1,100,519 ","1,107,123 ","1,115,371 ","1,127,081 ","1,140,210 ","1,148,874 ","1,150,816 ","1,148,445 ","1,143,826 ","1,138,671 ","1,135,593 ","1,138,145 ","1,146,819 ","1,154,244 ","1,153,445 ","1,145,306 ","1,134,937 ","1,126,962 ","1,122,523 ","1,121,184 ","1,122,375 ","1,124,323 ","1,125,280 ","1,121,272 ","1,111,570 ","1,098,446 ","1,086,748 ","1,078,357 ","1,069,203 ","1,054,489 ","1,038,917 ","1,033,335 ","1,034,431 ","1,018,996 ","1,025,586 ","1,010,018 ","996,971 ","988,374 ","980,389 ","970,030 ","957,946 ","946,303 ","935,872 ","925,891 ","915,432 ","904,384 ","893,270 ","882,532 ","871,945 ","861,371 ","850,762 ","840,112 ","829,758 ","819,565 ","809,688 ","800,200 ","790,710 ","781,177 ","771,753 ","762,467 ","753,334 ","744,372 ","735,339 ","726,316 ","717,308 ","708,377 ","699,663 ","690,954 ","682,245 ","673,538 ","664,905 ","656,463 ","648,105 "
12,"332,332 ","342,029 ","352,422 ","363,040 ","373,100 ","383,702 ","395,975 ","407,745 ","418,425 ","429,156 ","439,831 ","450,282 ","460,200 ","473,028 ","491,714 ","514,478 ","541,240 ","568,394 ","592,206 ","614,903 ","639,298 ","665,681 ","692,676 ","719,065 ","744,647 ","770,503 ","796,341 ","820,199 ","842,464 ","865,854 ","891,020 ","916,855 ","943,036 ","969,026 ","993,282 ","1,014,508 ","1,030,716 ","1,040,062 ","1,041,765 ","1,038,731 ","1,036,119 ","1,036,410 ","1,039,810 ","1,045,844 ","1,054,437 ","1,064,462 ","1,074,577 ","1,083,466 ","1,089,984 ","1,095,648 ","1,102,221 ","1,111,056 ","1,123,464 ","1,137,175 ","1,146,332 ","1,149,200 ","1,148,194 ","1,144,751 ","1,139,467 ","1,135,548 ","1,137,771 ","1,146,166 ","1,153,141 ","1,152,127 ","1,143,739 ","1,132,837 ","1,124,685 ","1,120,502 ","1,119,595 ","1,121,029 ","1,123,992 ","1,124,972 ","1,120,970 ","1,111,279 ","1,098,166 ","1,086,480 ","1,078,097 ","1,068,954 ","1,054,250 ","1,038,690 ","1,033,116 ","1,034,218 ","1,018,792 ","1,025,388 ","1,009,829 ","996,790 ","988,200 ","980,221 ","969,870 ","957,792 ","946,156 ","935,731 ","925,755 ","915,302 ","904,259 ","893,151 ","882,418 ","871,835 ","861,267 ","850,662 ","840,017 ","829,666 ","819,477 ","809,604 ","800,119 ","790,633 ","781,103 ","771,682 ","762,399 ","753,269 ","744,310 ","735,279 ","726,259 ","717,253 ","708,325 ","699,613 ","690,906 ","682,199 ","673,494 ","664,863 ","656,423 "
13,"322,142 ","330,986 ","340,617 ","350,995 ","361,619 ","371,695 ","382,292 ","394,524 ","406,231 ","416,890 ","427,612 ","438,289 ","448,728 ","458,623 ","471,436 ","490,064 ","512,707 ","539,341 ","566,341 ","589,988 ","612,537 ","636,791 ","663,036 ","689,910 ","716,254 ","741,809 ","767,568 ","793,246 ","817,093 ","839,430 ","862,813 ","887,940 ","913,719 ","939,830 ","965,700 ","989,722 ","1,010,641 ","1,026,530 ","1,035,574 ","1,037,054 ","1,033,847 ","1,031,164 ","1,031,455 ","1,034,893 ","1,041,022 ","1,049,695 ","1,059,696 ","1,069,649 ","1,078,346 ","1,084,635 ","1,090,371 ","1,097,670 ","1,107,324 ","1,120,345 ","1,134,505 ","1,144,541 ","1,148,745 ","1,148,907 ","1,145,367 ","1,139,282 ","1,135,044 ","1,136,999 ","1,144,964 ","1,151,734 ","1,150,465 ","1,141,547 ","1,130,472 ","1,122,589 ","1,118,841 ","1,118,178 ","1,120,650 ","1,123,639 ","1,124,624 ","1,120,632 ","1,110,952 ","1,097,852 ","1,086,177 ","1,077,805 ","1,068,672 ","1,053,980 ","1,038,430 ","1,032,864 ","1,033,974 ","1,018,558 ","1,025,159 ","1,009,609 ","996,579 ","987,996 ","980,025 ","969,681 ","957,611 ","945,981 ","935,563 ","925,594 ","915,147 ","904,110 ","893,008 ","882,280 ","871,703 ","861,140 ","850,539 ","839,899 ","829,554 ","819,369 ","809,500 ","800,019 ","790,536 ","781,011 ","771,594 ","762,314 ","753,187 ","744,231 ","735,203 ","726,186 ","717,183 ","708,258 ","699,548 ","690,844 ","682,140 ","673,437 ","664,808 "
14,"312,564 ","320,710 ","329,480 ","339,085 ","349,451 ","360,073 ","370,135 ","380,685 ","392,848 ","404,524 ","415,166 ","425,884 ","436,547 ","446,959 ","456,842 ","469,603 ","488,104 ","510,604 ","537,058 ","563,853 ","587,320 ","609,702 ","633,789 ","659,889 ","686,685 ","712,967 ","738,397 ","763,973 ","789,619 ","813,527 ","835,847 ","859,181 ","884,236 ","909,929 ","935,893 ","961,479 ","985,117 ","1,005,619 ","1,021,105 ","1,029,838 ","1,031,087 ","1,027,765 ","1,025,060 ","1,025,407 ","1,028,980 ","1,035,221 ","1,043,874 ","1,053,704 ","1,063,487 ","1,072,033 ","1,078,550 ","1,085,253 ","1,093,590 ","1,103,951 ","1,117,370 ","1,132,364 ","1,143,725 ","1,149,123 ","1,149,246 ","1,144,948 ","1,138,556 ","1,134,068 ","1,135,616 ","1,143,385 ","1,149,904 ","1,148,083 ","1,138,995 ","1,128,211 ","1,120,800 ","1,117,309 ","1,117,743 ","1,120,246 ","1,123,239 ","1,124,234 ","1,120,251 ","1,110,584 ","1,097,496 ","1,085,834 ","1,077,473 ","1,068,350 ","1,053,670 ","1,038,133 ","1,032,576 ","1,033,692 ","1,018,288 ","1,024,893 ","1,009,354 ","996,333 ","987,759 ","979,795 ","969,459 ","957,398 ","945,776 ","935,365 ","925,403 ","914,962 ","903,933 ","892,837 ","882,115 ","871,544 ","860,986 ","850,392 ","839,757 ","829,417 ","819,237 ","809,373 ","799,896 ","790,418 ","780,897 ","771,484 ","762,208 ","753,086 ","744,133 ","735,109 ","726,095 ","717,096 ","708,173 ","699,467 ","690,766 ","682,064 ","673,364 "
15,"303,559 ","311,021 ","319,084 ","327,820 ","337,404 ","347,758 ","358,354 ","368,359 ","378,843 ","390,966 ","402,612 ","413,243 ","423,945 ","434,576 ","444,968 ","454,800 ","467,440 ","485,789 ","508,102 ","534,325 ","560,889 ","584,147 ","606,347 ","630,279 ","656,271 ","682,975 ","709,105 ","734,333 ","759,863 ","785,543 ","809,424 ","831,690 ","854,935 ","879,875 ","905,397 ","931,032 ","956,161 ","979,294 ","999,298 ","1,014,379 ","1,022,791 ","1,023,849 ","1,020,483 ","1,017,834 ","1,018,331 ","1,022,016 ","1,028,225 ","1,036,663 ","1,046,283 ","1,055,899 ","1,064,725 ","1,072,404 ","1,080,345 ","1,089,458 ","1,100,161 ","1,114,399 ","1,130,791 ","1,143,459 ","1,148,950 ","1,148,386 ","1,143,818 ","1,137,229 ","1,132,383 ","1,133,779 ","1,141,309 ","1,147,235 ","1,145,233 ","1,136,476 ","1,126,215 ","1,119,073 ","1,116,814 ","1,117,283 ","1,119,790 ","1,122,792 ","1,123,794 ","1,119,823 ","1,110,169 ","1,097,095 ","1,085,446 ","1,077,097 ","1,067,986 ","1,053,319 ","1,037,795 ","1,032,247 ","1,033,371 ","1,017,978 ","1,024,589 ","1,009,061 ","996,051 ","987,485 ","979,530 ","969,202 ","957,150 ","945,537 ","935,134 ","925,179 ","914,746 ","903,724 ","892,636 ","881,921 ","871,357 ","860,805 ","850,217 ","839,588 ","829,254 ","819,080 ","809,221 ","799,750 ","790,277 ","780,760 ","771,352 ","762,081 ","752,963 ","744,014 ","734,994 ","725,984 ","716,989 ","708,070 ","699,367 ","690,670 ","681,971 "
16,"294,952 ","301,839 ","309,205 ","317,222 ","325,925 ","335,486 ","345,801 ","356,323 ","366,257 ","376,699 ","388,778 ","400,400 ","411,011 ","421,674 ","432,275 ","442,596 ","452,300 ","464,788 ","482,933 ","504,994 ","530,940 ","557,233 ","580,265 ","602,280 ","626,082 ","651,946 ","678,458 ","704,349 ","729,506 ","755,062 ","780,698 ","804,483 ","826,638 ","849,753 ","874,488 ","899,618 ","924,708 ","949,217 ","971,727 ","991,204 ","1,005,838 ","1,013,944 ","1,014,870 ","1,011,555 ","1,009,093 ","1,009,730 ","1,013,375 ","1,019,327 ","1,027,481 ","1,036,823 ","1,046,710 ","1,056,901 ","1,066,037 ","1,074,838 ","1,084,195 ","1,095,714 ","1,111,526 ","1,129,444 ","1,142,433 ","1,147,368 ","1,146,632 ","1,141,985 ","1,135,135 ","1,130,199 ","1,131,373 ","1,138,280 ","1,144,007 ","1,142,376 ","1,134,195 ","1,124,230 ","1,118,513 ","1,116,292 ","1,116,767 ","1,119,284 ","1,122,293 ","1,123,306 ","1,119,346 ","1,109,706 ","1,096,647 ","1,085,012 ","1,076,675 ","1,067,577 ","1,052,925 ","1,037,414 ","1,031,877 ","1,033,008 ","1,017,628 ","1,024,244 ","1,008,729 ","995,730 ","987,174 ","979,228 ","968,910 ","956,867 ","945,263 ","934,870 ","924,923 ","914,499 ","903,484 ","892,404 ","881,697 ","871,140 ","860,596 ","850,015 ","839,393 ","829,065 ","818,897 ","809,044 ","799,579 ","790,112 ","780,601 ","771,198 ","761,931 ","752,818 ","743,875 ","734,859 ","725,854 ","716,863 ","707,948 ","699,250 ","690,556 "
17,"286,519 ","293,031 ","299,808 ","307,114 ","315,088 ","323,760 ","333,272 ","343,498 ","353,933 ","363,817 ","374,214 ","386,257 ","397,847 ","408,413 ","419,033 ","429,543 ","439,711 ","449,251 ","461,535 ","479,410 ","501,171 ","526,791 ","552,793 ","575,599 ","597,464 ","621,115 ","646,756 ","672,983 ","698,772 ","723,939 ","749,427 ","774,937 ","798,577 ","820,576 ","843,456 ","867,737 ","892,227 ","916,578 ","940,337 ","962,190 ","981,102 ","995,291 ","1,003,132 ","1,004,065 ","1,000,973 ","998,706 ","999,323 ","1,002,690 ","1,008,294 ","1,016,071 ","1,025,677 ","1,037,138 ","1,049,006 ","1,059,073 ","1,067,995 ","1,078,143 ","1,091,421 ","1,108,985 ","1,127,449 ","1,140,014 ","1,144,895 ","1,144,217 ","1,139,420 ","1,132,553 ","1,127,416 ","1,127,933 ","1,134,621 ","1,140,754 ","1,139,758 ","1,131,894 ","1,123,601 ","1,117,928 ","1,115,714 ","1,116,200 ","1,118,725 ","1,121,745 ","1,122,767 ","1,118,821 ","1,109,195 ","1,096,153 ","1,084,533 ","1,076,210 ","1,067,125 ","1,052,488 ","1,036,993 ","1,031,466 ","1,032,605 ","1,017,240 ","1,023,861 ","1,008,360 ","995,373 ","986,827 ","978,891 ","968,583 ","956,551 ","944,958 ","934,573 ","924,636 ","914,221 ","903,215 ","892,144 ","881,445 ","870,896 ","860,360 ","849,787 ","839,172 ","828,852 ","818,690 ","808,845 ","799,386 ","789,924 ","780,420 ","771,022 ","761,762 ","752,654 ","743,716 ","734,706 ","725,705 ","716,719 ","707,809 ","699,115 "
18,"278,253 ","284,453 ","290,847 ","297,559 ","304,819 ","312,760 ","321,380 ","330,798 ","340,930 ","351,303 ","361,136 ","371,500 ","383,503 ","395,036 ","405,550 ","416,067 ","426,410 ","436,395 ","445,730 ","457,762 ","475,341 ","496,778 ","522,082 ","547,809 ","570,436 ","592,143 ","615,560 ","640,903 ","667,004 ","692,784 ","717,877 ","743,220 ","768,536 ","791,987 ","813,733 ","836,132 ","859,719 ","883,405 ","906,935 ","929,965 ","951,168 ","969,522 ","983,334 ","991,099 ","992,235 ","989,370 ","987,116 ","987,466 ","990,439 ","995,560 ","1,003,553 ","1,014,829 ","1,028,070 ","1,040,871 ","1,050,927 ","1,060,611 ","1,072,665 ","1,087,889 ","1,106,176 ","1,124,310 ","1,136,897 ","1,141,943 ","1,141,209 ","1,136,452 ","1,129,379 ","1,123,535 ","1,123,841 ","1,130,980 ","1,137,795 ","1,137,118 ","1,131,194 ","1,122,950 ","1,117,286 ","1,115,086 ","1,115,582 ","1,118,118 ","1,121,147 ","1,122,181 ","1,118,248 ","1,108,639 ","1,095,614 ","1,084,011 ","1,075,702 ","1,066,631 ","1,052,011 ","1,036,532 ","1,031,017 ","1,032,165 ","1,016,814 ","1,023,442 ","1,007,955 ","994,981 ","986,447 ","978,521 ","968,225 ","956,204 ","944,622 ","934,248 ","924,320 ","913,915 ","902,919 ","891,857 ","881,167 ","870,628 ","860,100 ","849,535 ","838,929 ","828,616 ","818,462 ","808,624 ","799,172 ","789,717 ","780,219 ","770,828 ","761,574 ","752,472 ","743,539 ","734,535 ","725,540 ","716,559 ","707,654 "
19,"269,906 ","276,110 ","282,191 ","288,523 ","295,194 ","302,425 ","310,315 ","318,842 ","328,168 ","338,236 ","348,548 ","358,348 ","368,681 ","380,620 ","392,089 ","402,495 ","412,842 ","422,997 ","432,764 ","441,864 ","453,641 ","470,922 ","492,073 ","517,103 ","542,609 ","565,066 ","586,551 ","609,679 ","634,895 ","660,979 ","686,663 ","711,599 ","736,742 ","761,846 ","785,013 ","806,274 ","827,974 ","850,749 ","873,596 ","896,377 ","918,726 ","939,328 ","957,236 ","970,894 ","978,787 ","980,114 ","977,279 ","974,785 ","974,714 ","977,109 ","982,375 ","992,034 ","1,005,098 ","1,019,240 ","1,031,926 ","1,042,721 ","1,054,413 ","1,068,547 ","1,084,592 ","1,102,579 ","1,120,768 ","1,133,571 ","1,138,598 ","1,137,912 ","1,132,907 ","1,125,054 ","1,118,979 ","1,119,784 ","1,127,664 ","1,134,804 ","1,136,350 ","1,130,476 ","1,122,243 ","1,116,596 ","1,114,409 ","1,114,918 ","1,117,464 ","1,120,505 ","1,121,551 ","1,117,632 ","1,108,040 ","1,095,034 ","1,083,448 ","1,075,155 ","1,066,100 ","1,051,497 ","1,036,036 ","1,030,533 ","1,031,690 ","1,016,356 ","1,022,989 ","1,007,518 ","994,558 ","986,036 ","978,122 ","967,837 ","955,829 ","944,259 ","933,896 ","923,979 ","913,584 ","902,599 ","891,547 ","880,867 ","870,337 ","859,818 ","849,262 ","838,665 ","828,360 ","818,215 ","808,384 ","798,939 ","789,492 ","780,001 ","770,617 ","761,369 ","752,274 ","743,348 ","734,349 ","725,360 ","716,385 "
20,"261,037 ","267,745 ","273,834 ","279,864 ","286,164 ","292,814 ","300,000 ","307,802 ","316,244 ","325,510 ","335,515 ","345,789 ","355,561 ","365,842 ","377,712 ","389,066 ","399,310 ","409,475 ","419,413 ","428,946 ","437,824 ","449,366 ","466,405 ","487,323 ","512,144 ","537,456 ","559,682 ","580,904 ","603,938 ","629,132 ","655,115 ","680,636 ","705,372 ","730,297 ","755,099 ","777,773 ","798,364 ","819,285 ","841,252 ","863,380 ","885,502 ","907,250 ","927,391 ","945,096 ","958,812 ","966,812 ","968,125 ","965,057 ","962,128 ","961,412 ","963,879 ","970,746 ","982,127 ","996,057 ","1,010,051 ","1,023,469 ","1,036,318 ","1,050,159 ","1,065,118 ","1,080,830 ","1,098,870 ","1,117,265 ","1,130,026 ","1,135,066 ","1,134,058 ","1,128,147 ","1,119,984 ","1,114,445 ","1,116,065 ","1,124,293 ","1,133,975 ","1,135,566 ","1,129,704 ","1,121,491 ","1,115,860 ","1,113,689 ","1,114,210 ","1,116,769 ","1,119,821 ","1,120,880 ","1,116,977 ","1,107,404 ","1,094,418 ","1,082,850 ","1,074,573 ","1,065,534 ","1,050,950 ","1,035,508 ","1,030,019 ","1,031,185 ","1,015,868 ","1,022,508 ","1,007,053 ","994,109 ","985,599 ","977,697 ","967,425 ","955,430 ","943,872 ","933,521 ","923,616 ","913,232 ","902,258 ","891,217 ","880,547 ","870,027 ","859,518 ","848,972 ","838,384 ","828,088 ","817,951 ","808,129 ","798,692 ","789,253 ","779,769 ","770,393 ","761,152 ","752,064 ","743,144 ","734,152 ","725,169 "
21,"251,378 ","258,908 ","265,505 ","271,553 ","277,563 ","283,852 ","290,464 ","297,570 ","305,296 ","313,686 ","322,894 ","332,863 ","343,104 ","352,828 ","363,054 ","374,812 ","386,009 ","396,085 ","406,044 ","415,758 ","425,083 ","433,765 ","445,131 ","461,992 ","482,750 ","507,390 ","532,459 ","554,440 ","575,589 ","598,619 ","623,718 ","649,534 ","674,855 ","699,382 ","724,020 ","748,337 ","770,365 ","790,229 ","810,413 ","831,716 ","853,238 ","874,804 ","896,107 ","916,027 ","933,734 ","947,489 ","955,403 ","956,434 ","952,901 ","949,291 ","948,579 ","952,535 ","961,031 ","973,247 ","987,061 ","1,001,809 ","1,017,288 ","1,032,304 ","1,046,902 ","1,061,441 ","1,077,170 ","1,095,379 ","1,113,672 ","1,126,380 ","1,130,989 ","1,128,928 ","1,122,596 ","1,114,954 ","1,110,303 ","1,112,318 ","1,123,413 ","1,133,134 ","1,134,733 ","1,128,890 ","1,120,696 ","1,115,085 ","1,112,929 ","1,113,466 ","1,116,037 ","1,119,102 ","1,120,175 ","1,116,288 ","1,106,734 ","1,093,769 ","1,082,221 ","1,073,961 ","1,064,939 ","1,050,375 ","1,034,952 ","1,029,477 ","1,030,653 ","1,015,355 ","1,022,002 ","1,006,565 ","993,636 ","985,140 ","977,250 ","966,992 ","955,011 ","943,466 ","933,128 ","923,234 ","912,862 ","901,900 ","890,870 ","880,212 ","869,702 ","859,204 ","848,667 ","838,089 ","827,803 ","817,675 ","807,861 ","798,433 ","789,002 ","779,526 ","770,157 ","760,924 ","751,843 ","742,930 ","733,945 "
22,"242,380 ","249,314 ","256,737 ","263,301 ","269,340 ","275,350 ","281,608 ","288,149 ","295,189 ","302,869 ","311,208 ","320,386 ","330,324 ","340,516 ","350,192 ","360,325 ","371,939 ","382,978 ","392,862 ","402,615 ","412,142 ","421,282 ","429,833 ","441,087 ","457,840 ","478,469 ","502,891 ","527,710 ","549,621 ","570,787 ","593,738 ","618,688 ","644,305 ","669,426 ","693,687 ","717,874 ","741,580 ","762,932 ","782,131 ","801,730 ","822,492 ","843,515 ","864,680 ","885,770 ","905,666 ","923,368 ","936,971 ","944,541 ","945,037 ","940,781 ","937,113 ","937,764 ","943,236 ","952,554 ","964,734 ","979,351 ","996,158 ","1,013,774 ","1,029,430 ","1,043,485 ","1,057,980 ","1,073,817 ","1,091,870 ","1,110,033 ","1,122,183 ","1,125,600 ","1,122,985 ","1,117,130 ","1,110,419 ","1,106,217 ","1,111,392 ","1,122,524 ","1,132,247 ","1,133,861 ","1,128,037 ","1,119,866 ","1,114,274 ","1,112,137 ","1,112,689 ","1,115,274 ","1,118,352 ","1,119,439 ","1,115,569 ","1,106,036 ","1,093,092 ","1,081,565 ","1,073,323 ","1,064,320 ","1,049,776 ","1,034,374 ","1,028,913 ","1,030,100 ","1,014,821 ","1,021,475 ","1,006,057 ","993,144 ","984,662 ","976,786 ","966,542 ","954,575 ","943,044 ","932,719 ","922,838 ","912,478 ","901,528 ","890,510 ","879,863 ","869,364 ","858,877 ","848,351 ","837,783 ","827,506 ","817,388 ","807,583 ","798,164 ","788,741 ","779,274 ","769,913 ","760,688 ","751,614 ","742,708 "
23,"233,568 ","240,392 ","247,235 ","254,630 ","261,192 ","267,238 ","273,225 ","279,419 ","285,902 ","292,902 ","300,537 ","308,855 ","318,009 ","327,902 ","338,045 ","347,640 ","357,657 ","369,129 ","379,985 ","389,683 ","399,270 ","408,626 ","417,651 ","426,132 ","437,336 ","454,013 ","474,480 ","498,683 ","523,417 ","545,337 ","566,441 ","589,268 ","614,041 ","639,471 ","664,339 ","688,192 ","711,821 ","734,906 ","755,655 ","774,338 ","793,474 ","813,801 ","834,482 ","855,458 ","876,510 ","896,371 ","913,893 ","927,111 ","934,071 ","933,773 ","929,380 ","926,951 ","929,005 ","935,286 ","944,670 ","957,722 ","974,383 ","993,278 ","1,011,393 ","1,026,376 ","1,040,313 ","1,054,839 ","1,070,471 ","1,088,327 ","1,105,832 ","1,116,670 ","1,119,394 ","1,117,185 ","1,112,268 ","1,106,049 ","1,105,245 ","1,110,462 ","1,121,594 ","1,131,327 ","1,132,955 ","1,127,154 ","1,119,006 ","1,113,436 ","1,111,316 ","1,111,885 ","1,114,484 ","1,117,576 ","1,118,678 ","1,114,826 ","1,105,314 ","1,092,394 ","1,080,888 ","1,072,665 ","1,063,680 ","1,049,158 ","1,033,777 ","1,028,332 ","1,029,530 ","1,014,271 ","1,020,932 ","1,005,533 ","992,638 ","984,170 ","976,308 ","966,078 ","954,127 ","942,610 ","932,298 ","922,430 ","912,083 ","901,146 ","890,140 ","879,505 ","869,018 ","858,541 ","848,026 ","837,469 ","827,202 ","817,094 ","807,299 ","797,888 ","788,474 ","779,016 ","769,663 ","760,446 ","751,380 "
24,"225,050 ","231,660 ","238,405 ","245,236 ","252,633 ","259,206 ","265,233 ","271,161 ","277,304 ","283,754 ","290,715 ","298,336 ","306,636 ","315,752 ","325,601 ","335,667 ","345,165 ","355,069 ","366,370 ","377,052 ","386,605 ","396,041 ","405,302 ","414,262 ","422,727 ","433,910 ","450,471 ","470,774 ","494,909 ","519,637 ","541,492 ","562,490 ","585,171 ","609,777 ","634,975 ","659,469 ","682,825 ","705,909 ","728,443 ","748,725 ","767,010 ","785,779 ","805,819 ","826,340 ","847,276 ","868,282 ","887,966 ","905,090 ","917,655 ","923,750 ","923,202 ","919,902 ","918,761 ","921,622 ","928,072 ","938,402 ","953,484 ","972,166 ","991,424 ","1,008,745 ","1,023,530 ","1,037,433 ","1,051,697 ","1,067,082 ","1,084,217 ","1,100,318 ","1,110,346 ","1,113,401 ","1,112,115 ","1,107,699 ","1,105,029 ","1,104,272 ","1,109,494 ","1,120,636 ","1,130,376 ","1,132,023 ","1,126,244 ","1,118,122 ","1,112,573 ","1,110,473 ","1,111,058 ","1,113,673 ","1,116,779 ","1,117,897 ","1,114,064 ","1,104,574 ","1,091,677 ","1,080,194 ","1,071,990 ","1,063,024 ","1,048,525 ","1,033,166 ","1,027,736 ","1,028,946 ","1,013,707 ","1,020,377 ","1,004,997 ","992,120 ","983,667 ","975,819 ","965,605 ","953,669 ","942,167 ","931,869 ","922,014 ","911,680 ","900,756 ","889,763 ","879,140 ","868,664 ","858,200 ","847,695 ","837,149 ","826,893 ","816,794 ","807,009 ","797,608 ","788,203 ","778,753 ","769,409 ","760,200 "
25,"217,860 ","223,222 ","229,765 ","236,507 ","243,354 ","250,761 ","257,316 ","263,288 ","269,170 ","275,283 ","281,698 ","288,652 ","296,260 ","304,530 ","313,610 ","323,391 ","333,370 ","342,775 ","352,534 ","363,676 ","374,227 ","383,649 ","393,002 ","402,209 ","411,159 ","419,633 ","430,756 ","447,201 ","467,473 ","491,606 ","516,246 ","538,000 ","558,879 ","581,424 ","605,827 ","630,684 ","654,737 ","677,615 ","700,214 ","722,323 ","742,240 ","760,222 ","778,766 ","798,670 ","819,153 ","840,052 ","860,885 ","880,181 ","896,649 ","908,314 ","914,048 ","914,414 ","912,280 ","911,935 ","915,061 ","922,524 ","934,855 ","951,888 ","970,816 ","989,178 ","1,006,236 ","1,020,921 ","1,034,511 ","1,048,491 ","1,063,123 ","1,078,830 ","1,094,044 ","1,104,304 ","1,108,235 ","1,107,440 ","1,106,631 ","1,104,011 ","1,103,265 ","1,108,503 ","1,119,651 ","1,129,404 ","1,131,067 ","1,125,313 ","1,117,216 ","1,111,692 ","1,109,611 ","1,110,214 ","1,112,844 ","1,115,966 ","1,117,099 ","1,113,286 ","1,103,818 ","1,090,946 ","1,079,485 ","1,071,302 ","1,062,356 ","1,047,879 ","1,032,543 ","1,027,130 ","1,028,352 ","1,013,134 ","1,019,812 ","1,004,452 ","991,593 ","983,156 ","975,322 ","965,123 ","953,203 ","941,717 ","931,433 ","921,592 ","911,271 ","900,360 ","889,380 ","878,770 ","868,306 ","857,853 ","847,360 ","836,825 ","826,580 ","816,491 ","806,716 ","797,324 ","787,929 ","778,487 ","769,152 "
26,"210,766 ","216,100 ","221,413 ","227,962 ","234,729 ","241,595 ","248,981 ","255,482 ","261,411 ","267,265 ","273,346 ","279,759 ","286,704 ","294,288 ","302,528 ","311,552 ","321,261 ","331,156 ","340,433 ","350,060 ","361,086 ","371,514 ","380,868 ","390,178 ","399,373 ","408,333 ","416,777 ","427,839 ","444,285 ","464,580 ","488,634 ","513,168 ","534,811 ","555,577 ","577,948 ","602,052 ","626,519 ","650,152 ","672,610 ","694,837 ","716,617 ","736,260 ","754,057 ","772,500 ","792,370 ","812,822 ","833,566 ","854,031 ","872,692 ","888,263 ","899,495 ","905,958 ","907,333 ","905,969 ","905,982 ","910,168 ","919,589 ","933,795 ","950,974 ","968,937 ","986,998 ","1,003,887 ","1,018,225 ","1,031,498 ","1,044,707 ","1,057,918 ","1,072,722 ","1,088,091 ","1,099,157 ","1,103,560 ","1,106,330 ","1,105,569 ","1,102,961 ","1,102,237 ","1,107,487 ","1,118,648 ","1,128,411 ","1,130,095 ","1,124,365 ","1,116,295 ","1,110,794 ","1,108,735 ","1,109,355 ","1,112,002 ","1,115,139 ","1,116,289 ","1,112,495 ","1,103,051 ","1,090,204 ","1,078,767 ","1,070,603 ","1,061,679 ","1,047,225 ","1,031,912 ","1,026,516 ","1,027,750 ","1,012,553 ","1,019,240 ","1,003,900 ","991,060 ","982,638 ","974,820 ","964,637 ","952,733 ","941,262 ","930,992 ","921,165 ","910,858 ","899,961 ","888,994 ","878,396 ","867,945 ","857,504 ","847,023 ","836,498 ","826,264 ","816,186 ","806,421 ","797,039 ","787,652 ","778,220 "
27,"203,650 ","209,071 ","214,363 ","219,698 ","226,279 ","233,070 ","239,921 ","247,251 ","253,707 ","259,608 ","265,432 ","271,514 ","277,921 ","284,848 ","292,408 ","300,602 ","309,569 ","319,207 ","328,982 ","338,143 ","347,678 ","358,589 ","368,952 ","378,274 ","387,582 ","396,799 ","405,729 ","414,138 ","425,240 ","441,724 ","461,971 ","485,932 ","510,348 ","531,888 ","552,513 ","574,623 ","598,388 ","622,487 ","645,743 ","667,877 ","689,822 ","711,356 ","730,835 ","748,549 ","766,969 ","786,814 ","807,125 ","827,538 ","847,401 ","865,196 ","880,298 ","892,103 ","899,416 ","901,504 ","900,551 ","901,649 ","907,753 ","918,969 ","933,236 ","949,414 ","967,042 ","984,896 ","1,001,411 ","1,015,410 ","1,027,904 ","1,039,723 ","1,052,040 ","1,066,958 ","1,083,072 ","1,094,569 ","1,102,412 ","1,105,226 ","1,104,477 ","1,101,895 ","1,101,189 ","1,106,458 ","1,117,628 ","1,127,405 ","1,129,108 ","1,123,405 ","1,115,362 ","1,109,885 ","1,107,847 ","1,108,486 ","1,111,149 ","1,114,302 ","1,115,469 ","1,111,696 ","1,102,276 ","1,089,454 ","1,078,040 ","1,069,898 ","1,060,994 ","1,046,564 ","1,031,275 ","1,025,896 ","1,027,142 ","1,011,967 ","1,018,663 ","1,003,344 ","990,523 ","982,117 ","974,314 ","964,147 ","952,259 ","940,804 ","930,549 ","920,736 ","910,443 ","899,560 ","888,607 ","878,021 ","867,583 ","857,154 ","846,684 ","836,171 ","825,948 ","815,880 ","806,125 ","796,753 ","787,376 "
28,"196,553 ","202,019 ","207,403 ","212,720 ","218,100 ","224,709 ","231,489 ","238,290 ","245,572 ","251,996 ","257,866 ","263,695 ","269,773 ","276,165 ","283,073 ","290,595 ","298,745 ","307,654 ","317,184 ","326,853 ","335,938 ","345,377 ","356,234 ","366,564 ","375,887 ","385,212 ","394,407 ","403,311 ","411,769 ","422,945 ","439,407 ","459,579 ","483,442 ","507,753 ","529,157 ","549,561 ","571,389 ","594,833 ","618,605 ","641,571 ","663,456 ","685,189 ","706,575 ","725,977 ","743,671 ","762,070 ","781,797 ","801,808 ","821,661 ","840,707 ","858,026 ","873,572 ","886,095 ","894,044 ","896,559 ","896,697 ","899,654 ","907,470 ","918,683 ","931,931 ","947,758 ","965,155 ","982,623 ","998,786 ","1,012,005 ","1,023,159 ","1,034,102 ","1,046,519 ","1,062,136 ","1,078,638 ","1,093,390 ","1,101,271 ","1,104,094 ","1,103,370 ","1,100,809 ","1,100,129 ","1,105,412 ","1,116,596 ","1,126,386 ","1,128,109 ","1,122,432 ","1,114,417 ","1,108,966 ","1,106,949 ","1,107,607 ","1,110,287 ","1,113,456 ","1,114,641 ","1,110,889 ","1,101,493 ","1,088,697 ","1,077,307 ","1,069,187 ","1,060,304 ","1,045,898 ","1,030,633 ","1,025,271 ","1,026,530 ","1,011,377 ","1,018,082 ","1,002,785 ","989,982 ","981,593 ","973,805 ","963,654 ","951,783 ","940,344 ","930,104 ","920,305 ","910,026 ","899,157 ","888,217 ","877,645 ","867,219 ","856,802 ","846,344 ","835,843 ","825,630 ","815,574 ","805,829 ","796,466 "
29,"189,489 ","194,981 ","200,415 ","205,827 ","211,192 ","216,610 ","223,211 ","229,942 ","236,702 ","243,946 ","250,335 ","256,211 ","262,036 ","268,102 ","274,480 ","281,355 ","288,844 ","296,949 ","305,763 ","315,197 ","324,797 ","333,798 ","343,200 ","354,027 ","364,352 ","373,695 ","383,010 ","392,174 ","401,134 ","409,677 ","420,849 ","437,262 ","457,367 ","481,137 ","505,316 ","526,523 ","546,678 ","568,239 ","591,399 ","614,913 ","637,664 ","659,366 ","680,975 ","702,282 ","721,651 ","739,331 ","757,626 ","777,081 ","796,579 ","815,670 ","834,246 ","851,922 ","868,076 ","881,165 ","889,527 ","893,102 ","895,029 ","899,613 ","907,379 ","917,574 ","930,468 ","946,051 ","963,066 ","980,176 ","995,575 ","1,007,503 ","1,017,811 ","1,028,840 ","1,041,919 ","1,057,910 ","1,077,437 ","1,092,220 ","1,100,105 ","1,102,950 ","1,102,246 ","1,099,713 ","1,099,055 ","1,104,358 ","1,115,553 ","1,125,357 ","1,127,101 ","1,121,452 ","1,113,465 ","1,108,039 ","1,106,044 ","1,106,721 ","1,109,419 ","1,112,605 ","1,113,807 ","1,110,076 ","1,100,704 ","1,087,935 ","1,076,570 ","1,068,471 ","1,059,609 ","1,045,228 ","1,029,988 ","1,024,642 ","1,025,915 ","1,010,785 ","1,017,498 ","1,002,222 ","989,439 ","981,066 ","973,294 ","963,160 ","951,306 ","939,883 ","929,658 ","919,873 ","909,609 ","898,753 ","887,827 ","877,268 ","866,855 ","856,450 ","846,004 ","835,514 ","825,313 ","815,267 ","805,532 "
30,"182,583 ","187,974 ","193,438 ","198,900 ","204,360 ","209,766 ","215,186 ","221,742 ","228,433 ","235,157 ","242,361 ","248,753 ","254,624 ","260,438 ","266,492 ","272,843 ","279,694 ","287,147 ","295,169 ","303,899 ","313,273 ","322,790 ","331,764 ","341,146 ","351,966 ","362,316 ","371,646 ","380,937 ","390,156 ","399,188 ","407,751 ","418,901 ","435,270 ","455,307 ","478,959 ","502,947 ","523,934 ","543,867 ","565,189 ","588,124 ","611,441 ","634,027 ","655,627 ","677,165 ","698,427 ","717,770 ","735,363 ","753,421 ","772,401 ","791,201 ","809,842 ","828,708 ","846,899 ","863,559 ","877,045 ","886,420 ","891,687 ","895,151 ","899,647 ","906,409 ","916,255 ","928,908 ","944,122 ","960,781 ","977,150 ","991,314 ","1,002,434 ","1,012,807 ","1,024,457 ","1,037,902 ","1,056,693 ","1,076,244 ","1,091,023 ","1,098,926 ","1,101,788 ","1,101,112 ","1,098,604 ","1,097,972 ","1,103,293 ","1,114,501 ","1,124,319 ","1,126,085 ","1,120,463 ","1,112,505 ","1,107,104 ","1,105,132 ","1,105,829 ","1,108,544 ","1,111,747 ","1,112,967 ","1,109,257 ","1,099,911 ","1,087,168 ","1,075,828 ","1,067,750 ","1,058,911 ","1,044,555 ","1,029,338 ","1,024,011 ","1,025,297 ","1,010,189 ","1,016,912 ","1,001,658 ","988,894 ","980,538 ","972,781 ","962,664 ","950,827 ","939,420 ","929,210 ","919,440 ","909,190 ","898,348 ","887,436 ","876,890 ","866,490 ","856,097 ","845,663 ","835,185 ","824,995 ","814,960 "
31,"176,032 ","181,121 ","186,489 ","191,980 ","197,491 ","202,992 ","208,400 ","213,784 ","220,302 ","226,957 ","233,644 ","240,847 ","247,230 ","253,088 ","258,892 ","264,924 ","271,256 ","278,079 ","285,460 ","293,409 ","302,086 ","311,381 ","320,876 ","329,835 ","339,228 ","350,062 ","360,397 ","369,713 ","379,053 ","388,343 ","397,387 ","405,939 ","417,072 ","433,400 ","453,350 ","476,828 ","500,614 ","521,401 ","541,131 ","562,260 ","585,026 ","608,201 ","630,694 ","652,229 ","673,721 ","694,944 ","714,196 ","731,569 ","749,200 ","767,543 ","785,917 ","804,799 ","824,111 ","842,761 ","859,795 ","874,231 ","885,191 ","891,902 ","895,254 ","898,774 ","905,197 ","914,804 ","927,101 ","941,975 ","957,932 ","973,132 ","986,517 ","997,685 ","1,008,644 ","1,020,643 ","1,036,668 ","1,055,485 ","1,075,027 ","1,089,816 ","1,097,731 ","1,100,618 ","1,099,965 ","1,097,486 ","1,096,879 ","1,102,219 ","1,113,441 ","1,123,273 ","1,125,061 ","1,119,466 ","1,111,538 ","1,106,164 ","1,104,214 ","1,104,931 ","1,107,664 ","1,110,884 ","1,112,123 ","1,108,434 ","1,099,113 ","1,086,397 ","1,075,082 ","1,067,027 ","1,058,209 ","1,043,878 ","1,028,686 ","1,023,377 ","1,024,676 ","1,009,591 ","1,016,323 ","1,001,091 ","988,347 ","980,007 ","972,267 ","962,166 ","950,346 ","938,956 ","928,761 ","919,006 ","908,770 ","897,943 ","887,045 ","876,512 ","866,124 ","855,744 ","845,322 ","834,856 ","824,677 "
32,"170,025 ","174,619 ","179,689 ","185,084 ","190,624 ","196,176 ","201,680 ","207,052 ","212,406 ","218,889 ","225,507 ","232,196 ","239,383 ","245,750 ","251,598 ","257,381 ","263,399 ","269,710 ","276,469 ","283,786 ","291,689 ","300,304 ","309,581 ","319,056 ","328,024 ","337,439 ","348,262 ","358,574 ","367,935 ","377,345 ","386,644 ","395,683 ","404,229 ","415,358 ","431,617 ","451,424 ","474,726 ","498,319 ","518,922 ","538,493 ","559,474 ","582,118 ","605,212 ","627,639 ","649,129 ","670,574 ","691,709 ","710,750 ","727,733 ","744,780 ","762,728 ","781,307 ","800,584 ","820,306 ","839,312 ","857,234 ","873,133 ","885,441 ","892,025 ","894,434 ","897,632 ","903,822 ","913,093 ","925,070 ","939,282 ","954,139 ","968,602 ","982,017 ","993,723 ","1,005,010 ","1,019,389 ","1,035,442 ","1,054,250 ","1,073,797 ","1,088,591 ","1,096,526 ","1,099,434 ","1,098,810 ","1,096,358 ","1,095,777 ","1,101,136 ","1,112,371 ","1,122,218 ","1,124,028 ","1,118,462 ","1,110,563 ","1,105,215 ","1,103,288 ","1,104,026 ","1,106,777 ","1,110,014 ","1,111,272 ","1,107,605 ","1,098,309 ","1,085,620 ","1,074,330 ","1,066,298 ","1,057,502 ","1,043,196 ","1,028,030 ","1,022,738 ","1,024,051 ","1,008,989 ","1,015,731 ","1,000,521 ","987,797 ","979,474 ","971,750 ","961,666 ","949,863 ","938,489 ","928,310 ","918,569 ","908,348 ","897,535 ","886,651 ","876,132 ","865,757 ","855,390 ","844,980 ","834,525 "
33,"164,691 ","168,653 ","173,234 ","178,332 ","183,776 ","189,357 ","194,911 ","200,379 ","205,723 ","211,049 ","217,494 ","224,114 ","230,790 ","237,955 ","244,309 ","250,136 ","255,909 ","261,909 ","268,163 ","274,867 ","282,146 ","289,994 ","298,591 ","307,853 ","317,335 ","326,325 ","335,738 ","346,540 ","356,888 ","366,317 ","375,735 ","385,026 ","394,061 ","402,614 ","413,697 ","429,847 ","449,511 ","472,651 ","496,065 ","516,519 ","535,961 ","556,847 ","579,419 ","602,449 ","624,826 ","646,269 ","667,632 ","688,560 ","707,233 ","723,685 ","740,371 ","758,495 ","777,419 ","797,073 ","817,131 ","836,950 ","856,226 ","873,370 ","885,539 ","891,223 ","893,321 ","896,300 ","902,179 ","911,150 ","922,510 ","935,693 ","949,864 ","964,342 ","978,250 ","990,265 ","1,003,731 ","1,018,141 ","1,034,189 ","1,053,002 ","1,072,548 ","1,087,355 ","1,095,306 ","1,098,239 ","1,097,641 ","1,095,218 ","1,094,663 ","1,100,043 ","1,111,291 ","1,121,154 ","1,122,985 ","1,117,448 ","1,109,578 ","1,104,258 ","1,102,354 ","1,103,112 ","1,105,881 ","1,109,136 ","1,110,413 ","1,106,768 ","1,097,498 ","1,084,837 ","1,073,573 ","1,065,562 ","1,056,790 ","1,042,509 ","1,027,368 ","1,022,095 ","1,023,421 ","1,008,383 ","1,015,134 ","999,946 ","987,242 ","978,936 ","971,228 ","961,161 ","949,376 ","938,019 ","927,855 ","918,130 ","907,923 ","897,125 ","886,255 ","875,749 ","865,387 ","855,033 ","844,635 "
34,"160,109 ","163,354 ","167,309 ","171,920 ","177,067 ","182,552 ","188,135 ","193,653 ","199,093 ","204,408 ","209,703 ","216,151 ","222,757 ","229,412 ","236,559 ","242,891 ","248,709 ","254,466 ","260,415 ","266,620 ","273,288 ","280,519 ","288,355 ","296,943 ","306,209 ","315,708 ","324,704 ","334,101 ","344,936 ","355,347 ","364,782 ","374,187 ","383,482 ","392,522 ","401,050 ","412,051 ","428,087 ","447,616 ","470,595 ","493,864 ","514,196 ","533,558 ","554,389 ","576,910 ","599,880 ","622,208 ","643,569 ","664,737 ","685,320 ","703,495 ","719,617 ","736,464 ","754,890 ","774,154 ","794,120 ","814,934 ","835,991 ","856,406 ","873,410 ","884,731 ","890,117 ","892,013 ","894,701 ","900,302 ","908,693 ","919,095 ","931,639 ","945,828 ","960,759 ","974,943 ","988,958 ","1,002,458 ","1,016,863 ","1,032,920 ","1,051,732 ","1,071,286 ","1,086,101 ","1,094,072 ","1,097,028 ","1,096,459 ","1,094,065 ","1,093,537 ","1,098,936 ","1,110,199 ","1,120,076 ","1,121,931 ","1,116,422 ","1,108,583 ","1,103,290 ","1,101,409 ","1,102,188 ","1,104,976 ","1,108,249 ","1,109,544 ","1,105,922 ","1,096,678 ","1,084,044 ","1,072,806 ","1,064,819 ","1,056,069 ","1,041,814 ","1,026,699 ","1,021,444 ","1,022,784 ","1,007,769 ","1,014,531 ","999,365 ","986,682 ","978,393 ","970,701 ","960,652 ","948,884 ","937,544 ","927,396 ","917,685 ","907,494 ","896,710 ","885,854 ","875,362 ","865,014 ","854,672 "
35,"156,288 ","158,799 ","162,043 ","166,031 ","170,693 ","175,883 ","181,370 ","186,916 ","192,406 ","197,816 ","203,099 ","208,404 ","214,838 ","221,422 ","228,062 ","235,183 ","241,502 ","247,304 ","253,016 ","258,921 ","265,094 ","271,719 ","278,947 ","286,774 ","295,365 ","304,653 ","314,149 ","323,132 ","332,566 ","343,457 ","353,869 ","363,290 ","372,702 ","382,003 ","391,023 ","399,487 ","410,406 ","426,334 ","445,734 ","468,575 ","491,725 ","511,981 ","531,302 ","552,090 ","574,551 ","597,465 ","619,711 ","640,886 ","661,735 ","681,852 ","699,716 ","715,975 ","733,097 ","751,837 ","771,397 ","792,050 ","813,984 ","836,090 ","856,367 ","872,581 ","883,615 ","888,810 ","890,429 ","892,857 ","897,916 ","905,419 ","915,239 ","927,801 ","942,404 ","957,595 ","973,605 ","987,654 ","1,001,151 ","1,015,567 ","1,031,626 ","1,050,446 ","1,070,002 ","1,084,830 ","1,092,819 ","1,095,801 ","1,095,259 ","1,092,896 ","1,092,394 ","1,097,814 ","1,109,090 ","1,118,984 ","1,120,861 ","1,115,382 ","1,107,573 ","1,102,307 ","1,100,451 ","1,101,250 ","1,104,057 ","1,107,348 ","1,108,663 ","1,105,064 ","1,095,846 ","1,083,241 ","1,072,029 ","1,064,065 ","1,055,338 ","1,041,109 ","1,026,020 ","1,020,784 ","1,022,138 ","1,007,147 ","1,013,918 ","998,775 ","986,113 ","977,842 ","970,167 ","960,135 ","948,385 ","937,061 ","926,930 ","917,235 ","907,058 ","896,289 ","885,448 ","874,970 ","864,635 "
36,"153,143 ","154,995 ","157,512 ","160,793 ","164,834 ","169,543 ","174,736 ","180,187 ","185,705 ","191,164 ","196,540 ","201,832 ","207,129 ","213,540 ","220,109 ","226,727 ","233,830 ","240,131 ","245,891 ","251,562 ","257,438 ","263,574 ","270,200 ","277,413 ","285,251 ","293,865 ","303,149 ","312,633 ","321,651 ","331,142 ","342,029 ","352,424 ","361,852 ","371,273 ","380,554 ","389,514 ","397,917 ","408,761 ","424,589 ","443,875 ","466,601 ","489,674 ","509,889 ","529,169 ","549,903 ","572,308 ","595,139 ","617,205 ","638,088 ","658,509 ","678,330 ","696,307 ","712,815 ","730,222 ","749,228 ","769,414 ","791,098 ","813,985 ","835,960 ","855,505 ","871,445 ","882,296 ","887,226 ","888,604 ","890,522 ","894,752 ","901,721 ","911,566 ","924,521 ","939,366 ","956,226 ","972,269 ","986,314 ","999,822 ","1,014,243 ","1,030,313 ","1,049,136 ","1,068,699 ","1,083,536 ","1,091,547 ","1,094,553 ","1,094,040 ","1,091,706 ","1,091,232 ","1,096,672 ","1,107,963 ","1,117,872 ","1,119,773 ","1,114,323 ","1,106,546 ","1,101,308 ","1,099,476 ","1,100,296 ","1,103,123 ","1,106,432 ","1,107,766 ","1,104,190 ","1,094,999 ","1,082,422 ","1,071,237 ","1,063,297 ","1,054,593 ","1,040,391 ","1,025,328 ","1,020,111 ","1,021,480 ","1,006,513 ","1,013,295 ","998,175 ","985,533 ","977,280 ","969,622 ","959,608 ","947,876 ","936,570 ","926,455 ","916,775 ","906,614 ","895,860 ","885,034 ","874,570 "
37,"150,483 ","151,860 ","153,725 ","156,281 ","159,620 ","163,712 ","168,425 ","173,584 ","179,007 ","184,493 ","189,918 ","195,302 ","200,585 ","205,864 ","212,261 ","218,808 ","225,410 ","232,489 ","238,749 ","244,469 ","250,114 ","255,954 ","262,095 ","268,710 ","275,934 ","283,793 ","292,409 ","301,676 ","311,193 ","320,265 ","329,756 ","340,623 ","351,024 ","360,465 ","369,870 ","379,096 ","387,998 ","396,343 ","407,112 ","422,847 ","442,040 ","464,698 ","487,718 ","507,892 ","527,124 ","547,804 ","570,126 ","592,789 ","614,580 ","635,072 ","655,215 ","675,124 ","693,315 ","710,088 ","727,744 ","747,323 ","768,440 ","790,981 ","813,746 ","835,045 ","854,338 ","870,103 ","880,693 ","885,390 ","886,290 ","887,434 ","891,174 ","898,179 ","908,399 ","921,585 ","937,963 ","954,857 ","970,892 ","984,948 ","998,462 ","1,012,895 ","1,028,972 ","1,047,802 ","1,067,369 ","1,082,219 ","1,090,248 ","1,093,281 ","1,092,797 ","1,090,494 ","1,090,047 ","1,095,508 ","1,106,814 ","1,116,738 ","1,118,662 ","1,113,243 ","1,105,497 ","1,100,288 ","1,098,480 ","1,099,322 ","1,102,168 ","1,105,496 ","1,106,850 ","1,103,298 ","1,094,134 ","1,081,586 ","1,070,428 ","1,062,512 ","1,053,833 ","1,039,658 ","1,024,621 ","1,019,424 ","1,020,807 ","1,005,865 ","1,012,657 ","997,561 ","984,940 ","976,705 ","969,065 ","959,068 ","947,355 ","936,067 ","925,969 ","916,305 ","906,159 ","895,421 ","884,610 "
38,"148,061 ","149,202 ","150,597 ","152,505 ","155,123 ","158,517 ","162,617 ","167,299 ","172,432 ","177,824 ","183,275 ","188,706 ","194,078 ","199,341 ","204,613 ","210,990 ","217,520 ","224,100 ","231,136 ","237,355 ","243,050 ","248,660 ","254,505 ","260,638 ","267,263 ","274,509 ","282,374 ","290,975 ","300,274 ","309,834 ","318,909 ","328,384 ","339,256 ","349,669 ","359,093 ","368,444 ","377,619 ","386,473 ","394,756 ","405,464 ","421,123 ","440,265 ","462,876 ","485,837 ","505,955 ","525,138 ","545,745 ","567,907 ","590,311 ","611,738 ","631,976 ","652,193 ","672,284 ","690,706 ","707,701 ","725,875 ","746,300 ","768,206 ","790,633 ","812,781 ","833,842 ","852,967 ","868,487 ","878,845 ","883,080 ","883,246 ","883,941 ","887,725 ","895,097 ","905,538 ","920,143 ","936,558 ","953,442 ","969,485 ","983,546 ","997,074 ","1,011,515 ","1,027,602 ","1,046,437 ","1,066,010 ","1,080,871 ","1,088,921 ","1,091,980 ","1,091,525 ","1,089,253 ","1,088,835 ","1,094,317 ","1,105,637 ","1,115,577 ","1,117,525 ","1,112,137 ","1,104,423 ","1,099,243 ","1,097,460 ","1,098,325 ","1,101,190 ","1,104,537 ","1,105,912 ","1,102,383 ","1,093,247 ","1,080,729 ","1,069,599 ","1,061,707 ","1,053,052 ","1,038,905 ","1,023,896 ","1,018,718 ","1,020,116 ","1,005,200 ","1,012,002 ","996,930 ","984,332 ","976,115 ","968,492 ","958,515 ","946,820 ","935,550 ","925,469 ","915,821 ","905,692 ","894,970 "
39,"145,656 ","146,778 ","147,940 ","149,379 ","151,353 ","154,033 ","157,438 ","161,511 ","166,169 ","171,273 ","176,629 ","182,085 ","187,504 ","192,853 ","198,109 ","203,368 ","209,726 ","216,234 ","222,776 ","229,768 ","235,959 ","241,618 ","247,238 ","253,070 ","259,211 ","265,862 ","273,116 ","280,970 ","289,602 ","298,942 ","308,506 ","317,561 ","327,045 ","337,928 ","348,319 ","357,697 ","367,007 ","376,131 ","384,928 ","393,162 ","403,810 ","419,441 ","438,551 ","461,108 ","484,002 ","504,062 ","523,174 ","543,631 ","565,557 ","587,621 ","608,812 ","629,112 ","649,490 ","669,776 ","688,393 ","705,862 ","724,807 ","745,944 ","767,739 ","789,606 ","811,530 ","832,441 ","851,329 ","866,618 ","876,531 ","880,060 ","879,803 ","880,555 ","884,699 ","892,285 ","904,049 ","918,696 ","935,101 ","951,991 ","968,036 ","982,110 ","995,646 ","1,010,100 ","1,026,195 ","1,045,036 ","1,064,614 ","1,079,488 ","1,087,558 ","1,090,643 ","1,090,219 ","1,087,978 ","1,087,589 ","1,093,092 ","1,104,427 ","1,114,384 ","1,116,356 ","1,110,999 ","1,103,319 ","1,098,168 ","1,096,411 ","1,097,297 ","1,100,183 ","1,103,549 ","1,104,944 ","1,101,440 ","1,092,333 ","1,079,845 ","1,068,744 ","1,060,877 ","1,052,247 ","1,038,128 ","1,023,148 ","1,017,990 ","1,019,403 ","1,004,513 ","1,011,326 ","996,278 ","983,703 ","975,505 ","967,901 ","957,942 ","946,267 ","935,016 ","924,952 ","915,321 ","905,208 "
40,"143,092 ","144,367 ","145,511 ","146,717 ","148,226 ","150,267 ","152,962 ","156,344 ","160,397 ","165,030 ","170,099 ","175,459 ","180,902 ","186,294 ","191,636 ","196,879 ","202,124 ","208,461 ","214,932 ","221,434 ","228,390 ","234,547 ","240,212 ","245,825 ","251,668 ","257,833 ","264,491 ","271,735 ","279,615 ","288,290 ","297,627 ","307,170 ","316,237 ","325,740 ","336,604 ","346,943 ","356,285 ","365,547 ","374,621 ","383,364 ","391,559 ","402,199 ","417,808 ","436,876 ","459,362 ","482,188 ","502,170 ","521,146 ","541,389 ","563,001 ","584,846 ","606,083 ","626,523 ","647,075 ","667,528 ","686,567 ","704,735 ","724,329 ","745,364 ","766,648 ","788,305 ","810,091 ","830,769 ","849,436 ","864,295 ","873,516 ","876,636 ","876,448 ","877,553 ","881,911 ","890,738 ","902,552 ","917,191 ","933,603 ","950,493 ","966,547 ","980,628 ","994,179 ","1,008,643 ","1,024,747 ","1,043,594 ","1,063,177 ","1,078,062 ","1,086,154 ","1,089,265 ","1,088,872 ","1,086,664 ","1,086,303 ","1,091,829 ","1,103,179 ","1,113,152 ","1,115,149 ","1,109,824 ","1,102,177 ","1,097,057 ","1,095,326 ","1,096,236 ","1,099,142 ","1,102,528 ","1,103,944 ","1,100,465 ","1,091,387 ","1,078,931 ","1,067,859 ","1,060,018 ","1,051,414 ","1,037,324 ","1,022,372 ","1,017,236 ","1,018,664 ","1,003,800 ","1,010,624 ","995,603 ","983,050 ","974,872 ","967,286 ","957,348 ","945,693 ","934,461 ","924,415 ","914,801 "
41,"140,251 ","141,795 ","143,092 ","144,278 ","145,556 ","147,137 ","149,197 ","151,873 ","155,239 ","159,271 ","163,872 ","168,945 ","174,292 ","179,706 ","185,090 ","190,418 ","195,644 ","200,874 ","207,177 ","213,609 ","220,078 ","226,998 ","233,163 ","238,818 ","244,426 ","250,293 ","256,467 ","263,120 ","270,392 ","278,316 ","286,986 ","296,306 ","305,857 ","314,945 ","324,431 ","335,245 ","345,549 ","354,846 ","364,060 ","373,083 ","381,785 ","389,981 ","400,626 ","416,200 ","435,207 ","457,621 ","480,356 ","500,209 ","518,990 ","538,949 ","560,359 ","582,238 ","603,590 ","624,184 ","644,882 ","665,705 ","685,373 ","704,133 ","723,633 ","744,201 ","765,289 ","786,817 ","808,384 ","828,857 ","847,104 ","861,296 ","870,116 ","873,285 ","873,434 ","874,760 ","880,293 ","889,178 ","900,989 ","915,638 ","932,049 ","948,946 ","965,005 ","979,099 ","992,660 ","1,007,136 ","1,023,249 ","1,042,102 ","1,061,689 ","1,076,587 ","1,084,699 ","1,087,839 ","1,087,477 ","1,085,301 ","1,084,971 ","1,090,519 ","1,101,884 ","1,111,873 ","1,113,896 ","1,108,604 ","1,100,992 ","1,095,903 ","1,094,199 ","1,095,132 ","1,098,059 ","1,101,465 ","1,102,904 ","1,099,450 ","1,090,402 ","1,077,979 ","1,066,937 ","1,059,122 ","1,050,545 ","1,036,485 ","1,021,564 ","1,016,449 ","1,017,893 ","1,003,057 ","1,009,892 ","994,897 ","982,369 ","974,211 ","966,645 ","956,726 ","945,093 ","933,881 ","923,853 "
42,"137,145 ","138,945 ","140,509 ","141,846 ","143,104 ","144,457 ","146,059 ","148,104 ","150,770 ","154,121 ","158,124 ","162,730 ","167,791 ","173,106 ","178,511 ","183,881 ","189,190 ","194,401 ","199,604 ","205,869 ","212,271 ","218,703 ","225,625 ","231,767 ","237,426 ","243,060 ","248,937 ","255,105 ","261,781 ","269,099 ","277,022 ","285,672 ","295,002 ","304,570 ","313,640 ","323,087 ","333,861 ","344,126 ","353,374 ","362,540 ","371,523 ","380,229 ","388,441 ","399,064 ","414,588 ","433,534 ","455,858 ","478,452 ","498,115 ","516,641 ","536,417 ","557,853 ","579,828 ","601,312 ","622,029 ","643,057 ","664,453 ","684,654 ","703,323 ","722,392 ","742,778 ","763,745 ","785,068 ","806,436 ","826,505 ","844,120 ","857,913 ","866,760 ","870,247 ","870,612 ","873,057 ","878,660 ","887,547 ","899,372 ","914,022 ","930,441 ","947,340 ","963,408 ","977,512 ","991,086 ","1,005,572 ","1,021,695 ","1,040,552 ","1,060,145 ","1,075,054 ","1,083,188 ","1,086,356 ","1,086,026 ","1,083,885 ","1,083,585 ","1,089,156 ","1,100,536 ","1,110,542 ","1,112,591 ","1,107,334 ","1,099,757 ","1,094,700 ","1,093,023 ","1,093,981 ","1,096,930 ","1,100,357 ","1,101,817 ","1,098,390 ","1,089,374 ","1,076,984 ","1,065,973 ","1,058,186 ","1,049,636 ","1,035,608 ","1,020,718 ","1,015,625 ","1,017,086 ","1,002,279 ","1,009,125 ","994,158 ","981,654 ","973,518 ","965,972 ","956,074 ","944,462 ","933,271 "
43,"133,917 ","135,829 ","137,647 ","139,246 ","140,654 ","141,990 ","143,365 ","144,954 ","146,993 ","149,650 ","152,976 ","156,987 ","161,584 ","166,612 ","171,918 ","177,309 ","182,657 ","187,949 ","193,134 ","198,306 ","204,541 ","210,905 ","217,350 ","224,245 ","230,379 ","236,056 ","241,702 ","247,573 ","253,767 ","260,489 ","267,806 ","275,707 ","284,375 ","293,716 ","303,264 ","312,301 ","321,715 ","332,449 ","342,663 ","351,865 ","360,990 ","369,974 ","378,693 ","386,888 ","397,486 ","412,961 ","431,826 ","454,011 ","476,416 ","495,838 ","514,196 ","533,995 ","555,516 ","577,606 ","599,191 ","620,206 ","641,743 ","663,614 ","683,733 ","702,002 ","720,898 ","741,174 ","761,945 ","783,079 ","804,067 ","823,530 ","840,753 ","854,557 ","863,692 ","867,377 ","868,808 ","871,336 ","876,947 ","885,854 ","897,685 ","912,345 ","928,766 ","945,672 ","961,745 ","975,861 ","989,448 ","1,003,945 ","1,020,076 ","1,038,939 ","1,058,536 ","1,073,457 ","1,081,613 ","1,084,809 ","1,084,513 ","1,082,406 ","1,082,138 ","1,087,732 ","1,099,128 ","1,109,152 ","1,111,228 ","1,106,005 ","1,098,466 ","1,093,441 ","1,091,793 ","1,092,776 ","1,095,747 ","1,099,195 ","1,100,679 ","1,097,279 ","1,088,295 ","1,075,940 ","1,064,962 ","1,057,204 ","1,048,682 ","1,034,687 ","1,019,829 ","1,014,759 ","1,016,237 ","1,001,460 ","1,008,319 ","993,380 ","980,902 ","972,788 ","965,263 ","955,387 ","943,798 "
44,"130,697 ","132,588 ","134,518 ","136,367 ","138,035 ","139,521 ","140,878 ","142,242 ","143,828 ","145,864 ","148,501 ","151,839 ","155,844 ","160,407 ","165,428 ","170,721 ","176,087 ","181,417 ","186,683 ","191,836 ","196,981 ","203,186 ","209,558 ","215,971 ","222,858 ","229,009 ","234,696 ","240,335 ","246,233 ","252,469 ","259,192 ","266,491 ","274,410 ","283,088 ","292,415 ","301,922 ","310,934 ","320,318 ","330,996 ","341,158 ","350,321 ","359,449 ","368,446 ","377,142 ","385,318 ","395,878 ","411,282 ","430,029 ","452,034 ","474,202 ","493,457 ","511,842 ","531,721 ","553,338 ","575,507 ","597,358 ","618,834 ","640,805 ","662,589 ","682,322 ","700,429 ","719,222 ","739,312 ","759,908 ","780,682 ","801,096 ","820,178 ","837,398 ","851,457 ","860,761 ","865,458 ","866,982 ","869,525 ","875,163 ","884,081 ","895,926 ","910,591 ","927,019 ","943,929 ","960,010 ","974,136 ","987,736 ","1,002,244 ","1,018,384 ","1,037,251 ","1,056,851 ","1,071,784 ","1,079,963 ","1,083,188 ","1,082,926 ","1,080,856 ","1,080,620 ","1,086,238 ","1,097,650 ","1,107,691 ","1,109,795 ","1,104,609 ","1,097,108 ","1,092,118 ","1,090,499 ","1,091,507 ","1,094,502 ","1,097,972 ","1,099,479 ","1,096,109 ","1,087,158 ","1,074,839 ","1,063,895 ","1,056,167 ","1,047,675 ","1,033,714 ","1,018,890 ","1,013,844 ","1,015,340 ","1,000,594 ","1,007,465 ","992,557 ","980,106 ","972,015 ","964,511 ","954,659 "
45,"127,515 ","129,352 ","131,262 ","133,218 ","135,134 ","136,881 ","138,386 ","139,731 ","141,093 ","142,682 ","144,702 ","147,354 ","150,692 ","154,665 ","159,223 ","164,233 ","169,499 ","174,845 ","180,149 ","185,381 ","190,509 ","195,634 ","201,842 ","208,186 ","214,589 ","221,482 ","227,641 ","233,318 ","238,985 ","244,928 ","251,162 ","257,866 ","265,184 ","273,119 ","281,783 ","291,067 ","300,548 ","309,524 ","318,863 ","329,490 ","339,608 ","348,773 ","357,911 ","366,889 ","375,558 ","383,707 ","394,214 ","409,514 ","428,104 ","449,886 ","471,878 ","491,154 ","509,609 ","529,577 ","551,265 ","573,667 ","595,930 ","617,797 ","639,677 ","661,097 ","680,670 ","698,678 ","717,291 ","737,213 ","757,468 ","777,701 ","797,747 ","816,824 ","834,274 ","848,478 ","858,722 ","863,514 ","865,055 ","867,633 ","873,288 ","882,227 ","894,083 ","908,757 ","925,188 ","942,103 ","958,191 ","972,329 ","985,940 ","1,000,459 ","1,016,607 ","1,035,478 ","1,055,083 ","1,070,027 ","1,078,228 ","1,081,485 ","1,081,258 ","1,079,224 ","1,079,023 ","1,084,665 ","1,096,093 ","1,106,152 ","1,108,285 ","1,103,136 ","1,095,675 ","1,090,721 ","1,089,133 ","1,090,168 ","1,093,186 ","1,096,679 ","1,098,211 ","1,094,870 ","1,085,955 ","1,073,674 ","1,062,766 ","1,055,068 ","1,046,608 ","1,032,682 ","1,017,894 ","1,012,874 ","1,014,388 ","999,675 ","1,006,559 ","991,682 ","979,260 ","971,193 ","963,713 "
46,"124,333 ","126,150 ","128,006 ","129,941 ","131,963 ","133,958 ","135,719 ","137,210 ","138,554 ","139,922 ","141,499 ","143,539 ","146,196 ","149,503 ","153,475 ","158,025 ","163,006 ","168,252 ","173,572 ","178,841 ","184,044 ","189,151 ","194,290 ","200,468 ","206,800 ","213,216 ","220,103 ","226,254 ","231,957 ","237,666 ","243,606 ","249,825 ","256,549 ","263,879 ","271,801 ","280,421 ","289,681 ","299,133 ","308,065 ","317,357 ","327,937 ","338,055 ","347,228 ","356,339 ","365,283 ","373,925 ","382,029 ","392,458 ","407,618 ","426,009 ","447,629 ","469,619 ","488,946 ","507,480 ","527,519 ","549,416 ","572,186 ","594,805 ","616,571 ","638,103 ","659,358 ","678,828 ","696,665 ","715,125 ","734,727 ","754,466 ","774,348 ","794,379 ","813,672 ","831,242 ","846,321 ","856,654 ","861,456 ","863,036 ","865,639 ","871,324 ","880,279 ","892,149 ","906,829 ","923,266 ","940,184 ","956,279 ","970,427 ","984,050 ","998,580 ","1,014,736 ","1,033,611 ","1,053,218 ","1,068,175 ","1,076,399 ","1,079,687 ","1,079,496 ","1,077,502 ","1,077,335 ","1,083,003 ","1,094,447 ","1,104,524 ","1,106,687 ","1,101,578 ","1,094,158 ","1,089,241 ","1,087,685 ","1,088,748 ","1,091,791 ","1,095,308 ","1,096,866 ","1,093,556 ","1,084,678 ","1,072,437 ","1,061,565 ","1,053,901 ","1,045,473 ","1,031,585 ","1,016,834 ","1,011,840 ","1,013,374 ","998,696 ","1,005,592 ","990,749 ","978,357 ","970,316 "
47,"121,019 ","122,943 ","124,780 ","126,659 ","128,660 ","130,763 ","132,768 ","134,513 ","136,000 ","137,352 ","138,711 ","140,311 ","142,361 ","144,989 ","148,299 ","152,269 ","156,791 ","161,753 ","166,972 ","172,255 ","177,495 ","182,679 ","187,799 ","192,913 ","199,078 ","205,422 ","211,836 ","218,709 ","224,877 ","230,620 ","236,328 ","242,249 ","248,488 ","255,229 ","262,544 ","270,429 ","279,027 ","288,257 ","297,661 ","306,547 ","315,797 ","326,371 ","336,491 ","345,638 ","354,714 ","363,626 ","372,215 ","380,246 ","390,565 ","405,554 ","423,802 ","445,413 ","467,434 ","486,825 ","505,428 ","525,650 ","547,886 ","570,976 ","593,488 ","614,920 ","636,281 ","657,432 ","676,728 ","694,416 ","712,578 ","731,688 ","751,096 ","770,962 ","791,197 ","810,589 ","828,968 ","844,130 ","854,460 ","859,293 ","860,903 ","863,544 ","869,252 ","878,228 ","890,110 ","904,799 ","921,238 ","938,161 ","954,261 ","968,420 ","982,055 ","996,596 ","1,012,760 ","1,031,637 ","1,051,247 ","1,066,215 ","1,074,463 ","1,077,783 ","1,077,631 ","1,075,677 ","1,075,546 ","1,081,240 ","1,092,701 ","1,102,797 ","1,104,990 ","1,099,922 ","1,092,546 ","1,087,668 ","1,086,146 ","1,087,237 ","1,090,306 ","1,093,848 ","1,095,432 ","1,092,155 ","1,083,316 ","1,071,117 ","1,060,284 ","1,052,654 ","1,044,261 ","1,030,413 ","1,015,701 ","1,010,735 ","1,012,289 ","997,648 ","1,004,558 ","989,750 ","977,391 "
48,"117,347 ","119,603 ","121,545 ","123,403 ","125,350 ","127,434 ","129,543 ","131,528 ","133,268 ","134,764 ","136,107 ","137,490 ","139,104 ","141,127 ","143,764 ","147,077 ","151,020 ","155,526 ","160,463 ","165,644 ","170,895 ","176,117 ","181,314 ","186,404 ","191,512 ","197,692 ","204,029 ","210,432 ","217,319 ","223,526 ","229,259 ","234,946 ","240,887 ","247,143 ","253,873 ","261,150 ","269,013 ","277,588 ","286,770 ","296,123 ","304,971 ","314,223 ","324,794 ","334,878 ","343,986 ","353,025 ","361,875 ","370,396 ","378,334 ","388,510 ","403,380 ","421,630 ","443,258 ","465,315 ","484,764 ","503,537 ","524,075 ","546,596 ","569,573 ","591,749 ","613,013 ","634,270 ","655,238 ","674,388 ","691,794 ","709,491 ","728,282 ","747,678 ","767,739 ","788,058 ","808,198 ","826,656 ","841,801 ","852,148 ","857,004 ","858,655 ","861,328 ","867,067 ","876,061 ","887,957 ","902,651 ","919,095 ","936,020 ","952,126 ","966,295 ","979,942 ","994,493 ","1,010,664 ","1,029,544 ","1,049,155 ","1,064,135 ","1,072,408 ","1,075,761 ","1,075,648 ","1,073,736 ","1,073,644 ","1,079,365 ","1,090,842 ","1,100,957 ","1,103,182 ","1,098,158 ","1,090,828 ","1,085,991 ","1,084,503 ","1,085,625 ","1,088,720 ","1,092,288 ","1,093,901 ","1,090,657 ","1,081,859 ","1,069,704 ","1,058,913 ","1,051,320 ","1,042,962 ","1,029,156 ","1,014,487 ","1,009,550 ","1,011,125 ","996,523 ","1,003,448 ","988,677 "
49,"113,108 ","115,904 ","118,174 ","120,134 ","122,061 ","124,094 ","126,182 ","128,269 ","130,246 ","131,994 ","133,480 ","134,846 ","136,247 ","137,836 ","139,873 ","142,518 ","145,808 ","149,739 ","154,222 ","159,119 ","164,267 ","169,504 ","174,735 ","179,898 ","184,987 ","190,114 ","196,288 ","202,616 ","209,031 ","215,946 ","222,135 ","227,851 ","233,557 ","239,514 ","245,755 ","252,446 ","259,707 ","267,547 ","276,076 ","285,208 ","294,522 ","303,369 ","312,620 ","323,151 ","333,188 ","342,254 ","351,228 ","360,010 ","368,435 ","376,251 ","386,339 ","401,221 ","419,493 ","441,153 ","463,244 ","482,844 ","501,911 ","522,711 ","545,108 ","567,755 ","589,756 ","610,910 ","631,987 ","652,802 ","671,681 ","688,640 ","706,038 ","724,818 ","744,401 ","764,538 ","785,546 ","805,765 ","824,193 ","839,340 ","849,695 ","854,586 ","856,274 ","858,987 ","864,752 ","873,768 ","885,676 ","900,377 ","916,823 ","933,750 ","949,861 ","964,040 ","977,699 ","992,260 ","1,008,438 ","1,027,320 ","1,046,931 ","1,061,922 ","1,070,220 ","1,073,609 ","1,073,537 ","1,071,669 ","1,071,616 ","1,077,365 ","1,088,859 ","1,098,994 ","1,101,253 ","1,096,274 ","1,088,992 ","1,084,198 ","1,082,746 ","1,083,900 ","1,087,024 ","1,090,618 ","1,092,260 ","1,089,053 ","1,080,298 ","1,068,190 ","1,057,443 ","1,049,887 ","1,041,568 ","1,027,807 ","1,013,182 ","1,008,277 ","1,009,874 ","995,314 ","1,002,253 "
50,"108,226 ","111,642 ","114,446 ","116,728 ","118,756 ","120,772 ","122,807 ","124,872 ","126,948 ","128,934 ","130,669 ","132,177 ","133,562 ","134,935 ","136,542 ","138,595 ","141,220 ","144,503 ","148,414 ","152,859 ","157,725 ","162,858 ","168,102 ","173,298 ","178,462 ","183,568 ","188,694 ","194,855 ","201,196 ","207,637 ","214,534 ","220,697 ","226,429 ","232,150 ","238,091 ","244,296 ","250,973 ","258,215 ","266,012 ","274,494 ","283,585 ","292,894 ","301,743 ","310,949 ","321,428 ","331,413 ","340,412 ","349,310 ","358,002 ","366,305 ","374,055 ","384,174 ","399,084 ","417,392 ","439,076 ","461,299 ","481,157 ","500,466 ","521,142 ","543,213 ","565,674 ","587,560 ","608,536 ","629,458 ","650,007 ","668,447 ","685,125 ","702,518 ","721,481 ","741,132 ","761,900 ","782,988 ","803,167 ","821,586 ","836,725 ","847,098 ","852,018 ","853,750 ","856,500 ","862,297 ","871,332 ","883,254 ","897,960 ","914,408 ","931,336 ","947,451 ","961,640 ","975,310 ","989,881 ","1,006,065 ","1,024,948 ","1,044,559 ","1,059,561 ","1,067,885 ","1,071,310 ","1,071,281 ","1,069,459 ","1,069,447 ","1,075,225 ","1,086,737 ","1,096,893 ","1,099,186 ","1,094,255 ","1,087,024 ","1,082,275 ","1,080,862 ","1,082,049 ","1,085,202 ","1,088,824 ","1,090,497 ","1,087,328 ","1,078,619 ","1,066,561 ","1,055,860 ","1,048,345 ","1,040,067 ","1,026,353 ","1,011,776 ","1,006,903 ","1,008,524 ","994,008 "
51,"102,777 ","106,744 ","110,158 ","112,964 ","115,311 ","117,430 ","119,445 ","121,456 ","123,510 ","125,596 ","127,566 ","129,320 ","130,846 ","132,200 ","133,594 ","135,222 ","137,258 ","139,883 ","143,150 ","147,026 ","151,442 ","156,296 ","161,436 ","166,643 ","171,839 ","177,017 ","182,118 ","187,242 ","193,418 ","199,780 ","206,199 ","213,062 ","219,241 ","224,982 ","230,681 ","236,592 ","242,785 ","249,440 ","256,642 ","264,398 ","272,844 ","281,927 ","291,227 ","300,032 ","309,190 ","319,609 ","329,515 ","338,438 ","347,248 ","355,820 ","364,056 ","371,845 ","382,015 ","396,972 ","415,314 ","437,111 ","459,554 ","479,634 ","498,809 ","519,165 ","541,049 ","563,387 ","585,085 ","605,902 ","626,573 ","646,695 ","664,853 ","681,527 ","699,104 ","718,129 ","738,359 ","759,211 ","780,252 ","800,413 ","818,810 ","833,951 ","844,336 ","849,292 ","851,067 ","853,858 ","859,684 ","868,741 ","880,675 ","895,387 ","911,835 ","928,764 ","944,882 ","959,080 ","972,762 ","987,342 ","1,003,532 ","1,022,414 ","1,042,024 ","1,057,036 ","1,065,387 ","1,068,850 ","1,068,867 ","1,067,092 ","1,067,124 ","1,072,933 ","1,084,463 ","1,094,639 ","1,096,969 ","1,092,088 ","1,084,911 ","1,080,210 ","1,078,837 ","1,080,059 ","1,083,243 ","1,086,894 ","1,088,600 ","1,085,471 ","1,076,810 ","1,064,805 ","1,054,154 ","1,046,682 ","1,038,448 ","1,024,785 ","1,010,258 ","1,005,420 ","1,007,066 "
52,"96,996 ","101,286 ","105,242 ","108,646 ","111,510 ","113,946 ","116,059 ","118,049 ","120,049 ","122,115 ","124,185 ","126,170 ","127,941 ","129,431 ","130,806 ","132,225 ","133,838 ","135,880 ","138,493 ","141,728 ","145,579 ","149,985 ","154,851 ","159,954 ","165,157 ","170,366 ","175,535 ","180,634 ","185,779 ","191,972 ","198,315 ","204,702 ","211,568 ","217,751 ","223,473 ","229,139 ","235,031 ","241,210 ","247,831 ","254,990 ","262,710 ","271,147 ","280,218 ","289,464 ","298,222 ","307,320 ","317,655 ","327,476 ","336,308 ","345,007 ","353,513 ","361,788 ","369,636 ","379,866 ","394,866 ","413,317 ","435,317 ","457,948 ","477,884 ","496,744 ","516,909 ","538,663 ","560,814 ","582,357 ","602,930 ","623,188 ","643,018 ","661,167 ","678,021 ","695,654 ","715,210 ","735,530 ","756,332 ","777,347 ","797,475 ","815,860 ","830,995 ","841,399 ","846,388 ","848,210 ","851,042 ","856,901 ","865,978 ","877,925 ","892,640 ","909,088 ","926,017 ","942,137 ","956,344 ","970,037 ","984,625 ","1,000,820 ","1,019,701 ","1,039,309 ","1,054,332 ","1,062,710 ","1,066,213 ","1,066,276 ","1,064,553 ","1,064,630 ","1,070,470 ","1,082,018 ","1,092,216 ","1,094,585 ","1,089,757 ","1,082,637 ","1,077,986 ","1,076,656 ","1,077,915 ","1,081,131 ","1,084,813 ","1,086,553 ","1,083,467 ","1,074,858 ","1,062,909 ","1,052,311 ","1,044,885 ","1,036,696 ","1,023,087 ","1,008,615 ","1,003,814 "
53,"91,177 ","95,501 ","99,773 ","103,706 ","107,160 ","110,107 ","112,530 ","114,616 ","116,593 ","118,608 ","120,658 ","122,741 ","124,741 ","126,470 ","127,980 ","129,382 ","130,785 ","132,410 ","134,445 ","137,030 ","140,248 ","144,093 ","148,519 ","153,339 ","158,442 ","163,659 ","168,852 ","174,020 ","179,136 ","184,303 ","190,473 ","196,775 ","203,174 ","210,038 ","216,188 ","221,873 ","227,529 ","233,408 ","239,551 ","246,134 ","253,257 ","260,974 ","269,397 ","278,409 ","287,596 ","296,291 ","305,310 ","315,547 ","325,278 ","334,007 ","342,640 ","351,173 ","359,502 ","367,414 ","377,714 ","392,831 ","411,477 ","433,641 ","456,104 ","475,717 ","494,387 ","514,428 ","535,994 ","557,983 ","579,281 ","599,455 ","619,423 ","639,239 ","657,549 ","674,460 ","692,578 ","712,232 ","732,498 ","753,268 ","774,242 ","794,348 ","812,712 ","827,847 ","838,265 ","843,292 ","845,161 ","848,037 ","853,928 ","863,027 ","874,985 ","889,704 ","906,151 ","923,077 ","939,199 ","953,414 ","967,117 ","981,714 ","997,913 ","1,016,791 ","1,036,396 ","1,051,428 ","1,059,835 ","1,063,379 ","1,063,492 ","1,061,822 ","1,061,948 ","1,067,820 ","1,079,387 ","1,089,607 ","1,092,016 ","1,087,244 ","1,080,185 ","1,075,587 ","1,074,303 ","1,075,600 ","1,078,850 ","1,082,565 ","1,084,341 ","1,081,300 ","1,072,746 ","1,060,858 ","1,050,315 ","1,042,939 ","1,034,799 ","1,021,248 ","1,006,834 "
54,"85,585 ","89,681 ","93,983 ","98,222 ","102,195 ","105,724 ","108,648 ","111,037 ","113,108 ","115,103 ","117,101 ","119,163 ","121,261 ","123,211 ","124,957 ","126,494 ","127,879 ","129,299 ","130,920 ","132,930 ","135,501 ","138,722 ","142,589 ","146,976 ","151,798 ","156,914 ","162,112 ","167,303 ","172,490 ","177,622 ","182,768 ","188,899 ","195,211 ","201,601 ","208,426 ","214,536 ","220,205 ","225,849 ","231,695 ","237,797 ","244,346 ","251,466 ","259,171 ","267,534 ","276,485 ","285,600 ","294,202 ","303,135 ","313,282 ","322,900 ","331,567 ","340,227 ","348,804 ","357,191 ","365,182 ","375,610 ","390,917 ","409,721 ","431,709 ","453,836 ","473,254 ","491,800 ","511,659 ","533,064 ","554,810 ","575,718 ","595,607 ","615,553 ","635,514 ","653,865 ","671,212 ","689,439 ","709,035 ","729,267 ","749,991 ","770,934 ","791,007 ","809,355 ","824,483 ","834,919 ","839,983 ","841,902 ","844,823 ","850,748 ","859,868 ","871,838 ","886,559 ","903,003 ","919,926 ","936,049 ","950,271 ","963,984 ","978,588 ","994,791 ","1,013,665 ","1,033,264 ","1,048,306 ","1,056,742 ","1,060,329 ","1,060,495 ","1,058,882 ","1,059,058 ","1,064,964 ","1,076,550 ","1,086,792 ","1,089,244 ","1,084,532 ","1,077,537 ","1,072,996 ","1,071,760 ","1,073,098 ","1,076,384 ","1,080,133 ","1,081,947 ","1,078,954 ","1,070,459 ","1,058,635 ","1,048,153 ","1,040,828 ","1,032,742 ","1,019,252 "
55,"80,450 ","84,088 ","88,161 ","92,423 ","96,694 ","100,733 ","104,226 ","107,107 ","109,476 ","111,564 ","113,542 ","115,552 ","117,629 ","119,672 ","121,637 ","123,408 ","124,924 ","126,327 ","127,744 ","129,343 ","131,348 ","133,932 ","137,178 ","141,013 ","145,403 ","150,241 ","155,329 ","160,527 ","165,732 ","170,927 ","176,041 ","181,154 ","187,295 ","193,595 ","199,940 ","206,715 ","212,803 ","218,464 ","224,072 ","229,879 ","235,950 ","242,498 ","249,605 ","257,242 ","265,542 ","274,415 ","283,434 ","291,954 ","300,798 ","310,833 ","320,384 ","329,074 ","337,771 ","346,401 ","354,854 ","362,979 ","373,610 ","389,071 ","407,703 ","429,360 ","451,266 ","470,549 ","488,923 ","508,625 ","529,796 ","551,156 ","571,775 ","591,638 ","611,722 ","631,705 ","650,433 ","667,897 ","686,066 ","705,625 ","725,807 ","746,496 ","767,396 ","787,440 ","805,763 ","820,888 ","831,338 ","836,443 ","838,413 ","841,382 ","847,340 ","856,483 ","868,464 ","883,186 ","899,626 ","916,544 ","932,665 ","946,895 ","960,616 ","975,228 ","991,433 ","1,010,301 ","1,029,893 ","1,044,944 ","1,053,411 ","1,057,043 ","1,057,264 ","1,055,710 ","1,055,939 ","1,061,882 ","1,073,487 ","1,083,752 ","1,086,249 ","1,081,601 ","1,074,673 ","1,070,193 ","1,069,007 ","1,070,389 ","1,073,712 ","1,077,498 ","1,079,352 ","1,076,410 ","1,067,978 ","1,056,223 ","1,045,805 ","1,038,537 ","1,030,506 "
56,"75,893 ","78,945 ","82,564 ","86,596 ","90,886 ","95,215 ","99,205 ","102,643 ","105,494 ","107,878 ","109,947 ","111,936 ","113,962 ","115,980 ","118,035 ","120,024 ","121,768 ","123,303 ","124,702 ","126,097 ","127,694 ","129,718 ","132,338 ","135,556 ","139,402 ","143,807 ","148,618 ","153,707 ","158,911 ","164,126 ","169,293 ","174,375 ","179,502 ","185,625 ","191,881 ","198,181 ","204,924 ","210,997 ","216,619 ","222,185 ","227,965 ","234,036 ","240,569 ","247,607 ","255,182 ","263,402 ","272,166 ","281,094 ","289,530 ","298,278 ","308,243 ","317,808 ","326,524 ","335,262 ","343,953 ","352,531 ","360,860 ","371,649 ","386,945 ","405,266 ","426,694 ","448,452 ","467,553 ","485,775 ","505,255 ","526,048 ","547,117 ","567,699 ","587,694 ","607,782 ","628,088 ","646,930 ","664,333 ","682,466 ","701,971 ","722,113 ","742,754 ","763,615 ","783,622 ","801,923 ","817,039 ","827,506 ","832,650 ","834,675 ","837,692 ","843,687 ","852,851 ","864,842 ","879,565 ","895,998 ","912,909 ","929,028 ","943,264 ","956,994 ","971,612 ","987,818 ","1,006,679 ","1,026,262 ","1,041,321 ","1,049,819 ","1,053,499 ","1,053,778 ","1,052,287 ","1,052,573 ","1,058,553 ","1,070,177 ","1,080,467 ","1,083,010 ","1,078,430 ","1,071,575 ","1,067,159 ","1,066,027 ","1,067,454 ","1,070,818 ","1,074,641 ","1,076,538 ","1,073,650 ","1,065,285 ","1,053,604 ","1,043,256 ","1,036,047 "
57,"71,891 ","74,372 ","77,413 ","80,994 ","85,053 ","89,396 ","93,664 ","97,588 ","100,984 ","103,843 ","106,203 ","108,280 ","110,287 ","112,249 ","114,279 ","116,357 ","118,313 ","120,075 ","121,603 ","122,977 ","124,374 ","126,001 ","128,069 ","130,662 ","133,897 ","137,763 ","142,142 ","146,956 ","152,057 ","157,260 ","162,443 ","167,580 ","172,671 ","177,786 ","183,855 ","190,058 ","196,330 ","203,053 ","209,078 ","214,656 ","220,202 ","225,975 ","232,026 ","238,488 ","245,462 ","252,956 ","261,066 ","269,740 ","278,577 ","286,917 ","295,608 ","305,580 ","315,158 ","323,906 ","332,703 ","341,503 ","350,264 ","358,754 ","369,402 ","384,404 ","402,511 ","423,785 ","445,339 ","464,277 ","482,288 ","501,415 ","521,915 ","542,934 ","563,633 ","583,620 ","603,982 ","624,394 ","643,160 ","660,526 ","678,606 ","698,068 ","718,157 ","738,753 ","759,565 ","779,535 ","797,807 ","812,915 ","823,396 ","828,583 ","830,664 ","833,733 ","839,764 ","848,951 ","860,952 ","875,672 ","892,098 ","909,000 ","925,115 ","939,356 ","953,094 ","967,717 ","983,922 ","1,002,773 ","1,022,346 ","1,037,412 ","1,045,943 ","1,049,673 ","1,050,013 ","1,048,589 ","1,048,934 ","1,054,953 ","1,066,597 ","1,076,911 ","1,079,505 ","1,074,996 ","1,068,219 ","1,063,872 ","1,062,797 ","1,064,272 ","1,067,678 ","1,071,542 ","1,073,484 ","1,070,654 ","1,062,361 ","1,050,759 ","1,040,484 "
58,"68,366 ","70,346 ","72,824 ","75,833 ","79,445 ","83,556 ","87,832 ","92,024 ","95,893 ","99,288 ","102,114 ","104,475 ","106,569 ","108,506 ","110,480 ","112,535 ","114,577 ","116,548 ","118,297 ","119,796 ","121,172 ","122,601 ","124,280 ","126,326 ","128,951 ","132,213 ","136,054 ","140,438 ","145,263 ","150,357 ","155,526 ","160,672 ","165,817 ","170,890 ","175,957 ","181,976 ","188,147 ","194,398 ","201,063 ","207,041 ","212,592 ","218,127 ","223,882 ","229,858 ","236,249 ","243,147 ","250,527 ","258,544 ","267,138 ","275,872 ","284,158 ","292,864 ","302,836 ","312,430 ","321,226 ","330,114 ","339,087 ","347,994 ","356,351 ","366,732 ","381,537 ","399,511 ","420,576 ","441,951 ","460,672 ","478,336 ","497,176 ","517,624 ","538,743 ","559,414 ","579,633 ","600,102 ","620,419 ","639,131 ","656,441 ","674,479 ","693,884 ","713,924 ","734,464 ","755,229 ","775,154 ","793,396 ","808,491 ","818,988 ","824,217 ","826,358 ","829,480 ","835,549 ","844,758 ","856,768 ","871,485 ","887,901 ","904,792 ","920,901 ","935,145 ","948,890 ","963,517 ","979,721 ","998,560 ","1,018,119 ","1,033,192 ","1,041,756 ","1,045,538 ","1,045,944 ","1,044,590 ","1,044,998 ","1,051,058 ","1,062,722 ","1,073,062 ","1,075,708 ","1,071,276 ","1,064,581 ","1,060,307 ","1,059,292 ","1,060,820 ","1,064,270 ","1,068,176 ","1,070,166 ","1,067,398 ","1,059,182 ","1,047,666 "
59,"65,232 ","66,788 ","68,774 ","71,228 ","74,274 ","77,943 ","81,983 ","86,177 ","90,305 ","94,163 ","97,511 ","100,328 ","102,701 ","104,719 ","106,667 ","108,667 ","110,683 ","112,739 ","114,692 ","116,406 ","117,904 ","119,316 ","120,807 ","122,468 ","124,553 ","127,212 ","130,450 ","134,303 ","138,699 ","143,513 ","148,569 ","153,703 ","158,850 ","163,965 ","168,991 ","174,010 ","179,996 ","186,145 ","192,343 ","198,945 ","204,893 ","210,430 ","215,936 ","221,614 ","227,522 ","233,830 ","240,610 ","247,904 ","255,843 ","264,336 ","273,017 ","281,313 ","290,021 ","299,992 ","309,615 ","318,496 ","327,538 ","336,640 ","345,409 ","353,516 ","363,738 ","378,426 ","396,213 ","417,095 ","438,224 ","456,593 ","473,985 ","492,772 ","513,311 ","534,384 ","555,235 ","575,562 ","595,924 ","616,168 ","634,807 ","652,072 ","670,054 ","689,406 ","709,385 ","729,870 ","750,577 ","770,456 ","788,662 ","803,744 ","814,254 ","819,528 ","821,731 ","824,909 ","831,016 ","840,248 ","852,265 ","866,977 ","883,380 ","900,258 ","916,359 ","930,605 ","944,356 ","958,985 ","975,185 ","994,010 ","1,013,553 ","1,028,631 ","1,037,230 ","1,041,068 ","1,041,542 ","1,040,263 ","1,040,737 ","1,046,840 ","1,058,525 ","1,068,890 ","1,071,592 ","1,067,241 ","1,060,635 ","1,056,439 ","1,055,489 ","1,057,071 ","1,060,568 ","1,064,519 ","1,066,560 ","1,063,858 ","1,055,725 "
60,"62,363 ","63,612 ","65,183 ","67,152 ","69,652 ","72,763 ","76,362 ","80,319 ","84,443 ","88,551 ","92,350 ","95,677 ","98,495 ","100,782 ","102,808 ","104,783 ","106,741 ","108,772 ","110,807 ","112,718 ","114,428 ","115,965 ","117,440 ","118,909 ","120,617 ","122,747 ","125,384 ","128,644 ","132,510 ","136,902 ","141,675 ","146,686 ","151,823 ","156,936 ","161,998 ","166,969 ","171,962 ","177,926 ","184,014 ","190,152 ","196,714 ","202,637 ","208,140 ","213,568 ","219,169 ","224,993 ","231,183 ","237,875 ","245,096 ","252,940 ","261,381 ","270,064 ","278,359 ","287,068 ","297,055 ","306,739 ","315,753 ","324,912 ","333,870 ","342,384 ","350,349 ","360,487 ","375,020 ","392,643 ","413,275 ","434,027 ","452,109 ","469,453 ","488,329 ","508,809 ","530,017 ","550,969 ","571,178 ","591,456 ","611,605 ","630,181 ","647,387 ","665,316 ","684,602 ","704,520 ","724,941 ","745,587 ","765,412 ","783,579 ","798,643 ","809,167 ","814,487 ","816,755 ","819,990 ","826,139 ","835,392 ","847,416 ","862,121 ","878,508 ","895,370 ","911,460 ","925,707 ","939,463 ","954,093 ","970,288 ","989,095 ","1,008,619 ","1,023,701 ","1,032,336 ","1,036,231 ","1,036,778 ","1,035,579 ","1,036,123 ","1,042,271 ","1,053,976 ","1,064,368 ","1,067,128 ","1,062,865 ","1,056,353 ","1,052,239 ","1,051,358 ","1,052,998 ","1,056,545 ","1,060,544 ","1,062,639 ","1,060,007 "
61,"59,614 ","60,695 ","61,965 ","63,527 ","65,552 ","68,125 ","71,171 ","74,690 ","78,577 ","82,676 ","86,715 ","90,478 ","93,794 ","96,511 ","98,798 ","100,850 ","102,781 ","104,757 ","106,763 ","108,750 ","110,654 ","112,400 ","113,999 ","115,457 ","116,976 ","118,734 ","120,844 ","123,512 ","126,796 ","130,655 ","135,003 ","139,741 ","144,751 ","149,842 ","154,891 ","159,894 ","164,837 ","169,820 ","175,720 ","181,748 ","187,845 ","194,369 ","200,246 ","205,661 ","211,006 ","216,520 ","222,221 ","228,331 ","234,955 ","242,089 ","249,886 ","258,322 ","266,993 ","275,282 ","284,003 ","294,031 ","303,821 ","312,940 ","321,945 ","330,649 ","339,016 ","346,921 ","356,946 ","371,337 ","388,730 ","408,989 ","429,420 ","447,434 ","464,860 ","483,676 ","504,259 ","525,561 ","546,375 ","566,489 ","586,659 ","606,723 ","625,220 ","642,370 ","660,235 ","679,455 ","699,302 ","719,654 ","740,231 ","759,998 ","778,120 ","793,164 ","803,700 ","809,068 ","811,402 ","814,699 ","820,888 ","830,163 ","842,193 ","856,888 ","873,257 ","890,099 ","906,176 ","920,422 ","934,181 ","948,811 ","964,997 ","983,784 ","1,003,285 ","1,018,370 ","1,027,042 ","1,030,998 ","1,031,622 ","1,030,507 ","1,031,126 ","1,037,320 ","1,049,046 ","1,059,465 ","1,062,288 ","1,058,116 ","1,051,706 ","1,047,681 ","1,046,873 ","1,048,574 ","1,052,173 ","1,056,222 ","1,058,375 "
62,"56,864 ","57,896 ","59,002 ","60,269 ","61,894 ","64,002 ","66,516 ","69,489 ","72,942 ","76,804 ","80,827 ","84,819 ","88,558 ","91,755 ","94,462 ","96,768 ","98,770 ","100,719 ","102,668 ","104,624 ","106,603 ","108,539 ","110,347 ","111,927 ","113,435 ","115,012 ","116,753 ","118,904 ","121,600 ","124,874 ","128,698 ","133,009 ","137,740 ","142,708 ","147,723 ","152,715 ","157,685 ","162,609 ","167,538 ","173,371 ","179,359 ","185,416 ","191,878 ","197,652 ","202,977 ","208,231 ","213,615 ","219,240 ","225,283 ","231,829 ","238,920 ","246,725 ","255,138 ","263,781 ","272,080 ","280,835 ","290,946 ","300,817 ","309,771 ","318,529 ","327,079 ","335,384 ","343,202 ","353,121 ","367,310 ","384,356 ","404,284 ","424,603 ","442,682 ","460,040 ","478,940 ","499,617 ","520,763 ","541,463 ","561,456 ","581,528 ","601,488 ","619,908 ","636,990 ","654,790 ","673,933 ","693,704 ","713,978 ","734,481 ","754,182 ","772,255 ","787,275 ","797,822 ","803,239 ","805,644 ","809,003 ","815,235 ","824,532 ","836,565 ","851,247 ","867,595 ","884,414 ","900,475 ","914,718 ","928,478 ","943,105 ","959,281 ","978,044 ","997,519 ","1,012,605 ","1,021,314 ","1,025,334 ","1,026,039 ","1,025,014 ","1,025,712 ","1,031,955 ","1,043,701 ","1,054,148 ","1,057,036 ","1,052,964 ","1,046,661 ","1,042,730 ","1,042,000 ","1,043,766 ","1,047,422 ","1,051,524 "
63,"54,045 ","55,096 ","56,154 ","57,259 ","58,597 ","60,315 ","62,369 ","64,818 ","67,732 ","71,164 ","74,950 ","78,920 ","82,876 ","86,480 ","89,651 ","92,365 ","94,612 ","96,631 ","98,551 ","100,447 ","102,394 ","104,405 ","106,402 ","108,182 ","109,813 ","111,378 ","112,934 ","114,727 ","116,913 ","119,609 ","122,852 ","126,642 ","130,950 ","135,630 ","140,518 ","145,468 ","150,422 ","155,369 ","160,237 ","165,108 ","170,901 ","176,842 ","182,828 ","189,168 ","194,843 ","200,068 ","205,190 ","210,495 ","216,062 ","222,031 ","228,542 ","235,645 ","243,420 ","251,798 ","260,431 ","268,749 ","277,585 ","287,753 ","297,447 ","306,156 ","314,755 ","323,244 ","331,458 ","339,192 ","348,952 ","362,820 ","379,565 ","399,368 ","419,698 ","437,683 ","455,107 ","474,111 ","494,621 ","515,633 ","536,191 ","556,073 ","576,026 ","595,884 ","614,213 ","631,226 ","648,949 ","668,011 ","687,697 ","707,887 ","728,306 ","747,935 ","765,952 ","780,944 ","791,500 ","796,968 ","799,447 ","802,872 ","809,147 ","818,465 ","830,500 ","845,167 ","861,488 ","878,281 ","894,322 ","908,560 ","922,319 ","936,941 ","953,104 ","971,838 ","991,283 ","1,006,367 ","1,015,115 ","1,019,203 ","1,019,994 ","1,019,064 ","1,019,845 ","1,026,139 ","1,037,906 ","1,048,381 ","1,051,338 ","1,047,371 ","1,041,184 ","1,037,354 ","1,036,707 ","1,038,542 ","1,042,256 "
64,"51,123 ","52,230 ","53,307 ","54,364 ","55,544 ","56,982 ","58,651 ","60,649 ","63,048 ","65,949 ","69,309 ","73,039 ","76,966 ","80,774 ","84,336 ","87,500 ","90,141 ","92,399 ","94,383 ","96,246 ","98,134 ","100,118 ","102,189 ","104,148 ","105,978 ","107,664 ","109,207 ","110,817 ","112,652 ","114,837 ","117,506 ","120,724 ","124,517 ","128,771 ","133,371 ","138,185 ","143,093 ","148,022 ","152,906 ","157,708 ","162,552 ","168,293 ","174,152 ","180,020 ","186,242 ","191,800 ","196,882 ","201,923 ","207,174 ","212,671 ","218,616 ","225,142 ","232,216 ","239,947 ","248,303 ","256,934 ","265,318 ","274,209 ","284,190 ","293,626 ","302,175 ","310,711 ","319,107 ","327,231 ","334,827 ","344,315 ","357,911 ","374,544 ","394,341 ","414,529 ","432,543 ","450,081 ","468,917 ","489,281 ","510,130 ","530,555 ","550,304 ","570,140 ","589,878 ","608,114 ","625,045 ","642,688 ","661,658 ","681,253 ","701,348 ","721,677 ","741,225 ","759,180 ","774,139 ","784,703 ","790,223 ","792,778 ","796,272 ","802,592 ","811,930 ","823,965 ","838,612 ","854,904 ","871,665 ","887,683 ","901,913 ","915,669 ","930,283 ","946,429 ","965,131 ","984,540 ","999,621 ","1,008,409 ","1,012,567 ","1,013,449 ","1,012,619 ","1,013,489 ","1,019,836 ","1,031,623 ","1,042,126 ","1,045,157 ","1,041,303 ","1,035,238 ","1,031,516 ","1,030,957 ","1,032,865 "
65,"48,088 ","49,269 ","50,398 ","51,470 ","52,604 ","53,889 ","55,281 ","56,901 ","58,857 ","61,253 ","64,091 ","67,399 ","71,085 ","74,856 ","78,609 ","82,148 ","85,222 ","87,862 ","90,075 ","91,997 ","93,849 ","95,779 ","97,819 ","99,850 ","101,857 ","103,737 ","105,389 ","106,988 ","108,653 ","110,482 ","112,649 ","115,297 ","118,525 ","122,264 ","126,436 ","130,961 ","135,727 ","140,612 ","145,467 ","150,281 ","155,056 ","159,849 ","165,507 ","171,237 ","176,984 ","183,071 ","188,468 ","193,470 ","198,454 ","203,642 ","209,125 ","215,089 ","221,580 ","228,604 ","236,309 ","244,647 ","253,320 ","261,748 ","270,456 ","280,174 ","289,438 ","297,922 ","306,370 ","314,667 ","322,640 ","329,988 ","339,253 ","352,764 ","369,407 ","389,040 ","409,195 ","427,308 ","444,677 ","463,368 ","483,556 ","504,250 ","524,517 ","544,133 ","563,833 ","583,448 ","601,576 ","618,423 ","635,974 ","654,846 ","674,337 ","694,331 ","714,558 ","734,018 ","751,903 ","766,824 ","777,393 ","782,967 ","785,602 ","789,167 ","795,532 ","804,890 ","816,922 ","831,546 ","847,803 ","864,528 ","880,519 ","894,737 ","908,487 ","923,091 ","939,216 ","957,880 ","977,249 ","992,324 ","1,001,152 ","1,005,384 ","1,006,362 ","1,005,639 ","1,006,602 ","1,013,006 ","1,024,812 ","1,035,344 ","1,038,451 ","1,034,717 ","1,028,784 ","1,025,177 ","1,024,712 "
66,"44,956 ","46,203 ","47,402 ","48,522 ","49,669 ","50,908 ","52,148 ","53,497 ","55,083 ","57,045 ","59,387 ","62,181 ","65,448 ","68,975 ","72,684 ","76,401 ","79,833 ","82,891 ","85,470 ","87,610 ","89,522 ","91,416 ","93,403 ","95,400 ","97,475 ","99,531 ","101,368 ","103,075 ","104,727 ","106,382 ","108,197 ","110,350 ","113,016 ","116,194 ","119,854 ","123,952 ","128,429 ","133,164 ","137,966 ","142,750 ","147,533 ","152,249 ","156,968 ","162,484 ","168,089 ","173,694 ","179,604 ","184,910 ","189,855 ","194,780 ","199,953 ","205,450 ","211,383 ","217,821 ","224,817 ","232,493 ","240,860 ","249,552 ","257,793 ","266,255 ","275,789 ","284,978 ","293,374 ","301,714 ","309,852 ","317,560 ","324,707 ","333,943 ","347,484 ","363,984 ","383,556 ","403,768 ","421,684 ","438,907 ","457,423 ","477,443 ","497,954 ","518,064 ","537,527 ","557,086 ","576,560 ","594,576 ","611,326 ","628,779 ","647,540 ","666,920 ","686,800 ","706,916 ","726,277 ","744,085 ","758,963 ","769,535 ","775,163 ","777,882 ","781,520 ","787,932 ","797,308 ","809,335 ","823,931 ","840,148 ","856,831 ","872,789 ","886,993 ","900,734 ","915,324 ","931,424 ","950,044 ","969,367 ","984,432 ","993,302 ","997,611 ","998,691 ","998,080 ","999,143 ","1,005,604 ","1,017,429 ","1,027,989 ","1,031,178 ","1,027,572 ","1,021,780 ","1,018,295 "
67,"41,774 ","43,051 ","44,310 ","45,493 ","46,685 ","47,937 ","49,128 ","50,326 ","51,647 ","53,247 ","55,164 ","57,471 ","60,233 ","63,346 ","66,809 ","70,474 ","74,071 ","77,471 ","80,449 ","82,940 ","85,062 ","87,010 ","88,964 ","90,899 ","92,946 ","95,063 ","97,062 ","98,958 ","100,712 ","102,349 ","103,986 ","105,799 ","107,982 ","110,599 ","113,698 ","117,292 ","121,342 ","125,784 ","130,436 ","135,162 ","139,904 ","144,623 ","149,252 ","153,842 ","159,224 ","164,679 ","170,106 ","175,908 ","181,143 ","186,021 ","190,940 ","196,134 ","201,599 ","207,471 ","213,874 ","220,839 ","228,533 ","236,903 ","245,394 ","253,393 ","261,684 ","271,133 ","280,222 ","288,502 ","296,672 ","304,538 ","312,030 ","319,167 ","328,484 ","341,908 ","358,361 ","377,980 ","397,943 ","415,686 ","432,733 ","451,080 ","470,904 ","491,232 ","511,161 ","530,466 ","549,866 ","569,193 ","587,082 ","603,728 ","621,070 ","639,711 ","658,967 ","678,723 ","698,717 ","717,970 ","735,692 ","750,519 ","761,092 ","766,776 ","769,581 ","773,295 ","779,754 ","789,147 ","801,165 ","815,729 ","831,899 ","848,535 ","864,455 ","878,640 ","892,369 ","906,940 ","923,010 ","941,581 ","960,851 ","975,903 ","984,815 ","989,204 ","990,391 ","989,901 ","991,067 ","997,588 ","1,009,431 ","1,020,020 ","1,023,295 ","1,019,824 ","1,014,182 "
68,"38,603 ","39,859 ","41,144 ","42,381 ","43,630 ","44,922 ","46,122 ","47,270 ","48,442 ","49,783 ","51,347 ","53,237 ","55,521 ","58,138 ","61,191 ","64,609 ","68,146 ","71,697 ","74,998 ","77,869 ","80,326 ","82,476 ","84,483 ","86,392 ","88,376 ","90,456 ","92,516 ","94,564 ","96,494 ","98,232 ","99,849 ","101,489 ","103,328 ","105,466 ","108,010 ","111,051 ","114,596 ","118,616 ","122,974 ","127,542 ","132,226 ","136,898 ","141,521 ","146,011 ","150,468 ","155,699 ","160,966 ","166,285 ","172,001 ","177,167 ","182,036 ","186,973 ","192,125 ","197,526 ","203,361 ","209,725 ","216,699 ","224,388 ","232,553 ","240,793 ","248,623 ","256,849 ","266,193 ","275,143 ","283,238 ","291,126 ","298,759 ","306,229 ","313,469 ","322,719 ","336,120 ","352,651 ","372,002 ","391,737 ","409,272 ","426,150 ","444,302 ","463,927 ","484,047 ","503,789 ","522,917 ","542,148 ","561,310 ","579,063 ","595,592 ","612,815 ","631,323 ","650,444 ","670,063 ","689,924 ","709,057 ","726,682 ","741,453 ","752,023 ","757,763 ","760,658 ","764,451 ","770,957 ","780,364 ","792,370 ","806,895 ","823,013 ","839,594 ","855,470 ","869,632 ","883,344 ","897,893 ","913,928 ","932,442 ","951,651 ","966,686 ","975,640 ","980,114 ","981,414 ","981,050 ","982,326 ","988,909 ","1,000,768 ","1,011,386 ","1,014,750 ","1,011,425 "
69,"35,481 ","36,689 ","37,949 ","39,206 ","40,503 ","41,847 ","43,080 ","44,233 ","45,355 ","46,550 ","47,859 ","49,404 ","51,281 ","53,430 ","55,996 ","59,008 ","62,296 ","65,781 ","69,218 ","72,394 ","75,213 ","77,689 ","79,887 ","81,841 ","83,791 ","85,809 ","87,825 ","89,927 ","92,011 ","93,911 ","95,622 ","97,234 ","98,913 ","100,707 ","102,775 ","105,272 ","108,265 ","111,789 ","115,727 ","120,002 ","124,527 ","129,128 ","133,692 ","138,161 ","142,519 ","146,831 ","151,866 ","157,024 ","162,266 ","167,888 ","173,033 ","177,919 ","182,809 ","187,891 ","193,247 ","199,036 ","205,401 ","212,371 ","219,855 ","227,761 ","235,825 ","243,594 ","251,731 ","260,918 ","269,661 ","277,468 ","285,108 ","292,700 ","300,255 ","307,455 ","316,732 ","330,249 ","346,537 ","365,640 ","385,108 ","402,443 ","419,124 ","437,078 ","456,479 ","476,383 ","495,916 ","514,855 ","533,900 ","552,886 ","570,487 ","586,890 ","603,980 ","622,343 ","641,316 ","660,786 ","680,498 ","699,500 ","717,018 ","731,724 ","742,288 ","748,084 ","751,073 ","754,946 ","761,499 ","770,920 ","782,908 ","797,389 ","813,446 ","829,965 ","845,791 ","859,923 ","873,615 ","888,135 ","904,129 ","922,578 ","941,719 ","956,732 ","965,728 ","970,290 ","971,709 ","971,478 ","972,870 ","979,518 ","991,391 ","1,002,036 ","1,005,495 "
70,"32,408 ","33,577 ","34,787 ","36,015 ","37,326 ","38,711 ","39,988 ","41,169 ","42,292 ","43,436 ","44,602 ","45,898 ","47,438 ","49,189 ","51,297 ","53,831 ","56,719 ","59,954 ","63,317 ","66,616 ","69,720 ","72,542 ","75,050 ","77,180 ","79,171 ","81,154 ","83,101 ","85,163 ","87,291 ","89,331 ","91,197 ","92,897 ","94,550 ","96,173 ","97,906 ","99,932 ","102,390 ","105,374 ","108,816 ","112,675 ","116,905 ","121,340 ","125,822 ","130,229 ","134,553 ","138,757 ","142,887 ","147,807 ","152,881 ","158,036 ","163,623 ","168,773 ","173,600 ","178,408 ","183,442 ","188,749 ","194,531 ","200,885 ","207,647 ","214,884 ","222,611 ","230,599 ","238,287 ","246,284 ","255,241 ","263,660 ","271,213 ","278,802 ","286,463 ","293,958 ","301,205 ","310,667 ","323,971 ","340,037 ","358,854 ","378,058 ","395,162 ","411,645 ","429,375 ","448,544 ","468,207 ","487,518 ","506,250 ","525,094 ","543,886 ","561,323 ","577,586 ","594,532 ","612,735 ","631,545 ","650,851 ","670,402 ","689,258 ","706,658 ","721,291 ","731,843 ","737,696 ","740,781 ","744,737 ","751,338 ","760,768 ","772,734 ","787,163 ","803,152 ","819,600 ","835,367 ","849,465 ","863,130 ","877,617 ","893,562 ","911,938 ","931,001 ","945,987 ","955,025 ","959,678 ","961,221 ","961,131 ","962,645 ","969,358 ","981,245 ","991,916 "
71,"29,389 ","30,527 ","31,694 ","32,869 ","34,147 ","35,537 ","36,848 ","38,066 ","39,213 ","40,354 ","41,467 ","42,622 ","43,919 ","45,342 ","47,061 ","49,148 ","51,569 ","54,409 ","57,521 ","60,738 ","63,952 ","67,042 ","69,875 ","72,292 ","74,456 ","76,474 ","78,376 ","80,367 ","82,450 ","84,528 ","86,522 ","88,368 ","90,102 ","91,697 ","93,260 ","94,950 ","96,950 ","99,405 ","102,317 ","105,683 ","109,504 ","113,643 ","117,951 ","122,264 ","126,516 ","130,676 ","134,687 ","138,719 ","143,556 ","148,541 ","153,665 ","159,234 ","164,306 ","169,033 ","173,791 ","178,762 ","184,054 ","189,824 ","195,977 ","202,496 ","209,557 ","217,212 ","225,112 ","232,654 ","240,428 ","249,042 ","257,180 ","264,667 ","272,303 ","279,887 ","287,410 ","294,882 ","304,193 ","317,308 ","333,116 ","351,648 ","370,554 ","387,424 ","403,683 ","421,181 ","440,091 ","459,500 ","478,567 ","497,076 ","515,701 ","534,284 ","551,541 ","567,651 ","584,438 ","602,467 ","621,099 ","640,225 ","659,599 ","678,294 ","695,564 ","710,113 ","720,649 ","726,559 ","729,742 ","733,783 ","740,430 ","749,866 ","761,804 ","776,174 ","792,085 ","808,453 ","824,153 ","838,210 ","851,842 ","866,288 ","882,178 ","900,470 ","919,445 ","934,398 ","943,477 ","948,225 ","949,898 ","949,956 ","951,598 ","958,379 ","970,275 "
72,"26,449 ","27,543 ","28,675 ","29,804 ","31,024 ","32,374 ","33,684 ","34,930 ","36,108 ","37,266 ","38,373 ","39,473 ","40,630 ","41,816 ","43,216 ","44,924 ","46,909 ","49,293 ","52,016 ","54,983 ","58,110 ","61,291 ","64,373 ","67,098 ","69,529 ","71,704 ","73,632 ","75,574 ","77,586 ","79,611 ","81,631 ","83,600 ","85,474 ","87,138 ","88,663 ","90,187 ","91,862 ","93,862 ","96,253 ","99,099 ","102,437 ","106,165 ","110,173 ","114,308 ","118,458 ","122,533 ","126,485 ","130,399 ","134,366 ","139,113 ","144,061 ","149,171 ","154,640 ","159,588 ","164,249 ","168,933 ","173,888 ","179,160 ","184,726 ","190,645 ","196,994 ","203,999 ","211,566 ","219,294 ","226,609 ","234,054 ","242,367 ","250,404 ","257,925 ","265,470 ","273,056 ","280,797 ","288,145 ","297,333 ","310,225 ","325,778 ","343,991 ","362,592 ","379,200 ","395,226 ","412,466 ","431,103 ","450,233 ","469,040 ","487,306 ","505,695 ","524,048 ","541,110 ","557,052 ","573,665 ","591,503 ","609,940 ","628,869 ","648,048 ","666,568 ","683,692 ","698,149 ","708,662 ","714,628 ","717,911 ","722,039 ","728,731 ","738,169 ","750,073 ","764,374 ","780,197 ","796,474 ","812,098 ","826,106 ","839,698 ","854,096 ","869,921 ","888,119 ","906,995 ","921,907 ","931,026 ","935,871 ","937,681 ","937,895 ","939,670 ","946,520 "
73,"23,611 ","24,652 ","25,735 ","26,825 ","27,993 ","29,280 ","30,546 ","31,786 ","32,984 ","34,167 ","35,285 ","36,374 ","37,475 ","38,523 ","39,691 ","41,089 ","42,707 ","44,665 ","46,943 ","49,530 ","52,408 ","55,491 ","58,650 ","61,601 ","64,315 ","66,743 ","68,810 ","70,773 ","72,736 ","74,683 ","76,642 ","78,631 ","80,614 ","82,409 ","83,996 ","85,480 ","86,984 ","88,666 ","90,613 ","92,947 ","95,774 ","99,025 ","102,625 ","106,459 ","110,421 ","114,384 ","118,248 ","122,096 ","125,938 ","129,834 ","134,544 ","139,471 ","144,477 ","149,788 ","154,647 ","159,223 ","163,879 ","168,807 ","173,875 ","179,216 ","184,973 ","191,278 ","198,199 ","205,590 ","213,067 ","220,049 ","227,208 ","235,396 ","243,434 ","250,847 ","258,372 ","266,170 ","273,765 ","281,022 ","290,056 ","302,731 ","317,997 ","335,881 ","354,146 ","370,481 ","386,249 ","403,217 ","421,555 ","440,388 ","458,911 ","476,915 ","495,047 ","513,153 ","530,001 ","545,760 ","562,181 ","579,811 ","598,035 ","616,749 ","635,716 ","654,043 ","671,006 ","685,357 ","695,841 ","701,861 ","705,248 ","709,463 ","716,197 ","725,633 ","737,495 ","751,718 ","767,442 ","783,617 ","799,153 ","813,103 ","826,648 ","840,990 ","856,739 ","874,831 ","893,596 ","908,459 ","917,616 ","922,561 ","924,513 ","924,890 ","926,805 "
74,"20,897 ","21,876 ","22,903 ","23,940 ","25,061 ","26,289 ","27,488 ","28,681 ","29,870 ","31,064 ","32,199 ","33,294 ","34,379 ","35,369 ","36,402 ","37,574 ","38,891 ","40,493 ","42,358 ","44,514 ","47,017 ","49,853 ","52,905 ","55,916 ","58,837 ","61,521 ","63,817 ","65,909 ","67,879 ","69,770 ","71,645 ","73,573 ","75,572 ","77,462 ","79,162 ","80,702 ","82,165 ","83,675 ","85,313 ","87,214 ","89,547 ","92,293 ","95,419 ","98,844 ","102,503 ","106,274 ","110,017 ","113,766 ","117,541 ","121,307 ","125,190 ","129,871 ","134,683 ","139,531 ","144,721 ","149,465 ","154,001 ","158,625 ","163,341 ","168,188 ","173,375 ","179,098 ","185,337 ","192,086 ","199,212 ","206,336 ","213,029 ","220,075 ","228,235 ","236,121 ","243,501 ","251,232 ","258,865 ","266,347 ","273,481 ","282,372 ","294,801 ","309,774 ","327,297 ","345,209 ","361,244 ","376,740 ","393,411 ","411,431 ","429,941 ","448,160 ","465,880 ","483,734 ","501,571 ","518,187 ","533,745 ","549,958 ","567,360 ","585,352 ","603,831 ","622,565 ","640,680 ","657,467 ","671,700 ","682,146 ","688,219 ","691,709 ","696,012 ","702,787 ","712,215 ","724,027 ","738,159 ","753,771 ","769,831 ","785,268 ","799,151 ","812,640 ","826,915 ","842,579 ","860,551 ","879,190 ","893,995 ","903,188 ","908,235 ","910,335 ","910,882 "
75,"18,342 ","19,237 ","20,198 ","21,175 ","22,237 ","23,409 ","24,547 ","25,672 ","26,810 ","27,987 ","29,126 ","30,231 ","31,315 ","32,287 ","33,260 ","34,298 ","35,397 ","36,707 ","38,227 ","39,984 ","42,070 ","44,538 ","47,338 ","50,235 ","53,194 ","56,058 ","58,593 ","60,894 ","62,978 ","64,865 ","66,677 ","68,518 ","70,451 ","72,345 ","74,135 ","75,778 ","77,286 ","78,753 ","80,218 ","81,815 ","83,727 ","85,991 ","88,624 ","91,582 ","94,838 ","98,303 ","101,847 ","105,469 ","109,137 ","112,828 ","116,576 ","120,453 ","125,008 ","129,643 ","134,366 ","139,416 ","144,094 ","148,586 ","152,988 ","157,487 ","162,192 ","167,355 ","173,015 ","179,090 ","185,573 ","192,341 ","199,153 ","205,728 ","212,759 ","220,738 ","228,548 ","236,128 ","243,677 ","251,177 ","258,512 ","265,539 ","274,261 ","286,440 ","301,089 ","318,235 ","335,764 ","351,482 ","366,681 ","383,036 ","400,712 ","418,877 ","436,767 ","454,181 ","471,734 ","489,280 ","505,643 ","520,982 ","536,968 ","554,122 ","571,860 ","590,083 ","608,563 ","626,447 ","643,039 ","657,139 ","667,539 ","673,662 ","677,256 ","681,647 ","688,459 ","697,872 ","709,623 ","723,654 ","739,140 ","755,070 ","770,395 ","784,200 ","797,622 ","811,820 ","827,386 ","845,223 ","863,722 ","878,459 ","887,683 ","892,835 ","895,088 "
76,"15,968 ","16,767 ","17,642 ","18,551 ","19,546 ","20,650 ","21,730 ","22,792 ","23,860 ","24,981 ","26,097 ","27,200 ","28,285 ","29,252 ","30,201 ","31,177 ","32,145 ","33,243 ","34,482 ","35,907 ","37,611 ","39,667 ","42,102 ","44,747 ","47,582 ","50,473 ","53,168 ","55,678 ","57,951 ","59,934 ","61,737 ","63,505 ","65,350 ","67,173 ","68,959 ","70,676 ","72,275 ","73,782 ","75,199 ","76,628 ","78,243 ","80,098 ","82,255 ","84,732 ","87,530 ","90,591 ","93,832 ","97,253 ","100,789 ","104,367 ","108,034 ","111,768 ","115,527 ","119,901 ","124,404 ","128,978 ","133,926 ","138,537 ","142,794 ","146,984 ","151,340 ","156,032 ","161,146 ","166,648 ","172,456 ","178,583 ","185,030 ","191,701 ","198,251 ","205,120 ","212,986 ","220,967 ","228,349 ","235,747 ","243,080 ","250,282 ","257,176 ","265,731 ","277,631 ","291,944 ","308,681 ","325,807 ","341,182 ","356,065 ","372,078 ","389,386 ","407,179 ","424,716 ","441,799 ","459,028 ","476,259 ","492,348 ","507,448 ","523,186 ","540,071 ","557,533 ","575,476 ","593,680 ","611,310 ","627,687 ","641,639 ","651,983 ","658,151 ","661,850 ","666,327 ","673,172 ","682,562 ","694,243 ","708,158 ","723,502 ","739,288 ","754,486 ","768,200 ","781,544 ","795,652 ","811,106 ","828,793 ","847,134 ","861,790 ","871,043 ","876,299 "
77,"13,780 ","14,486 ","15,264 ","16,087 ","17,008 ","18,037 ","19,047 ","20,049 ","21,052 ","22,097 ","23,154 ","24,228 ","25,303 ","26,267 ","27,205 ","28,152 ","29,057 ","30,026 ","31,061 ","32,217 ","33,598 ","35,284 ","37,319 ","39,609 ","42,188 ","44,943 ","47,644 ","50,291 ","52,753 ","54,902 ","56,787 ","58,538 ","60,304 ","62,034 ","63,742 ","65,445 ","67,108 ","68,694 ","70,145 ","71,521 ","72,977 ","74,541 ","76,301 ","78,314 ","80,641 ","83,254 ","86,098 ","89,215 ","92,551 ","95,986 ","99,534 ","103,175 ","106,785 ","110,377 ","114,607 ","118,949 ","123,416 ","128,264 ","132,619 ","136,659 ","140,706 ","145,054 ","149,710 ","154,666 ","159,903 ","165,365 ","171,179 ","177,477 ","184,089 ","190,468 ","197,235 ","205,249 ","212,994 ","220,207 ","227,420 ","234,600 ","241,643 ","248,406 ","256,771 ","268,383 ","282,330 ","298,638 ","315,329 ","330,340 ","344,882 ","360,531 ","377,444 ","394,838 ","411,995 ","428,723 ","445,602 ","462,494 ","478,286 ","493,125 ","508,593 ","525,185 ","542,347 ","559,987 ","577,889 ","595,242 ","611,384 ","625,170 ","635,446 ","641,656 ","645,458 ","650,019 ","656,891 ","666,249 ","677,847 ","691,632 ","706,818 ","722,441 ","737,496 ","751,106 ","764,359 ","778,364 ","793,691 ","811,209 ","829,374 ","843,937 ","853,211 "
78,"11,784 ","12,399 ","13,084 ","13,811 ","14,641 ","15,587 ","16,523 ","17,453 ","18,394 ","19,370 ","20,349 ","21,360 ","22,398 ","23,349 ","24,278 ","25,207 ","26,080 ","26,983 ","27,892 ","28,853 ","29,977 ","31,352 ","33,025 ","34,929 ","37,156 ","39,648 ","42,208 ","44,843 ","47,414 ","49,733 ","51,758 ","53,579 ","55,320 ","56,967 ","58,574 ","60,200 ","61,844 ","63,481 ","64,994 ","66,398 ","67,799 ","69,206 ","70,680 ","72,306 ","74,188 ","76,338 ","78,744 ","81,482 ","84,509 ","87,742 ","91,146 ","94,658 ","98,159 ","101,588 ","105,052 ","109,107 ","113,333 ","117,700 ","122,267 ","126,381 ","130,275 ","134,318 ","138,639 ","143,134 ","147,833 ","152,727 ","157,881 ","163,552 ","169,774 ","176,188 ","182,456 ","189,390 ","197,139 ","204,676 ","211,687 ","218,726 ","225,725 ","232,611 ","239,224 ","247,391 ","258,690 ","272,253 ","288,100 ","304,333 ","318,953 ","333,132 ","348,390 ","364,880 ","381,848 ","398,598 ","414,944 ","431,447 ","447,972 ","463,442 ","477,999 ","493,173 ","509,447 ","526,284 ","543,593 ","561,168 ","578,219 ","594,103 ","607,705 ","617,900 ","624,144 ","628,048 ","632,690 ","639,583 ","648,898 ","660,400 ","674,036 ","689,045 ","704,487 ","719,382 ","732,873 ","746,020 ","759,907 ","775,089 ","792,418 ","810,386 ","824,841 "
79,"9,984 ","10,509 ","11,103 ","11,740 ","12,471 ","13,319 ","14,172 ","15,028 ","15,896 ","16,804 ","17,712 ","18,643 ","19,614 ","20,527 ","21,436 ","22,348 ","23,199 ","24,065 ","24,908 ","25,747 ","26,684 ","27,810 ","29,185 ","30,735 ","32,586 ","34,731 ","37,029 ","39,517 ","42,056 ","44,463 ","46,628 ","48,573 ","50,368 ","51,984 ","53,502 ","55,025 ","56,581 ","58,188 ","59,742 ","61,203 ","62,623 ","63,973 ","65,293 ","66,648 ","68,151 ","69,871 ","71,833 ","74,140 ","76,795 ","79,731 ","82,917 ","86,278 ","89,640 ","92,945 ","96,234 ","99,543 ","103,474 ","107,588 ","111,675 ","115,968 ","119,927 ","123,816 ","127,832 ","131,989 ","136,226 ","140,588 ","145,187 ","150,203 ","155,797 ","161,818 ","168,081 ","174,513 ","181,198 ","188,710 ","196,004 ","202,824 ","209,662 ","216,481 ","223,188 ","229,646 ","237,596 ","248,566 ","261,717 ","277,080 ","292,823 ","307,028 ","320,819 ","335,660 ","351,700 ","368,213 ","384,527 ","400,462 ","416,561 ","432,693 ","447,816 ","462,066 ","476,922 ","492,852 ","509,336 ","526,288 ","543,508 ","560,231 ","575,832 ","589,229 ","599,329 ","605,600 ","609,602 ","614,320 ","621,225 ","630,487 ","641,876 ","655,347 ","670,159 ","685,399 ","700,113 ","713,468 ","726,493 ","740,245 ","755,264 ","772,382 ","790,131 "
80,"8,375 ","8,818 ","9,324 ","9,872 ","10,509 ","11,254 ","12,012 ","12,787 ","13,580 ","14,412 ","15,250 ","16,107 ","16,995 ","17,843 ","18,709 ","19,592 ","20,422 ","21,260 ","22,062 ","22,836 ","23,656 ","24,597 ","25,728 ","26,992 ","28,501 ","30,277 ","32,242 ","34,464 ","36,843 ","39,204 ","41,441 ","43,501 ","45,405 ","47,054 ","48,533 ","49,967 ","51,419 ","52,935 ","54,453 ","55,939 ","57,405 ","58,767 ","60,027 ","61,230 ","62,470 ","63,825 ","65,373 ","67,255 ","69,496 ","72,063 ","74,954 ","78,096 ","81,294 ","84,443 ","87,598 ","90,721 ","93,923 ","97,733 ","101,560 ","105,385 ","109,495 ","113,430 ","117,289 ","121,142 ","125,035 ","128,941 ","133,016 ","137,484 ","142,429 ","147,821 ","153,675 ","160,073 ","166,251 ","172,717 ","179,956 ","187,018 ","193,618 ","200,257 ","206,872 ","213,396 ","219,680 ","227,402 ","238,019 ","250,738 ","265,585 ","280,812 ","294,575 ","307,953 ","322,349 ","337,910 ","353,937 ","369,786 ","385,283 ","400,949 ","416,658 ","431,407 ","445,325 ","459,837 ","475,394 ","491,497 ","508,063 ","524,898 ","541,264 ","556,556 ","569,727 ","579,716 ","586,005 ","590,099 ","594,888 ","601,796 ","610,990 ","622,251 ","635,535 ","650,128 ","665,143 ","679,656 ","692,855 ","705,741 ","719,338 ","734,174 ","751,058 "
81,"6,950 ","7,320 ","7,747 ","8,210 ","8,755 ","9,401 ","10,061 ","10,744 ","11,457 ","12,210 ","12,971 ","13,756 ","14,567 ","15,336 ","16,134 ","16,968 ","17,767 ","18,576 ","19,346 ","20,080 ","20,830 ","21,654 ","22,607 ","23,639 ","24,869 ","26,313 ","27,923 ","29,814 ","31,933 ","34,128 ","36,306 ","38,415 ","40,408 ","42,148 ","43,656 ","45,042 ","46,398 ","47,800 ","49,220 ","50,668 ","52,148 ","53,553 ","54,812 ","55,956 ","57,048 ","58,151 ","59,350 ","60,838 ","62,669 ","64,833 ","67,368 ","70,206 ","73,179 ","76,157 ","79,141 ","82,118 ","85,123 ","88,223 ","91,743 ","95,305 ","98,958 ","103,022 ","106,906 ","110,586 ","114,174 ","117,739 ","121,374 ","125,323 ","129,716 ","134,466 ","139,690 ","145,668 ","151,784 ","157,738 ","163,951 ","170,927 ","177,726 ","184,109 ","190,523 ","196,931 ","203,250 ","209,352 ","216,827 ","227,073 ","239,334 ","253,639 ","268,320 ","281,616 ","294,554 ","308,479 ","323,530 ","339,041 ","354,394 ","369,423 ","384,627 ","399,884 ","414,231 ","427,790 ","441,931 ","457,087 ","472,779 ","488,928 ","505,348 ","521,327 ","536,283 ","549,203 ","559,064 ","565,360 ","569,540 ","574,391 ","581,291 ","590,402 ","601,516 ","614,593 ","628,941 ","643,708 ","657,996 ","671,019 ","683,746 ","697,168 ","711,798 "
82,"5,701 ","6,007 ","6,362 ","6,749 ","7,208 ","7,758 ","8,325 ","8,914 ","9,538 ","10,208 ","10,892 ","11,599 ","12,335 ","13,031 ","13,749 ","14,512 ","15,260 ","16,030 ","16,768 ","17,468 ","18,178 ","18,931 ","19,763 ","20,625 ","21,624 ","22,800 ","24,095 ","25,643 ","27,433 ","29,370 ","31,380 ","33,421 ","35,439 ","37,253 ","38,828 ","40,233 ","41,531 ","42,836 ","44,143 ","45,490 ","46,924 ","48,334 ","49,623 ","50,761 ","51,789 ","52,746 ","53,707 ","54,864 ","56,319 ","58,090 ","60,234 ","62,720 ","65,390 ","68,134 ","70,938 ","73,734 ","76,580 ","79,477 ","82,311 ","85,572 ","88,961 ","92,575 ","96,559 ","100,243 ","103,647 ","106,909 ","110,203 ","113,716 ","117,591 ","121,802 ","126,384 ","131,731 ","137,419 ","143,283 ","148,980 ","154,949 ","161,633 ","168,171 ","174,312 ","180,498 ","186,676 ","192,783 ","198,685 ","205,901 ","215,753 ","227,532 ","241,267 ","255,373 ","268,174 ","280,647 ","294,072 ","308,584 ","323,548 ","338,376 ","352,907 ","367,617 ","382,391 ","396,307 ","409,481 ","423,222 ","437,946 ","453,196 ","468,897 ","484,868 ","500,430 ","515,019 ","527,664 ","537,377 ","543,667 ","547,924 ","552,829 ","559,707 ","568,719 ","579,665 ","592,510 ","606,589 ","621,080 ","635,118 ","647,943 ","660,488 ","673,712 "
83,"4,618 ","4,868 ","5,160 ","5,479 ","5,862 ","6,323 ","6,801 ","7,302 ","7,836 ","8,417 ","9,019 ","9,648 ","10,305 ","10,931 ","11,575 ","12,255 ","12,934 ","13,648 ","14,345 ","15,011 ","15,684 ","16,386 ","17,144 ","17,892 ","18,720 ","19,676 ","20,717 ","21,960 ","23,419 ","25,044 ","26,797 ","28,665 ","30,601 ","32,429 ","34,059 ","35,513 ","36,816 ","38,056 ","39,262 ","40,494 ","41,823 ","43,176 ","44,467 ","45,629 ","46,648 ","47,538 ","48,360 ","49,292 ","50,432 ","51,842 ","53,605 ","55,710 ","58,036 ","60,482 ","63,044 ","65,650 ","68,307 ","71,032 ","73,658 ","76,264 ","79,354 ","82,698 ","86,242 ","89,998 ","93,386 ","96,458 ","99,449 ","102,622 ","106,062 ","109,762 ","113,807 ","118,515 ","123,578 ","129,005 ","134,584 ","140,035 ","145,734 ","152,126 ","158,379 ","164,272 ","170,209 ","176,150 ","182,026 ","187,718 ","194,654 ","204,095 ","215,367 ","228,505 ","242,009 ","254,289 ","266,271 ","279,168 ","293,111 ","307,498 ","321,769 ","335,771 ","349,957 ","364,217 ","377,673 ","390,432 ","403,744 ","418,006 ","432,782 ","448,000 ","463,491 ","478,601 ","492,795 ","505,137 ","514,680 ","520,950 ","525,274 ","530,220 ","537,062 ","545,955 ","556,712 ","569,299 ","583,081 ","597,268 ","611,028 ","623,631 ","635,970 "
84,"3,689 ","3,892 ","4,130 ","4,391 ","4,704 ","5,086 ","5,482 ","5,900 ","6,350 ","6,842 ","7,359 ","7,908 ","8,486 ","9,039 ","9,613 ","10,217 ","10,817 ","11,459 ","12,100 ","12,723 ","13,356 ","14,014 ","14,718 ","15,389 ","16,104 ","16,894 ","17,732 ","18,726 ","19,893 ","21,204 ","22,660 ","24,276 ","26,036 ","27,770 ","29,400 ","30,895 ","32,230 ","33,458 ","34,595 ","35,722 ","36,934 ","38,185 ","39,415 ","40,571 ","41,601 ","42,479 ","43,236 ","44,035 ","44,955 ","46,069 ","47,491 ","49,224 ","51,183 ","53,287 ","55,556 ","57,919 ","60,376 ","62,905 ","65,351 ","67,746 ","70,217 ","73,265 ","76,536 ","79,855 ","83,286 ","86,325 ","89,125 ","91,998 ","95,096 ","98,358 ","101,898 ","106,066 ","110,501 ","115,310 ","120,445 ","125,751 ","130,929 ","136,360 ","142,437 ","148,399 ","154,026 ","159,705 ","165,391 ","171,025 ","176,490 ","183,133 ","192,140 ","202,884 ","215,399 ","228,273 ","240,007 ","251,472 ","263,814 ","277,159 ","290,938 ","304,621 ","318,064 ","331,695 ","345,410 ","358,374 ","370,691 ","383,543 ","397,311 ","411,579 ","426,282 ","441,257 ","455,884 ","469,649 ","481,661 ","491,011 ","497,244 ","501,622 ","506,597 ","513,385 ","522,139 ","532,681 ","544,983 ","558,439 ","572,292 ","585,745 ","598,097 "
85,"2,903 ","3,067 ","3,258 ","3,468 ","3,722 ","4,033 ","4,357 ","4,700 ","5,072 ","5,483 ","5,916 ","6,382 ","6,880 ","7,362 ","7,864 ","8,397 ","8,924 ","9,486 ","10,057 ","10,625 ","11,213 ","11,828 ","12,473 ","13,093 ","13,730 ","14,405 ","15,087 ","15,884 ","16,813 ","17,848 ","19,008 ","20,338 ","21,853 ","23,416 ","24,951 ","26,429 ","27,789 ","29,028 ","30,143 ","31,199 ","32,307 ","33,438 ","34,566 ","35,659 ","36,677 ","37,559 ","38,301 ","39,034 ","39,825 ","40,732 ","41,863 ","43,268 ","44,871 ","46,625 ","48,560 ","50,633 ","52,843 ","55,165 ","57,415 ","59,633 ","61,897 ","64,349 ","67,319 ","70,365 ","73,368 ","76,423 ","79,182 ","81,857 ","84,640 ","87,567 ","90,670 ","94,331 ","98,235 ","102,427 ","106,953 ","111,809 ","116,816 ","121,725 ","126,867 ","132,625 ","138,277 ","143,629 ","149,033 ","154,453 ","159,829 ","165,055 ","171,389 ","179,944 ","190,138 ","202,005 ","214,224 ","225,387 ","236,310 ","248,072 ","260,790 ","273,930 ","286,996 ","299,850 ","312,896 ","326,034 ","338,478 ","350,322 ","362,685 ","375,926 ","389,654 ","403,807 ","418,232 ","432,340 ","445,644 ","457,295 ","466,428 ","472,606 ","477,023 ","482,009 ","488,725 ","497,317 ","507,619 ","519,607 ","532,705 ","546,191 ","559,307 "
86,"2,249 ","2,377 ","2,530 ","2,697 ","2,900 ","3,151 ","3,411 ","3,688 ","3,991 ","4,326 ","4,683 ","5,070 ","5,489 ","5,899 ","6,332 ","6,792 ","7,251 ","7,740 ","8,234 ","8,736 ","9,268 ","9,830 ","10,426 ","10,990 ","11,565 ","12,164 ","12,739 ","13,382 ","14,123 ","14,937 ","15,844 ","16,893 ","18,136 ","19,461 ","20,832 ","22,212 ","23,540 ","24,785 ","25,900 ","26,918 ","27,949 ","28,975 ","29,993 ","30,985 ","31,941 ","32,803 ","33,544 ","34,252 ","34,982 ","35,760 ","36,692 ","37,823 ","39,113 ","40,526 ","42,126 ","43,873 ","45,798 ","47,872 ","49,919 ","51,941 ","54,023 ","56,261 ","58,664 ","61,404 ","64,133 ","66,787 ","69,542 ","72,149 ","74,723 ","77,341 ","80,105 ","82,977 ","86,372 ","90,032 ","93,941 ","98,185 ","102,726 ","107,425 ","112,033 ","116,870 ","122,276 ","127,598 ","132,647 ","137,754 ","142,881 ","147,975 ","152,937 ","158,933 ","166,999 ","176,598 ","187,765 ","199,275 ","209,819 ","220,153 ","231,282 ","243,318 ","255,765 ","268,158 ","280,368 ","292,772 ","305,278 ","317,149 ","328,471 ","340,292 ","352,951 ","366,083 ","379,628 ","393,445 ","406,978 ","419,767 ","431,012 ","439,894 ","445,994 ","450,436 ","455,418 ","462,039 ","470,439 ","480,464 ","492,095 ","504,787 ","517,859 "
87,"1,714 ","1,812 ","1,931 ","2,063 ","2,223 ","2,421 ","2,628 ","2,848 ","3,090 ","3,359 ","3,647 ","3,962 ","4,305 ","4,646 ","5,010 ","5,402 ","5,794 ","6,215 ","6,640 ","7,070 ","7,533 ","8,036 ","8,573 ","9,087 ","9,611 ","10,138 ","10,641 ","11,181 ","11,779 ","12,414 ","13,114 ","13,927 ","14,904 ","15,980 ","17,131 ","18,347 ","19,574 ","20,771 ","21,876 ","22,890 ","23,871 ","24,818 ","25,726 ","26,614 ","27,474 ","28,273 ","28,999 ","29,695 ","30,395 ","31,104 ","31,907 ","32,844 ","33,871 ","34,992 ","36,270 ","37,698 ","39,313 ","41,104 ","42,911 ","44,733 ","46,621 ","48,668 ","50,854 ","53,059 ","55,494 ","57,872 ","60,245 ","62,824 ","65,303 ","67,709 ","70,161 ","72,661 ","75,308 ","78,467 ","81,855 ","85,495 ","89,434 ","93,662 ","98,034 ","102,337 ","106,850 ","111,896 ","116,870 ","121,604 ","126,396 ","131,216 ","136,011 ","140,692 ","146,332 ","153,888 ","162,868 ","173,309 ","184,083 ","193,979 ","203,695 ","214,161 ","225,482 ","237,200 ","248,883 ","260,413 ","272,138 ","283,973 ","295,232 ","305,994 ","317,235 ","329,270 ","341,762 ","354,655 ","367,816 ","380,727 ","392,958 ","403,755 ","412,348 ","418,341 ","422,782 ","427,733 ","434,227 ","442,400 ","452,110 ","463,340 ","475,581 "
88,"1,285 ","1,357 ","1,447 ","1,549 ","1,674 ","1,829 ","1,990 ","2,163 ","2,352 ","2,565 ","2,793 ","3,044 ","3,320 ","3,594 ","3,893 ","4,219 ","4,549 ","4,903 ","5,264 ","5,630 ","6,025 ","6,459 ","6,929 ","7,388 ","7,852 ","8,328 ","8,770 ","9,231 ","9,726 ","10,232 ","10,772 ","11,396 ","12,144 ","12,979 ","13,901 ","14,913 ","15,978 ","17,072 ","18,121 ","19,109 ","20,066 ","20,964 ","21,795 ","22,589 ","23,342 ","24,052 ","24,717 ","25,388 ","26,064 ","26,739 ","27,469 ","28,280 ","29,120 ","29,998 ","30,998 ","32,125 ","33,431 ","34,926 ","36,468 ","38,061 ","39,747 ","41,599 ","43,586 ","45,572 ","47,501 ","49,602 ","51,717 ","53,916 ","56,340 ","58,634 ","60,866 ","63,029 ","65,313 ","67,764 ","70,665 ","73,794 ","77,147 ","80,785 ","84,684 ","88,727 ","92,709 ","96,893 ","101,565 ","106,182 ","110,585 ","115,051 ","119,548 ","124,030 ","128,415 ","133,683 ","140,709 ","149,051 ","158,745 ","168,758 ","177,982 ","187,054 ","196,830 ","207,406 ","218,363 ","229,304 ","240,119 ","251,130 ","262,259 ","272,869 ","283,034 ","293,656 ","305,028 ","316,837 ","329,033 ","341,494 ","353,739 ","365,366 ","375,673 ","383,939 ","389,791 ","394,202 ","399,092 ","405,427 ","413,335 ","422,689 ","433,473 "
89,948 ,999 ,"1,065 ","1,141 ","1,236 ","1,356 ","1,480 ","1,612 ","1,759 ","1,923 ","2,100 ","2,297 ","2,514 ","2,731 ","2,969 ","3,232 ","3,502 ","3,797 ","4,097 ","4,404 ","4,738 ","5,100 ","5,503 ","5,899 ","6,311 ","6,725 ","7,115 ","7,518 ","7,932 ","8,348 ","8,767 ","9,238 ","9,817 ","10,447 ","11,152 ","11,950 ","12,824 ","13,762 ","14,708 ","15,636 ","16,552 ","17,413 ","18,195 ","18,910 ","19,574 ","20,189 ","20,772 ","21,383 ","22,026 ","22,669 ","23,351 ","24,078 ","24,799 ","25,500 ","26,279 ","27,150 ","28,174 ","29,379 ","30,640 ","31,984 ","33,454 ","35,097 ","36,879 ","38,667 ","40,385 ","42,020 ","43,872 ","45,816 ","47,868 ","50,082 ","52,187 ","54,107 ","56,065 ","58,162 ","60,397 ","63,054 ","65,910 ","68,981 ","72,307 ","75,878 ","79,581 ","83,239 ","87,083 ","91,375 ","95,623 ","99,688 ","103,815 ","107,977 ","112,134 ","116,209 ","121,090 ","127,574 ","135,262 ","144,191 ","153,426 ","161,957 ","170,364 ","179,426 ","189,232 ","199,402 ","209,573 ","219,644 ","229,909 ","240,297 ","250,226 ","259,760 ","269,727 ","280,397 ","291,484 ","302,943 ","314,662 ","326,196 ","337,175 ","346,950 ","354,851 ","360,528 ","364,876 ","369,673 ","375,812 ","383,417 ","392,371 "
90,687 ,722 ,769 ,824 ,894 ,984 ,"1,078 ","1,179 ","1,290 ","1,415 ","1,550 ","1,700 ","1,867 ","2,036 ","2,221 ","2,427 ","2,642 ","2,880 ","3,126 ","3,379 ","3,658 ","3,957 ","4,292 ","4,624 ","4,970 ","5,333 ","5,669 ","6,016 ","6,375 ","6,719 ","7,054 ","7,415 ","7,854 ","8,327 ","8,854 ","9,459 ","10,140 ","10,900 ","11,700 ","12,521 ","13,368 ","14,183 ","14,925 ","15,587 ","16,182 ","16,716 ","17,216 ","17,751 ","18,330 ","18,931 ","19,575 ","20,244 ","20,881 ","21,472 ","22,085 ","22,748 ","23,532 ","24,463 ","25,465 ","26,556 ","27,785 ","29,210 ","30,788 ","32,376 ","33,908 ","35,353 ","36,780 ","38,462 ","40,253 ","42,113 ","43,908 ","45,867 ","47,586 ","49,367 ","51,260 ","53,294 ","55,695 ","58,286 ","61,066 ","64,083 ","67,320 ","70,683 ","74,011 ","77,512 ","81,418 ","85,293 ","89,011 ","92,792 ","96,611 ","100,431 ","104,185 ","108,669 ","114,600 ","121,625 ","129,780 ","138,224 ","146,048 ","153,774 ","162,104 ","171,122 ","180,483 ","189,861 ","199,163 ","208,657 ","218,277 ","227,495 ","236,367 ","245,647 ","255,581 ","265,911 ","276,595 ","287,532 ","298,317 ","308,608 ","317,810 ","325,306 ","330,772 ","335,024 ","339,691 ","345,597 ","352,860 "
91,486 ,512 ,545 ,583 ,633 ,699 ,769 ,843 ,926 ,"1,020 ","1,121 ","1,234 ","1,360 ","1,487 ","1,628 ","1,787 ","1,953 ","2,139 ","2,334 ","2,538 ","2,766 ","3,008 ","3,283 ","3,554 ","3,843 ","4,146 ","4,429 ","4,727 ","5,029 ","5,317 ","5,592 ","5,882 ","6,215 ","6,567 ","6,956 ","7,401 ","7,908 ","8,491 ","9,129 ","9,813 ","10,557 ","11,296 ","11,990 ","12,613 ","13,159 ","13,630 ","14,059 ","14,516 ","15,016 ","15,553 ","16,142 ","16,769 ","17,342 ","17,853 ","18,359 ","18,871 ","19,461 ","20,168 ","20,931 ","21,784 ","22,781 ","23,975 ","25,331 ","26,724 ","28,069 ","29,344 ","30,593 ","31,884 ","33,409 ","35,017 ","36,295 ","38,119 ","39,847 ","41,392 ","42,982 ","44,687 ","46,510 ","48,666 ","50,986 ","53,482 ","56,188 ","59,095 ","62,117 ","65,116 ","68,272 ","71,792 ","75,291 ","78,659 ","82,088 ","85,558 ","89,036 ","92,462 ","96,541 ","101,916 ","108,275 ","115,651 ","123,300 ","130,409 ","137,444 ","145,031 ","153,248 ","161,787 ","170,356 ","178,872 ","187,575 ","196,405 ","204,888 ","213,073 ","221,639 ","230,810 ","240,352 ","250,230 ","260,352 ","270,351 ","279,918 ","288,510 ","295,565 ","300,782 ","304,901 ","309,403 ","315,039 "
92,337 ,354 ,378 ,404 ,439 ,485 ,535 ,590 ,650 ,719 ,793 ,876 ,969 ,"1,063 ","1,168 ","1,287 ","1,413 ","1,554 ","1,704 ","1,864 ","2,046 ","2,243 ","2,461 ","2,678 ","2,910 ","3,154 ","3,389 ","3,636 ","3,889 ","4,129 ","4,354 ","4,587 ","4,845 ","5,112 ","5,398 ","5,718 ","6,089 ","6,517 ","6,997 ","7,538 ","8,146 ","8,783 ","9,409 ","9,983 ","10,491 ","10,914 ","11,290 ","11,676 ","12,097 ","12,556 ","13,077 ","13,639 ","14,164 ","14,621 ","15,049 ","15,466 ","15,918 ","16,448 ","17,008 ","17,650 ","18,428 ","19,395 ","20,522 ","21,705 ","22,864 ","23,967 ","25,059 ","26,177 ","27,344 ","28,698 ","29,766 ","31,093 ","32,680 ","34,206 ","35,568 ","36,984 ","38,494 ","40,116 ","42,025 ","44,085 ","46,298 ","48,699 ","51,280 ","53,966 ","56,638 ","59,453 ","62,591 ","65,717 ","68,735 ","71,812 ","74,932 ","78,064 ","81,157 ","84,831 ","89,650 ","95,346 ","101,950 ","108,807 ","115,202 ","121,542 ","128,384 ","135,796 ","143,508 ","151,260 ","158,980 ","166,879 ","174,906 ","182,637 ","190,116 ","197,948 ","206,334 ","215,066 ","224,113 ","233,393 ","242,579 ","251,391 ","259,340 ","265,919 ","270,852 ","274,802 ","279,102 "
93,229 ,240 ,256 ,275 ,298 ,330 ,364 ,403 ,446 ,494 ,548 ,608 ,675 ,743 ,819 ,906 ,999 ,"1,104 ","1,216 ","1,337 ","1,478 ","1,633 ","1,805 ","1,975 ","2,155 ","2,349 ","2,536 ","2,738 ","2,942 ","3,141 ","3,326 ","3,510 ","3,718 ","3,921 ","4,130 ","4,361 ","4,631 ","4,933 ","5,280 ","5,681 ","6,151 ","6,668 ","7,197 ","7,710 ","8,165 ","8,557 ","8,891 ","9,222 ","9,573 ","9,956 ","10,395 ","10,882 ","11,352 ","11,760 ","12,134 ","12,483 ","12,840 ","13,246 ","13,655 ","14,123 ","14,708 ","15,465 ","16,376 ","17,343 ","18,310 ","19,247 ","20,179 ","21,142 ","22,139 ","23,162 ","24,037 ","25,138 ","26,279 ","27,658 ","28,980 ","30,176 ","31,414 ","32,741 ","34,163 ","35,836 ","37,639 ","39,579 ","41,684 ","43,948 ","46,307 ","48,660 ","51,140 ","53,904 ","56,664 ","59,337 ","62,067 ","64,839 ","67,628 ","70,387 ","73,658 ","77,931 ","82,975 ","88,821 ","94,900 ","100,587 ","106,238 ","112,340 ","118,952 ","125,841 ","132,779 ","139,701 ","146,794 ","154,013 ","160,985 ","167,746 ","174,832 ","182,419 ","190,327 ","198,527 ","206,949 ","215,301 ","223,335 ","230,616 ","236,688 ","241,303 ","245,049 "
94,153 ,159 ,169 ,181 ,198 ,219 ,242 ,268 ,298 ,332 ,369 ,411 ,458 ,507 ,561 ,623 ,689 ,765 ,848 ,936 ,"1,043 ","1,158 ","1,291 ","1,423 ","1,565 ","1,713 ","1,856 ","2,011 ","2,176 ","2,333 ","2,479 ","2,627 ","2,792 ","2,952 ","3,107 ","3,278 ","3,468 ","3,678 ","3,920 ","4,207 ","4,552 ","4,953 ","5,369 ","5,793 ","6,195 ","6,545 ","6,850 ","7,138 ","7,433 ","7,747 ","8,107 ","8,513 ","8,910 ","9,267 ","9,598 ","9,897 ","10,192 ","10,512 ","10,816 ","11,153 ","11,578 ","12,148 ","12,855 ","13,628 ","14,408 ","15,177 ","15,956 ","16,764 ","17,609 ","18,471 ","19,095 ","19,991 ","20,923 ","21,904 ","23,078 ","24,217 ","25,248 ","26,321 ","27,468 ","28,700 ","30,144 ","31,704 ","33,381 ","35,203 ","37,162 ","39,208 ","41,252 ","43,410 ","45,813 ","48,219 ","50,556 ","52,947 ","55,378 ","57,830 ","60,262 ","63,137 ","66,879 ","71,291 ","76,402 ","81,725 ","86,722 ","91,698 ","97,073 ","102,903 ","108,982 ","115,117 ","121,251 ","127,545 ","133,962 ","140,175 ","146,217 ","152,553 ","159,340 ","166,419 ","173,767 ","181,323 ","188,831 ","196,074 ","202,667 ","208,209 ","212,477 "
95,99 ,103 ,109 ,117 ,127 ,142 ,157 ,174 ,194 ,217 ,242 ,271 ,304 ,337 ,375 ,418 ,464 ,517 ,575 ,639 ,718 ,803 ,902 ,"1,000 ","1,107 ","1,218 ","1,327 ","1,444 ","1,568 ","1,692 ","1,809 ","1,920 ","2,049 ","2,174 ","2,293 ","2,417 ","2,551 ","2,697 ","2,866 ","3,063 ","3,304 ","3,593 ","3,909 ","4,242 ","4,573 ","4,870 ","5,139 ","5,391 ","5,648 ","5,907 ","6,199 ","6,528 ","6,849 ","7,145 ","7,434 ","7,689 ","7,938 ","8,196 ","8,428 ","8,671 ","8,983 ","9,401 ","9,939 ","10,533 ","11,135 ","11,743 ","12,377 ","13,039 ","13,739 ","14,458 ","14,973 ","15,622 ","16,368 ","17,157 ","17,982 ","18,975 ","19,936 ","20,815 ","21,729 ","22,709 ","23,759 ","24,990 ","26,318 ","27,749 ","29,302 ","30,975 ","32,723 ","34,474 ","36,325 ","38,386 ","40,454 ","42,469 ","44,534 ","46,638 ","48,764 ","50,878 ","53,371 ","56,603 ","60,410 ","64,820 ","69,419 ","73,751 ","78,075 ","82,749 ","87,819 ","93,116 ","98,470 ","103,835 ","109,348 ","114,978 ","120,445 ","125,775 ","131,369 ","137,363 ","143,621 ","150,123 ","156,818 ","163,484 ","169,933 ","175,830 ","180,825 "
96,62 ,65 ,69 ,73 ,80 ,89 ,99 ,110 ,123 ,138 ,154 ,173 ,195 ,218 ,243 ,273 ,304 ,340 ,380 ,425 ,484 ,544 ,614 ,686 ,764 ,844 ,925 ,"1,013 ","1,102 ","1,195 ","1,282 ","1,370 ","1,468 ","1,563 ","1,657 ","1,746 ","1,844 ","1,944 ","2,057 ","2,190 ","2,355 ","2,553 ","2,780 ","3,028 ","3,279 ","3,520 ","3,744 ","3,966 ","4,185 ","4,401 ","4,637 ","4,897 ","5,151 ","5,388 ","5,622 ","5,836 ","6,048 ","6,263 ","6,445 ","6,631 ","6,853 ","7,160 ","7,558 ","7,998 ","8,454 ","8,915 ","9,403 ","9,933 ","10,500 ","11,084 ","11,511 ","12,037 ","12,570 ","13,190 ","13,842 ","14,530 ","15,353 ","16,155 ","16,891 ","17,658 ","18,480 ","19,364 ","20,395 ","21,510 ","22,710 ","24,015 ","25,421 ","26,893 ","28,370 ","29,934 ","31,675 ","33,426 ","35,137 ","36,894 ","38,687 ","40,503 ","42,313 ","44,443 ","47,195 ","50,433 ","54,181 ","58,098 ","61,799 ","65,503 ","69,508 ","73,857 ","78,405 ","83,012 ","87,638 ","92,400 ","97,271 ","102,013 ","106,651 ","111,522 ","116,742 ","122,198 ","127,873 ","133,724 ","139,562 ","145,226 ","150,429 "
97,38 ,40 ,42 ,45 ,49 ,54 ,61 ,68 ,76 ,85 ,96 ,108 ,122 ,137 ,154 ,173 ,194 ,218 ,244 ,274 ,316 ,358 ,407 ,456 ,513 ,571 ,631 ,691 ,757 ,821 ,886 ,949 ,"1,024 ","1,096 ","1,162 ","1,232 ","1,301 ","1,374 ","1,448 ","1,537 ","1,647 ","1,782 ","1,932 ","2,107 ","2,288 ","2,470 ","2,648 ","2,829 ","3,010 ","3,188 ","3,382 ","3,586 ","3,788 ","3,971 ","4,151 ","4,326 ","4,498 ","4,670 ","4,819 ","4,962 ","5,134 ","5,360 ","5,648 ","5,968 ","6,299 ","6,633 ","7,000 ","7,407 ","7,849 ","8,312 ","8,658 ","9,083 ","9,506 ","9,943 ","10,446 ","10,980 ","11,542 ","12,214 ","12,871 ","13,478 ","14,111 ","14,790 ","15,519 ","16,370 ","17,289 ","18,281 ","19,358 ","20,521 ","21,739 ","22,966 ","24,265 ","25,712 ","27,170 ","28,600 ","30,071 ","31,575 ","33,101 ","34,627 ","36,417 ","38,722 ","41,433 ","44,570 ","47,853 ","50,967 ","54,090 ","57,470 ","61,141 ","64,987 ","68,890 ","72,818 ","76,868 ","81,018 ","85,070 ","89,043 ","93,220 ","97,698 ","102,384 ","107,263 ","112,300 ","117,337 ","122,238 "
98,22 ,23 ,25 ,26 ,29 ,32 ,36 ,41 ,46 ,51 ,58 ,65 ,74 ,83 ,94 ,107 ,120 ,135 ,153 ,172 ,202 ,228 ,266 ,297 ,331 ,376 ,414 ,458 ,506 ,547 ,596 ,640 ,694 ,745 ,795 ,845 ,894 ,947 ,994 ,"1,056 ","1,128 ","1,217 ","1,320 ","1,432 ","1,559 ","1,683 ","1,813 ","1,954 ","2,097 ","2,243 ","2,398 ","2,562 ","2,717 ","2,855 ","2,990 ","3,123 ","3,258 ","3,398 ","3,514 ","3,630 ","3,760 ","3,927 ","4,142 ","4,371 ","4,605 ","4,840 ","5,104 ","5,403 ","5,731 ","6,088 ","6,363 ","6,699 ","7,034 ","7,373 ","7,722 ","8,126 ","8,553 ","9,005 ","9,544 ","10,073 ","10,563 ","11,077 ","11,627 ","12,218 ","12,907 ","13,652 ","14,456 ","15,331 ","16,275 ","17,266 ","18,267 ","19,328 ","20,509 ","21,703 ","22,877 ","24,087 ","25,327 ","26,587 ","27,850 ","29,330 ","31,228 ","33,459 ","36,040 ","38,746 ","41,321 ","43,910 ","46,714 ","49,763 ","52,960 ","56,213 ","59,493 ","62,881 ","66,358 ","69,763 ","73,111 ","76,634 ","80,414 ","84,372 ","88,499 ","92,765 ","97,041 "
99,13 ,13 ,14 ,15 ,16 ,18 ,21 ,24 ,27 ,30 ,34 ,38 ,44 ,49 ,56 ,63 ,72 ,81 ,92 ,105 ,123 ,143 ,166 ,187 ,210 ,238 ,267 ,298 ,326 ,358 ,386 ,418 ,456 ,489 ,525 ,561 ,596 ,632 ,671 ,706 ,754 ,812 ,881 ,953 ,"1,034 ","1,120 ","1,208 ","1,305 ","1,412 ","1,529 ","1,647 ","1,776 ","1,895 ","1,999 ","2,100 ","2,198 ","2,296 ","2,403 ","2,498 ","2,585 ","2,684 ","2,811 ","2,974 ","3,136 ","3,298 ","3,460 ","3,640 ","3,847 ","4,088 ","4,349 ","4,563 ","4,822 ","5,080 ","5,343 ","5,609 ","5,883 ","6,200 ","6,537 ","6,893 ","7,317 ","7,734 ","8,124 ","8,531 ","8,969 ","9,439 ","9,987 ","10,579 ","11,219 ","11,916 ","12,668 ","13,459 ","14,260 ","15,110 ","16,057 ","17,016 ","17,962 ","18,939 ","19,941 ","20,963 ","21,990 ","23,190 ","24,725 ","26,528 ","28,613 ","30,803 ","32,894 ","35,002 ","37,287 ","39,772 ","42,383 ","45,045 ","47,735 ","50,519 ","53,380 ","56,191 ","58,963 ","61,882 ","65,015 ","68,299 ","71,729 ","75,279 "
100,7 ,7 ,8 ,9 ,9 ,10 ,12 ,13 ,15 ,17 ,19 ,22 ,25 ,28 ,32 ,37 ,42 ,48 ,54 ,62 ,73 ,86 ,100 ,115 ,131 ,148 ,165 ,186 ,204 ,225 ,243 ,267 ,289 ,313 ,335 ,362 ,387 ,409 ,434 ,459 ,494 ,530 ,569 ,619 ,672 ,727 ,782 ,847 ,924 ,"1,004 ","1,097 ","1,191 ","1,283 ","1,360 ","1,437 ","1,502 ","1,575 ","1,650 ","1,719 ","1,789 ","1,867 ","1,962 ","2,079 ","2,200 ","2,313 ","2,421 ","2,540 ","2,685 ","2,847 ","3,033 ","3,188 ","3,383 ","3,578 ","3,776 ","3,977 ","4,181 ","4,392 ","4,637 ","4,896 ","5,171 ","5,498 ","5,821 ","6,123 ","6,440 ","6,781 ","7,148 ","7,574 ","8,036 ","8,535 ","9,078 ","9,666 ","10,285 ","10,913 ","11,581 ","12,325 ","13,080 ","13,827 ","14,600 ","15,395 ","16,207 ","17,025 ","17,980 ","19,197 ","20,625 ","22,277 ","24,015 ","25,681 ","27,363 ","29,189 ","31,177 ","33,268 ","35,404 ","37,569 ","39,811 ","42,122 ","44,398 ","46,648 ","49,020 ","51,568 ","54,243 ","57,039 "
101,4 ,4 ,4 ,5 ,5 ,5 ,6 ,7 ,8 ,10 ,11 ,12 ,14 ,15 ,17 ,20 ,24 ,27 ,31 ,35 ,42 ,50 ,59 ,69 ,75 ,88 ,98 ,111 ,125 ,137 ,150 ,162 ,180 ,191 ,210 ,225 ,242 ,259 ,275 ,290 ,313 ,337 ,362 ,393 ,421 ,458 ,490 ,535 ,581 ,640 ,702 ,774 ,840 ,897 ,952 ,996 ,"1,050 ","1,100 ","1,152 ","1,199 ","1,254 ","1,330 ","1,413 ","1,502 ","1,580 ","1,651 ","1,735 ","1,830 ","1,932 ","2,061 ","2,172 ","2,310 ","2,453 ","2,599 ","2,747 ","2,898 ","3,051 ","3,211 ","3,395 ","3,591 ","3,798 ","4,044 ","4,289 ","4,519 ","4,760 ","5,020 ","5,300 ","5,625 ","5,977 ","6,358 ","6,773 ","7,222 ","7,696 ","8,179 ","8,692 ","9,264 ","9,846 ","10,424 ","11,023 ","11,640 ","12,271 ","12,909 ","13,653 ","14,597 ","15,706 ","16,988 ","18,339 ","19,638 ","20,954 ","22,382 ","23,940 ","25,580 ","27,260 ","28,965 ","30,736 ","32,563 ","34,368 ","36,157 ","38,046 ","40,076 ","42,209 "
102,2 ,2 ,2 ,2 ,3 ,3 ,3 ,4 ,4 ,5 ,6 ,7 ,8 ,8 ,9 ,11 ,13 ,15 ,17 ,19 ,24 ,27 ,33 ,40 ,44 ,52 ,57 ,64 ,71 ,80 ,88 ,96 ,106 ,116 ,126 ,136 ,144 ,158 ,164 ,178 ,191 ,207 ,223 ,242 ,259 ,280 ,302 ,326 ,354 ,392 ,434 ,482 ,528 ,567 ,609 ,641 ,677 ,712 ,744 ,780 ,819 ,869 ,931 ,992 ,"1,050 ","1,100 ","1,150 ","1,213 ","1,282 ","1,362 ","1,441 ","1,537 ","1,636 ","1,740 ","1,846 ","1,954 ","2,065 ","2,178 ","2,295 ","2,431 ","2,575 ","2,728 ","2,910 ","3,091 ","3,262 ","3,442 ","3,635 ","3,844 ","4,086 ","4,348 ","4,632 ","4,942 ","5,278 ","5,633 ","5,995 ","6,381 ","6,811 ","7,250 ","7,687 ","8,140 ","8,609 ","9,089 ","9,575 ","10,142 ","10,859 ","11,700 ","12,673 ","13,700 ","14,692 ","15,698 ","16,792 ","17,985 ","19,244 ","20,536 ","21,850 ","23,218 ","24,631 ","26,031 ","27,424 ","28,895 ","30,477 "
103,1 ,1 ,1 ,1 ,1 ,2 ,2 ,2 ,2 ,2 ,3 ,4 ,4 ,5 ,5 ,6 ,7 ,8 ,9 ,10 ,13 ,16 ,18 ,22 ,25 ,29 ,32 ,37 ,40 ,46 ,48 ,56 ,62 ,67 ,72 ,77 ,84 ,91 ,99 ,104 ,113 ,124 ,134 ,146 ,154 ,166 ,178 ,192 ,212 ,233 ,258 ,288 ,319 ,348 ,376 ,399 ,420 ,444 ,466 ,487 ,517 ,553 ,597 ,638 ,677 ,711 ,742 ,784 ,829 ,879 ,929 ,994 ,"1,062 ","1,132 ","1,206 ","1,281 ","1,359 ","1,438 ","1,519 ","1,603 ","1,701 ","1,805 ","1,915 ","2,046 ","2,176 ","2,301 ","2,431 ","2,572 ","2,724 ","2,900 ","3,091 ","3,298 ","3,524 ","3,769 ","4,029 ","4,294 ","4,578 ","4,893 ","5,216 ","5,539 ","5,874 ","6,222 ","6,578 ","6,940 ","7,361 ","7,893 ","8,517 ","9,239 ","10,002 ","10,741 ","11,492 ","12,310 ","13,204 ","14,148 ","15,118 ","16,108 ","17,139 ","18,208 ","19,269 ","20,327 ","21,446 "
104,1 ,0 ,1 ,1 ,1 ,1 ,1 ,1 ,1 ,1 ,1 ,2 ,2 ,2 ,3 ,3 ,3 ,4 ,5 ,6 ,7 ,9 ,9 ,11 ,13 ,17 ,16 ,20 ,22 ,26 ,28 ,30 ,36 ,36 ,42 ,44 ,47 ,51 ,54 ,59 ,65 ,69 ,75 ,84 ,90 ,95 ,101 ,110 ,121 ,137 ,146 ,169 ,185 ,205 ,223 ,236 ,254 ,271 ,281 ,296 ,314 ,338 ,367 ,396 ,423 ,443 ,466 ,492 ,520 ,553 ,584 ,625 ,670 ,716 ,764 ,816 ,868 ,922 ,977 ,"1,034 ","1,093 ","1,162 ","1,235 ","1,312 ","1,404 ","1,496 ","1,584 ","1,676 ","1,776 ","1,884 ","2,009 ","2,144 ","2,292 ","2,453 ","2,627 ","2,813 ","3,002 ","3,205 ","3,431 ","3,663 ","3,896 ","4,138 ","4,389 ","4,647 ","4,910 ","5,215 ","5,601 ","6,052 ","6,574 ","7,127 ","7,664 ","8,212 ","8,809 ","9,462 ","10,152 ","10,864 ","11,591 ","12,350 ","13,138 ","13,923 ","14,707 "
105,0 ,0 ,0 ,0 ,1 ,1 ,1 ,1 ,1 ,1 ,1 ,1 ,1 ,1 ,1 ,2 ,2 ,2 ,2 ,3 ,4 ,4 ,6 ,7 ,7 ,9 ,9 ,10 ,11 ,14 ,14 ,16 ,18 ,20 ,22 ,23 ,25 ,27 ,31 ,32 ,35 ,38 ,41 ,49 ,51 ,53 ,57 ,61 ,67 ,74 ,81 ,93 ,104 ,115 ,127 ,138 ,145 ,155 ,163 ,173 ,187 ,200 ,216 ,236 ,252 ,269 ,282 ,301 ,316 ,333 ,358 ,383 ,410 ,440 ,471 ,504 ,538 ,574 ,610 ,648 ,687 ,727 ,774 ,824 ,877 ,940 ,"1,003 ","1,064 ","1,128 ","1,196 ","1,271 ","1,357 ","1,451 ","1,553 ","1,665 ","1,786 ","1,915 ","2,047 ","2,189 ","2,347 ","2,509 ","2,672 ","2,842 ","3,019 ","3,201 ","3,387 ","3,603 ","3,875 ","4,193 ","4,561 ","4,952 ","5,332 ","5,722 ","6,146 ","6,611 ","7,103 ","7,611 ","8,132 ","8,677 ","9,243 ","9,808 "
106,0 ,0 ,0 ,0 ,0 ,0 ,0 ,1 ,1 ,1 ,1 ,1 ,1 ,1 ,1 ,1 ,1 ,1 ,1 ,1 ,2 ,3 ,2 ,3 ,4 ,4 ,5 ,5 ,7 ,7 ,7 ,9 ,10 ,11 ,12 ,12 ,14 ,14 ,15 ,17 ,18 ,20 ,23 ,25 ,28 ,29 ,30 ,33 ,36 ,37 ,46 ,50 ,56 ,63 ,67 ,74 ,79 ,88 ,92 ,97 ,107 ,113 ,124 ,136 ,144 ,153 ,165 ,179 ,190 ,195 ,210 ,228 ,244 ,262 ,282 ,302 ,324 ,346 ,370 ,394 ,419 ,445 ,472 ,503 ,536 ,571 ,613 ,655 ,696 ,739 ,785 ,836 ,894 ,957 ,"1,026 ","1,101 ","1,183 ","1,270 ","1,360 ","1,456 ","1,563 ","1,674 ","1,785 ","1,902 ","2,023 ","2,148 ","2,276 ","2,425 ","2,611 ","2,830 ","3,082 ","3,351 ","3,614 ","3,883 ","4,177 ","4,499 ","4,841 ","5,194 ","5,557 ","5,937 ","6,333 "
107,0 ,0 ,0 ,0 ,0 ,0 ,0 ,0 ,0 ,0 ,0 ,0 ,0 ,0 ,1 ,1 ,1 ,1 ,1 ,1 ,1 ,1 ,1 ,1 ,2 ,3 ,2 ,2 ,3 ,4 ,3 ,4 ,5 ,5 ,6 ,6 ,7 ,8 ,8 ,8 ,11 ,11 ,11 ,13 ,14 ,14 ,15 ,17 ,19 ,20 ,22 ,26 ,30 ,33 ,36 ,39 ,45 ,46 ,53 ,53 ,57 ,62 ,68 ,75 ,83 ,87 ,94 ,100 ,105 ,115 ,120 ,130 ,142 ,152 ,163 ,176 ,189 ,202 ,217 ,232 ,248 ,264 ,280 ,298 ,318 ,339 ,363 ,390 ,417 ,444 ,472 ,502 ,535 ,573 ,614 ,659 ,709 ,763 ,820 ,879 ,943 ,"1,014 ","1,087 ","1,161 ","1,239 ","1,320 ","1,403 ","1,489 ","1,588 ","1,713 ","1,859 ","2,028 ","2,207 ","2,384 ","2,565 ","2,763 ","2,980 ","3,210 ","3,449 ","3,695 ","3,953 "
108,0 ,0 ,0 ,0 ,0 ,0 ,0 ,0 ,0 ,0 ,0 ,0 ,0 ,0 ,0 ,0 ,0 ,0 ,0 ,1 ,1 ,1 ,1 ,1 ,1 ,1 ,1 ,1 ,1 ,2 ,2 ,2 ,2 ,2 ,3 ,4 ,3 ,3 ,5 ,5 ,4 ,5 ,5 ,6 ,7 ,7 ,8 ,9 ,10 ,11 ,11 ,13 ,16 ,17 ,17 ,19 ,21 ,23 ,27 ,28 ,30 ,32 ,35 ,41 ,44 ,47 ,50 ,51 ,60 ,59 ,69 ,72 ,79 ,86 ,92 ,99 ,107 ,115 ,123 ,132 ,142 ,152 ,162 ,172 ,183 ,196 ,209 ,224 ,241 ,258 ,275 ,293 ,312 ,333 ,357 ,384 ,413 ,444 ,479 ,515 ,553 ,594 ,640 ,687 ,735 ,785 ,837 ,892 ,947 ,"1,012 ","1,093 ","1,187 ","1,297 ","1,414 ","1,529 ","1,647 ","1,777 ","1,919 ","2,070 ","2,227 ","2,389 "
109,0 ,0 ,0 ,0 ,0 ,0 ,0 ,0 ,0 ,0 ,0 ,0 ,0 ,0 ,0 ,0 ,0 ,0 ,0 ,0 ,0 ,1 ,1 ,1 ,1 ,1 ,1 ,0 ,0 ,0 ,1 ,1 ,1 ,1 ,1 ,1 ,1 ,1 ,1 ,2 ,3 ,2 ,3 ,3 ,4 ,4 ,3 ,4 ,4 ,5 ,7 ,6 ,7 ,7 ,9 ,10 ,10 ,14 ,12 ,13 ,14 ,17 ,18 ,20 ,21 ,23 ,26 ,29 ,30 ,32 ,22 ,40 ,42 ,46 ,51 ,54 ,59 ,63 ,68 ,73 ,79 ,84 ,90 ,96 ,103 ,110 ,117 ,126 ,135 ,145 ,156 ,166 ,177 ,189 ,202 ,217 ,233 ,251 ,271 ,292 ,315 ,339 ,364 ,393 ,422 ,452 ,483 ,516 ,551 ,586 ,627 ,678 ,737 ,806 ,880 ,953 ,"1,028 ","1,110 ","1,201 ","1,297 ","1,397 "
