"","edad","1950","1951","1952","1953","1954","1955","1956","1957","1958","1959","1960","1961","1962","1963","1964","1965","1966","1967","1968","1969","1970","1971","1972","1973","1974","1975","1976","1977","1978","1979","1980","1981","1982","1983","1984","1985","1986","1987","1988","1989","1990","1991","1992","1993","1994","1995","1996","1997","1998","1999","2000","2001","2002","2003","2004","2005","2006","2007","2008","2009","2010","2011","2012","2013","2014","2015","2016","2017","2018","2019","2020","2021","2022","2023","2024","2025","2026","2027","2028","2029","2030","2031","2032","2033","2034","2035","2036","2037","2038","2039","2040","2041","2042","2043","2044","2045","2046","2047","2048","2049","2050","2051","2052","2053","2054","2055","2056","2057","2058","2059","2060","2061","2062","2063","2064","2065","2066","2067","2068","2069","2070"
"1",0,0.867948658938329,0.867101720498922,0.875123494004425,0.872483518293436,0.887030285101505,0.892517810074773,0.897739001719792,0.902236429007675,0.905851627918448,0.909009112873312,0.911655100933185,0.914068965274894,0.916331530216834,0.918629711044356,0.920966042142,0.923205167518396,0.925043570694507,0.926664637154764,0.928386450878874,0.930424442911533,0.929371433894595,0.934411022914702,0.936114004809993,0.937791721169781,0.939676455711864,0.941765209583537,0.944002409469144,0.946220059945571,0.948503177868525,0.950853655696085,0.953176729216168,0.95530897097049,0.95714441893517,0.958837673436709,0.960478894279229,0.962156303189913,0.963842130602517,0.965518687582936,0.967268073063201,0.96632584733733,0.968293940160024,0.971936526235318,0.973159917903593,0.974210066748985,0.975144221716281,0.976011085593127,0.97685580054198,0.977675413597033,0.97852126213531,0.979435586033783,0.980470962853569,0.981513650520527,0.982445031457804,0.983186083189319,0.983792550214106,0.984309910089465,0.984725620000096,0.98502876739753,0.985294200486438,0.985577000035043,0.985901489227351,0.986193760055743,0.986386384257684,0.986492269102533,0.986617815665836,0.986701901569574,0.986779398174404,0.986751331185011,0.986907074197222,0.987152124315288,0.987475242399884,0.987738001730043,0.988195121050844,0.988540390840844,0.988978166182819,0.989341983211719,0.989747401330508,0.990104093447643,0.990476889438854,0.990816705220031,0.991159766875491,0.991479397655397,0.991795837370187,0.992094628039874,0.992387120265176,0.992665535090723,0.992936292130532,0.993195266298569,0.993446142903557,0.993686793983228,0.993919386254825,0.994142880078425,0.994358595480154,0.994566082311605,0.994766185128658,0.99495876954377,0.995144409862368,0.995323137436665,0.995495369965075,0.995661222532419,0.995821019367603,0.995974914671977,0.996123174482352,0.996265968045888,0.996403523105774,0.99653601116075,0.996663633057525,0.996786555928751,0.996904960410416,0.997019006022459,0.997128857253512,0.997234664592641,0.997336578974212,0.997434741419256,0.997529291066774,0.997620359548765,0.997708075485433,0.997792561460579,0.997873936565102,0.997952314798771,0.998027806534545
"2",1,0.941731956477009,0.939331486372109,0.947537531739411,0.945525896020666,0.954718205809256,0.957343438124772,0.961278493014363,0.963910804307844,0.966341359272138,0.968251907890745,0.969061489288452,0.97028511605843,0.971865740319367,0.973231399678336,0.974562634012379,0.976406796831829,0.977830067117102,0.978827097072636,0.980387102558643,0.981916098770723,0.980106024819562,0.985115327916454,0.987252917367051,0.988510142826099,0.989350033612851,0.990381158641094,0.991661797854198,0.992101800632839,0.992185798064763,0.992914557031588,0.993435864200836,0.993716607223212,0.994002945524113,0.994519494600566,0.994927332233055,0.995352145239957,0.995553886856374,0.995807353443922,0.996144257247424,0.996385758137405,0.996725303901076,0.996844358627477,0.99701611871162,0.997299363374014,0.997412680022608,0.997636216264148,0.997827299242324,0.997988287324092,0.9981313992846,0.998256624227952,0.998378424146428,0.998519665652743,0.998659264618645,0.998737226754348,0.998808307201254,0.99887462959495,0.998859965127826,0.998899396077744,0.99888528924111,0.999161025019214,0.999135134001814,0.999170846035049,0.999148404452173,0.999127911401529,0.999108539000513,0.999112495333738,0.999125523471366,0.99911747299966,0.999128938204387,0.999123241479455,0.999176190990657,0.999205995354927,0.99925720623703,0.999294953644413,0.99934163193797,0.999379373834595,0.999420293695313,0.999455291430214,0.99949085537828,0.999522362294635,0.99955328145372,0.999581278542622,0.999608219571987,0.999632942793111,0.99965646623509,0.999678228505208,0.99969879873538,0.999717921536703,0.999735927059743,0.999752714262496,0.999768484597179,0.999783213291374,0.999797031132946,0.999809949567666,0.999822059404013,0.999833387918899,0.999844002311831,0.999853935463234,0.999863239829342,0.999871948900206,0.999880105305047,0.999887740830551,0.999894891102507,0.999901585250288,0.999907853598237,0.999913722340573,0.999919217589968,0.999924362652392,0.999929180174948,0.999933690767596,0.999937914157115,0.999941868504599,0.999945571037913,0.999949037726854,0.999952283640377,0.999955322804078,0.999958168410778,0.999960832769577,0.999963327437108,0.99996566321137,0.999967850219035
"3",2,0.967324101727927,0.965141347281845,0.970715056755062,0.969426717321081,0.975372510578266,0.976522681507499,0.979256972815537,0.980400148686278,0.981802777124029,0.982887917525274,0.983518466798848,0.984245850018585,0.985077719367986,0.985825778283509,0.986579547028238,0.987618026914737,0.988327704966127,0.989038275367567,0.989616269746461,0.990526796925027,0.989558090886351,0.992225214827545,0.993156518128559,0.994041009441965,0.994699679814446,0.995261661080398,0.995700956567386,0.99595843355413,0.996197133946519,0.996491289626498,0.996772022343268,0.997005631077113,0.99719204144845,0.99737255425392,0.997540133648208,0.997701187570268,0.997853536979419,0.997983695226288,0.998108287834243,0.998211840746798,0.998285246592003,0.998476837416768,0.99858412942433,0.998661579042664,0.998741897364037,0.998809687772589,0.998876441236619,0.998940173020558,0.999013276383334,0.999089988278326,0.999156165883795,0.999220670404291,0.999270965224011,0.999302176520049,0.999323708200082,0.999339954850103,0.999355788942338,0.999366929062945,0.999378740499907,0.999491225395498,0.999470910130932,0.999492480841152,0.999487890993689,0.999487557760574,0.999480908571654,0.999484288771002,0.999492726320336,0.999490827461124,0.999486416470926,0.999490154264341,0.99951576769368,0.999532500770679,0.999561516100904,0.999582973175822,0.999609587635899,0.999631161918914,0.999654610440623,0.999674714417305,0.999695192889018,0.999713379346192,0.999731269634181,0.99974750855102,0.999763172774576,0.99977758246432,0.999791326142852,0.999804071778788,0.999816148535224,0.999827402826182,0.999838025334811,0.999847953190042,0.999857302366898,0.999866055282491,0.999874286888228,0.999882001437385,0.99988925072248,0.999896048805222,0.999902433868411,0.999908423690063,0.999914048015849,0.999919325324723,0.999924279787083,0.999928929154773,0.999933293657677,0.999937389704309,0.999941234560721,0.999944843084661,0.999948230196472,0.999951409195707,0.999954393074889,0.999957193660469,0.999959822319097,0.999962289526981,0.999964605256302,0.999966778766309,0.999968818820489,0.999970733591636,0.999972530788757,0.999974217620012,0.999975800870843,0.999977286895676,0.999978681669144
"4",3,0.979605379911912,0.977832639266544,0.981624495438151,0.980768080245555,0.984841211592248,0.985295228840251,0.987258156640877,0.987708874925581,0.988579404120375,0.989250728557284,0.989775879563719,0.99025022153523,0.990717369454977,0.991163180513694,0.991637545831409,0.992271100885467,0.992656891104007,0.993195104401992,0.993378049624498,0.993984427080735,0.993409007689491,0.995024235728312,0.995486008512457,0.996162078457484,0.996692673167298,0.997055661781771,0.997218761135541,0.997398581214683,0.997647887232357,0.997794971273427,0.997978332370524,0.998165779971807,0.998304871193922,0.998382596853239,0.99846895495831,0.998544640664307,0.998664662457346,0.998744651926825,0.998803927370926,0.998848275230521,0.998846696951453,0.999046151141529,0.999123525482741,0.999142000608462,0.999203787335147,0.999226626550893,0.999254470657375,0.999286434237661,0.999334138659884,0.999389976716013,0.999434067817395,0.999472634097116,0.99949631452821,0.99951192254228,0.999519253632618,0.999519820058885,0.999543192870998,0.999544923783553,0.999563138991963,0.999620849403146,0.999603353117306,0.999619365357512,0.999619572220357,0.999625905803081,0.999623159346715,0.999626059928627,0.999632097360002,0.999632084957946,0.999624508681723,0.999630892586904,0.999646393762583,0.999657947600732,0.999678120449197,0.999693090951548,0.999711722911832,0.999726874835244,0.999743394794626,0.999757603441086,0.999772122256364,0.999785057068231,0.999797821432895,0.999809444434939,0.99982069162927,0.999831070964591,0.999841001992461,0.99985024114685,0.99985902325005,0.999867233299425,0.999875007091949,0.999882295633644,0.999889181161706,0.999895648059206,0.999901749139931,0.999907485179809,0.999912892423978,0.999917979247949,0.999922772219106,0.999927282805829,0.999931531633285,0.999935530995491,0.99993929763745,0.999942843577298,0.999946182850276,0.999949326699816,0.999952287142937,0.999955074457384,0.999957699072958,0.999960170264558,0.999962497161097,0.999964688071195,0.999966751026335,0.999968693437858,0.999970522393692,0.999972244488301,0.999973865988543,0.999975392753414,0.999976830329959,0.999978183919207,0.999979458434305,0.999980658489828,0.99998178843917
"5",4,0.986391370840775,0.984975336416556,0.987621200551844,0.987030553367976,0.989944879052798,0.990057580489616,0.991515048973706,0.991630615795398,0.992202297515202,0.992644793494601,0.993084163220234,0.993415851330111,0.993689154003885,0.993969709922253,0.99429124636957,0.994702018635201,0.994920812850744,0.995345434205565,0.995349871420561,0.995783813294901,0.995416016258442,0.996473815683826,0.996711120611595,0.997253517445866,0.997691817565207,0.997949116263288,0.997995844137062,0.998129309337944,0.998360698235088,0.998442849930246,0.998571878687993,0.998723818901868,0.998835111153319,0.998873223645486,0.998923724434386,0.998960510966609,0.99905938986733,0.999111198177412,0.999142129396531,0.99915366729325,0.99912337170722,0.999320949244259,0.999381256085154,0.99937832381862,0.999427778517637,0.999432421157096,0.999444571061983,0.999462302737065,0.999496136195913,0.99953971340743,0.999573822685168,0.99959916661511,0.9996107400826,0.999620348454093,0.999621059407157,0.999616109368101,0.999640733183348,0.99963924124798,0.99965803348099,0.999690116709463,0.999674420718136,0.99968747510255,0.999689941409467,0.999698797957973,0.999697429607175,0.999700495786439,0.999704390880233,0.999706084463634,0.999697749900521,0.999704012313835,0.999714931422941,0.999723717310067,0.999739145166599,0.999750633224252,0.999764978521142,0.999776682194328,0.999789483219128,0.99980052888175,0.99981185185495,0.999821972223302,0.999831991443456,0.999841144398107,0.999850030066124,0.999858256732336,0.999866153577199,0.999873524127246,0.999880552785304,0.999887144944995,0.999893407069927,0.999899297369213,0.999904880029187,0.999910140295954,0.999915119111133,0.999919815231713,0.999924256537331,0.999928448228096,0.999932410598353,0.999936151627957,0.999939686998981,0.999943025600114,0.999946180139811,0.999949159485835,0.99995197429796,0.999954632984864,0.999957144698442,0.999959517204544,0.999961758479074,0.999963875590803,0.999965875556018,0.999967764756086,0.999969549398509,0.999971235216638,0.99997282772142,0.999974332049621,0.999975753103933,0.999977095479057,0.999978363541963,0.999979561398499,0.999980692941312,0.999981761837302,0.999982771557834
"6",5,0.990477050300919,0.989346470703938,0.991235209415889,0.990814743603749,0.992969062591604,0.992912973324113,0.994028644134751,0.993974696081784,0.994365212094206,0.994671789189581,0.995040688509224,0.995285847643374,0.995448140641106,0.995630744880679,0.995860865083565,0.99613739459501,0.996265062026648,0.996607979640071,0.996526616280386,0.996851873719476,0.996606176994374,0.997337353813808,0.997452835642789,0.997901022623525,0.99826864473121,0.998464465182316,0.998455458595474,0.998553013205105,0.998764466281188,0.998811328465937,0.998907709935054,0.99903184064509,0.99912461725461,0.999148754654367,0.999179991799918,0.999198440977043,0.999280686716789,0.999313554627617,0.999331048813386,0.999322874299288,0.999280912158002,0.999472106903248,0.999523703708294,0.999513562844294,0.999553217315272,0.999551036759729,0.999555152735875,0.999565619090362,0.99959181681825,0.999628052042003,0.999654945572182,0.999673306253666,0.999678836881952,0.999683798343927,0.999682808849633,0.999674914730134,0.999700028003166,0.999695947608898,0.999714943911926,0.999731131491246,0.999717338458929,0.999728898812586,0.999732017633945,0.999742228474428,0.999741324926687,0.999745275659497,0.999746998286651,0.999748019505828,0.999740327545146,0.999747192610986,0.999755007242868,0.999762108832094,0.999774644169758,0.999784009451587,0.999795742351302,0.999805345678165,0.999815882963564,0.999825004854311,0.999834385878179,0.999842797888442,0.999851152818941,0.999858810291938,0.999866268321649,0.999873195770089,0.99987986714031,0.99988611421237,0.99989209092164,0.999897714754116,0.999903074449033,0.999908132351772,0.999912941723124,0.999917488143324,0.999921805342017,0.999925890697834,0.999929766982543,0.99993343734404,0.999936918224499,0.999940215382756,0.999943341448863,0.999946303157271,0.999949110712552,0.999951770995799,0.999954292565279,0.999956682045017,0.99995894679825,0.999961093010934,0.999963127124122,0.999965054819899,0.999966881791592,0.999968613209876,0.999970254139412,0.999971809260181,0.999973283095065,0.999974679866598,0.999976003623234,0.99997725816773,0.999978447128912,0.999979573927753,0.999980641819639,0.999981653880098,0.999982613030943
"7",6,0.993077136125661,0.992170178862328,0.993547662677269,0.993243762343127,0.99487352221713,0.994741432161021,0.995610845187152,0.995475220194633,0.995752815443587,0.995972111704748,0.996284597657242,0.996473105066286,0.996570067330138,0.996690370342164,0.996864349947701,0.997055247080885,0.997127259854899,0.997412232454455,0.997289552606041,0.997540367578401,0.997371891980597,0.997896134742574,0.997938909175216,0.998316839451206,0.998626752852287,0.998784342458948,0.998750050610492,0.998817159078961,0.999007246312453,0.999036554401579,0.999110763236194,0.999212366227093,0.999294097631655,0.999314369884262,0.999336024446373,0.999342546473864,0.999412754668413,0.999432306778061,0.999443532404532,0.999423117600682,0.999377628182738,0.999560795212668,0.99960549886279,0.999597025819258,0.999626151869837,0.999624793439145,0.999625285914654,0.999631085586428,0.999652951722344,0.999682606855692,0.999705789387231,0.999718992679543,0.999721713217183,0.999724291015224,0.999722427424873,0.99971365465704,0.99973723862072,0.9997323656924,0.999749296201315,0.999755267344111,0.999745129346856,0.999754260008822,0.999758635308118,0.999769587796098,0.999767332208185,0.999771569988883,0.99977297215805,0.999771481725931,0.999765702262063,0.999773903708714,0.999779237412993,0.999785238251672,0.999795880796875,0.999803857801193,0.999813883611963,0.999822116083037,0.999831177894492,0.999839047911282,0.999847167495786,0.999854472044367,0.999861750485535,0.999868443052231,0.999874982449593,0.99988107639822,0.999886964143774,0.999892495379162,0.999897804435313,0.999902816295419,0.999907608294857,0.999912145185917,0.999916473179709,0.999920577856448,0.99992448826426,0.999928200716767,0.999931734642602,0.9999350917217,0.999938285852249,0.999941321240885,0.999944208485233,0.999946952829784,0.999949562800058,0.99995204391043,0.999954403302293,0.999956646375547,0.999958779282678,0.999960807127835,0.999962735310246,0.999964568563566,0.999966311681547,0.999967969007589,0.999969544828567,0.999971043105401,0.99997246768845,0.999973822176943,0.999975110038263,0.999976334536113,0.999977498797901,0.999978605779426,0.999979658304091,0.999980659046881,0.999981610558168
"8",7,0.994790807247175,0.994059337717053,0.995081478715727,0.994862620017109,0.996114867751693,0.995961186468195,0.996647869810394,0.996481143054087,0.996682384955175,0.996846626867457,0.997110493141233,0.997261805631692,0.997316446215456,0.997399469624314,0.997537220823883,0.997670147130439,0.997708755763083,0.997947226315116,0.997809386669137,0.998008117513173,0.997890079366846,0.998276138056715,0.998274229996227,0.998593816169716,0.998855667197627,0.998989010867858,0.998945316142558,0.998985492966484,0.999157364683428,0.999176739880018,0.999235627517797,0.999319393143053,0.999392970369957,0.99941612008495,0.999431965592804,0.999431086978849,0.999492226191011,0.999504545279004,0.999511306422108,0.999483748284577,0.999437913601525,0.999611659689911,0.999652785626772,0.999647721513072,0.99966847752997,0.999669775394006,0.99966891994819,0.999674975982642,0.999691371328569,0.999716298805069,0.999736698898895,0.999747522945899,0.999747424664633,0.999748828486175,0.999749084267628,0.999738671474408,0.999760730035367,0.999753959604325,0.999768938097478,0.999765829063051,0.999759569401082,0.999768793880627,0.9997734611508,0.999785756527344,0.999778940648217,0.99978536327707,0.999786037818258,0.999779583768833,0.999777370421506,0.999786270275334,0.999790060395652,0.999795354313052,0.999804796349433,0.999811898985064,0.999820857517237,0.999828239368697,0.999836392937227,0.999843499052324,0.999850856058411,0.99985749791671,0.999864139241507,0.999870267535621,0.999876276635511,0.999881896180711,0.999887344699673,0.999892481373436,0.999897429095934,0.999902116334618,0.999906613756675,0.999910886778717,0.999914977430328,0.999918870700816,0.99992259279141,0.999926138928028,0.999929526444151,0.999932755794291,0.999935839235542,0.999938779774361,0.999941586666038,0.999944264048014,0.999946819317981,0.999949256999119,0.999951583270838,0.99995380265971,0.999955920491481,0.999957941107953,0.99995986919569,0.999961708826798,0.999963464180471,0.999965139028461,0.999966737128309,0.999968261948705,0.999969716885059,0.999971105114151,0.999972429713445,0.999973693585314,0.999974899524105,0.999976050177694,0.999977148086095,0.999978195662965,0.999979195218615
"9",8,0.995935007416575,0.99534627567886,0.996115099174056,0.995962204694057,0.996935715829942,0.996791948707843,0.997340416608416,0.99716810446548,0.997319943746624,0.997449885036654,0.99767203780835,0.997797496040281,0.997827957087132,0.997886566346473,0.998001602378775,0.998096602242741,0.998112796242847,0.998313826474995,0.998175548081555,0.998334349558028,0.998251368142518,0.99854185210342,0.998510746989025,0.99878056179458,0.998999657777661,0.999119801004429,0.999074684883716,0.99909065913223,0.999247388758249,0.999262297921596,0.999310015708576,0.999380932125437,0.999449264049154,0.999476330518926,0.999489877281888,0.999485003696497,0.999539200060807,0.999546256664949,0.999549797077653,0.999520493722229,0.999474920946691,0.999638647692128,0.999677682242306,0.999677591179258,0.99969042050012,0.999694892682988,0.999694224906941,0.999701953091662,0.999714613620984,0.999735760181139,0.999753643661923,0.999761384726641,0.9997613001875,0.999760585286268,0.999763982811983,0.999753090556684,0.999772935495199,0.999764457099786,0.999776673842534,0.999765480352056,0.999761405928627,0.999770845286766,0.999777393811548,0.999790013223851,0.999778341480023,0.999787342445119,0.999787527698863,0.999774972912586,0.999777451967458,0.999787853917646,0.999790109717227,0.999794957825071,0.999803663174488,0.999810237526733,0.999818561905699,0.999825447106431,0.999833080384655,0.999839758170079,0.999846697596416,0.999852986184969,0.999859297937026,0.999865144188194,0.999870898373088,0.9998762999221,0.999881556880121,0.999886531735743,0.999891341722695,0.999895915739579,0.999900321136261,0.999904522578467,0.999908559931909,0.999912417029089,0.999916118498379,0.999919658343839,0.999923052654051,0.999926300735166,0.999929413804534,0.999932393840979,0.999935249206711,0.999937983140211,0.999940602263009,0.999943110320455,0.999945512815496,0.999947813605447,0.999950017427449,0.999952128049405,0.999954149647644,0.999956085803484,0.999957940255917,0.99995971635819,0.999961417490084,0.99996304676465,0.999964607254997,0.999966101836974,0.999967533314802,0.999968904337556,0.999970217469565,0.999971475146879,0.999972679717445,0.999973833419183,0.999974938403546
"10",9,0.996692778690416,0.996219181773867,0.996804039817087,0.996712014607729,0.99747067288823,0.997357998311858,0.99779869072756,0.997640984855123,0.997756508758836,0.997866468425129,0.998053362132143,0.998163190375359,0.998176961641196,0.998223151675575,0.998325453798539,0.998392989290493,0.998393150542814,0.998564645105409,0.99843491302185,0.998563141512012,0.99850605035861,0.99872692721515,0.998675651362655,0.998900699639467,0.999084508104033,0.999197886554383,0.999156547329924,0.999152289568107,0.999296831583603,0.999308862732576,0.999349777687356,0.999411482475644,0.999475606165583,0.999508047081432,0.999521289985491,0.999512875794248,0.999563133201068,0.999568949486029,0.999570193541562,0.999540341666698,0.999497662999858,0.999648707830302,0.999687208062792,0.999691022549836,0.999698132479714,0.999704561355175,0.999704457377438,0.999716203737069,0.999723719727433,0.999741400693468,0.999757124669474,0.999762985414953,0.999763140309975,0.99976060369503,0.999768729728397,0.999757472227934,0.999774209623433,0.999763485606692,0.999772498959466,0.999754177468288,0.999751567956768,0.99976127870972,0.999767991021956,0.999784207910372,0.999765759339015,0.999777018020231,0.999777116428251,0.999758739912756,0.999766651065708,0.999777169897258,0.999778841919328,0.999783439916606,0.999791767508613,0.999798084580554,0.999806117886023,0.999812789686848,0.999820216283945,0.999826739832015,0.99983354643868,0.999839739925951,0.99984598153504,0.999851786509806,0.99985752339665,0.999862930778777,0.999868214931451,0.999873236012718,0.999878110557058,0.999882764954376,0.999887266117147,0.999891576475591,0.999895735448815,0.999899725009291,0.999903569273089,0.999907260734567,0.999910814921325,0.999914229919852,0.999917516371115,0.99992067526382,0.999923714397667,0.999926636200528,0.99992944676553,0.999932149168556,0.999934748429995,0.999937247850304,0.999939651735214,0.999941963387252,0.999944186603463,0.999946324575454,0.999948380713369,0.999950358044309,0.99995225966644,0.999954088420741,0.999955847141998,0.99995753848041,0.999959165040979,0.999960729287221,0.999962233619196,0.999963680322148,0.999965071610751,0.999966409602287,0.99996769634225
"11",10,0.997172576805574,0.99679190775098,0.997245972866061,0.997210001627499,0.997800783001405,0.997732669028064,0.998088919765454,0.997951951771469,0.998048683651014,0.998144225831407,0.998300269842948,0.99840282915414,0.99840686361117,0.998448250904704,0.998546972952048,0.998592031527314,0.998583428120712,0.998729541706789,0.998618471501706,0.998718072935688,0.9986822127367,0.998853294088669,0.998785962204911,0.998971893262422,0.999126002183124,0.999236175965205,0.999202139726901,0.999182191737613,0.999315416726131,0.999329191079217,0.999365645376798,0.999420542833423,0.999481701978638,0.999520043098171,0.999533525448885,0.999523583795548,0.999571241551077,0.999576842894566,0.999575919706188,0.999549343318584,0.999508870607432,0.999648185666932,0.999684867082109,0.999692443619324,0.999695315334779,0.999701516042139,0.999702482361617,0.999717718331751,0.999722174144663,0.999736730197983,0.999750807005328,0.999754390059178,0.999755239778223,0.999751205720361,0.999764390747946,0.999752661402637,0.999765337130126,0.999754154805811,0.999758406254379,0.999734158111424,0.999728140646523,0.999738449786689,0.999746235278267,0.999765968678515,0.999742292349404,0.999756429288934,0.999755193786373,0.999732232253381,0.999744182824008,0.999756597841893,0.999756974895767,0.999761453183193,0.999769651548559,0.999775900375754,0.999783883567766,0.999790541788778,0.999797983919729,0.999804548314415,0.999811425739168,0.999817709690551,0.99982406864403,0.999830007358406,0.999835900741493,0.999841478740077,0.999846952244198,0.999852174882181,0.999857266158848,0.999862147715582,0.999866888173055,0.999871446556618,0.999875863121388,0.999880117393777,0.999884233765822,0.999888202951594,0.999892040418482,0.999895742930651,0.999899320882967,0.999902774258142,0.999906110520017,0.999909331312368,0.99991244236165,0.999915446119171,0.999918347242364,0.999921148525379,0.999923853933732,0.999926466354324,0.999928989276198,0.999931425547163,0.999933778305312,0.999936050292511,0.999938244371241,0.99994036314612,0.999942409251196,0.999944385141813,0.999946293254813,0.999948135894559,0.999949915322731,0.999951633696379,0.999953293118679,0.999954895605691,0.999956443115452
"12",11,0.99744628620791,0.997138301325017,0.997503476908532,0.997517018822384,0.99798156949835,0.997960976971108,0.998249043628607,0.998141637666934,0.998225072418205,0.998317754258538,0.998447222142347,0.998547633194049,0.99854487869953,0.998587906850475,0.998687082088353,0.998718928022529,0.998703071791987,0.998829266323408,0.998738231661639,0.998816038933625,0.998797215643976,0.998928876693579,0.998851880858749,0.999002137512406,0.999135022474547,0.999243105220259,0.999219031343807,0.99918875515306,0.999311763209715,0.999327787486893,0.999362987393455,0.999413395199882,0.999472298500062,0.999516297366731,0.999531389763371,0.999520484310846,0.999566074289423,0.999573567291273,0.999572398823426,0.999549289602572,0.999511984245161,0.999638021875736,0.99967436696748,0.999683603631852,0.999684686475904,0.999688582084572,0.999690255787139,0.99970860221782,0.999710178767006,0.999721840153819,0.999734652659435,0.999735635141009,0.999736925181522,0.999732817534828,0.99974977410162,0.999737940815544,0.999747371107909,0.999735691677756,0.999736736099952,0.999707461446186,0.999692239420294,0.999704612164868,0.999711341296442,0.999737222670612,0.99970927722795,0.999725849102555,0.999722983917479,0.999696795124466,0.999714040224118,0.99972520570665,0.999725924766297,0.999730371255733,0.999738609812188,0.999744918868426,0.999753015243516,0.999759794725848,0.999767401738403,0.999774137565076,0.999781221622144,0.999787719389782,0.999794319965093,0.999800508156399,0.999806672755658,0.999812530002929,0.999818299682792,0.999823826190931,0.999829234479253,0.999834440018963,0.99983951460383,0.999844413126962,0.9998491775692,0.999853784658382,0.999858259619766,0.999862591234831,0.999866795271736,0.999870867124507,0.999874817183935,0.999878644430994,0.999882356161299,0.999885953262335,0.999889441213267,0.999892821876911,0.999896099634563,0.999899276810495,0.99990235709397,0.999905342989155,0.999908237724398,0.999911043831429,0.99991376421107,0.999916401342057,0.999918957876309,0.999921436198765,0.999923838760272,0.999926167833088,0.999928425697405,0.999930614505904,0.999932736388612,0.999934793378204,0.999936787469273,0.999938720577459,0.999940594573253
"13",12,0.997562643224764,0.997313782340455,0.99761650027987,0.99767513842556,0.998045332226581,0.998073277927055,0.998309404254245,0.998233299967778,0.99831175669238,0.998405116665134,0.99851189969068,0.998612943566777,0.998610266655086,0.998656373984358,0.998762241663677,0.998782031171843,0.99876471288807,0.998872896681903,0.998805184285136,0.998867129946047,0.998860336505579,0.998965505074505,0.998880334283702,0.998999200750599,0.999116750069801,0.999225481527994,0.999212958691629,0.999174931066527,0.999291615372065,0.99931074493233,0.999345907687716,0.999393762954773,0.999451920900631,0.999500654101858,0.999518882841933,0.999506286471116,0.999552838095866,0.999563582812084,0.99956045812164,0.999542815783154,0.999507899657845,0.999622807326413,0.999658649743386,0.999666353893358,0.999668124390771,0.999667492924832,0.999670622300545,0.999689009532273,0.999689034617602,0.999700678583552,0.999711533228106,0.999710227615308,0.999711647825878,0.999708091065037,0.999726120355276,0.999714624783793,0.999722210974234,0.999710895947434,0.999708678144631,0.99967509955029,0.999645861389445,0.999658920855245,0.99966445120648,0.999698863273946,0.999668685586555,0.999686676560626,0.999681739303596,0.99965467872406,0.999674935277292,0.999685160302906,0.999686122013233,0.999690603876852,0.999699023055232,0.999705499666908,0.999713846410987,0.999720860327737,0.999728757333756,0.999735773654265,0.999743177388912,0.99974999126296,0.999756936119063,0.99976346900874,0.999769998826213,0.999776223972458,0.999782376650021,0.999788289852102,0.999794096014162,0.999799703320066,0.99980518794492,0.999810500097239,0.999815684224111,0.999820714003968,0.999825615966692,0.999830376869091,0.999835013092826,0.999839518650841,0.999843904146081,0.999848167585846,0.99985231625279,0.999856350322448,0.999860275141735,0.999864092033517,0.999867805190198,0.999871416512715,0.999874929481205,0.999878346258699,0.99988166986479,0.999884902550595,0.999888047019747,0.999891105516948,0.999894080514128,0.999896974199536,0.999899788863624,0.999902526612944,0.999905189587435,0.999907779800473,0.999910299261485,0.999912749886778,0.999915133568974,0.999917452127534,0.999919707348312
"14",13,0.997556861869683,0.997347820249196,0.997616000070376,0.997720517195012,0.998024733649836,0.998097024854253,0.998290727851989,0.998244994244949,0.998325017862787,0.998420495686323,0.998509105439896,0.998616027405849,0.998614819648182,0.99866863792508,0.998781065603049,0.99879476180231,0.998777826617065,0.998871481370641,0.998828248390165,0.998875186339612,0.998882325155271,0.998965658772556,0.99887701167531,0.998971409531122,0.999077568660779,0.999187452542445,0.999186071270204,0.999146908741287,0.999257398337282,0.999280722897305,0.999317582108833,0.999363898122374,0.999422308730031,0.999475574594195,0.999496864721831,0.999483826652626,0.99953208969435,0.999547120195761,0.999543352765781,0.999531474592137,0.999500051010269,0.999601500723068,0.999637471138244,0.999643504954943,0.999647523951804,0.999640912539344,0.999645244196535,0.999660693913662,0.999661575934247,0.999673676176148,0.999683643981189,0.999680282881334,0.999681264252251,0.999678722027621,0.999695948848902,0.999684639451604,0.999691014842167,0.999682357205422,0.999677011606632,0.999640188962226,0.99959128881435,0.999606057914763,0.999608797856771,0.999651889929506,0.999621963486887,0.999640027063659,0.999633848333612,0.999607235243378,0.999630042679134,0.999637869222505,0.999639841003924,0.99964441796775,0.999653141911373,0.999659880266084,0.999668596827604,0.999675942803976,0.999684236637025,0.999691625525647,0.999699443213669,0.999706657369733,0.999714029794734,0.999720983471728,0.999727952429094,0.999734614019875,0.999741215654574,0.999747577328069,0.999753840545659,0.999759905446073,0.999765853521185,0.999771629970126,0.99977728228505,0.999782780990962,0.999788154301636,0.999793386954656,0.999798496209267,0.999803474753981,0.999808333598589,0.999813069854232,0.99981769094116,0.999822196405751,0.999826591583349,0.99983087733716,0.999835057769805,0.999839134433009,0.999843110680402,0.99984698840032,0.999850770473016,0.99985445892738,0.999858056328309,0.999861564737014,0.99986498649457,0.999868323635716,0.999871578331605,0.999874752559506,0.999877848353193,0.999880867617043,0.999883812267844,0.999886684130354,0.999889485017805,0.999892216673418,0.99989488081628
"15",14,0.997459751439075,0.997278504859145,0.997529460801031,0.997672911511724,0.997936034212663,0.998046750364153,0.99821306138755,0.99818911896701,0.998275629662222,0.9983771867532,0.998454825301393,0.99856636543134,0.998571621507168,0.998631683677462,0.998753081747523,0.998761422788969,0.998751046766132,0.998833435766546,0.998809032003543,0.998847881342413,0.998864977405903,0.998934473392161,0.998847284060903,0.998918584891086,0.99902186396049,0.999133575221934,0.999144457996543,0.999106388796758,0.999212588457205,0.999241861530985,0.999280031764711,0.99932632940863,0.999386099043818,0.999442968855147,0.999468029422887,0.99945411526902,0.999504750035774,0.999524783816404,0.99952122167779,0.99951557513318,0.999487080786715,0.999577813619305,0.999613755757087,0.999616810980072,0.999623970108053,0.999610786900999,0.999615927790594,0.999628048201917,0.999629589238909,0.999643731160653,0.999652371406389,0.999647149163315,0.999648010459118,0.999647691359517,0.999661762824155,0.9996503502678,0.999656444957106,0.999651099103081,0.9996433079792,0.999603554041959,0.999531972717434,0.99954774846175,0.999546604441428,0.999598640975608,0.999572229709168,0.999589835050119,0.999580419825953,0.999556032704705,0.999579852734369,0.999584802705225,0.99958806296802,0.999592796166703,0.999601956726815,0.99960905784973,0.999618273452488,0.999626057813895,0.999634865537619,0.99964272845498,0.99965106451557,0.999658772623539,0.999666665682545,0.999674125471956,0.999681616706577,0.999688792006163,0.999695917058024,0.999702796989949,0.999709584105776,0.999716169586271,0.999722641243829,0.99972893885614,0.999735113569267,0.999741132602419,0.999747026244189,0.999752777192599,0.999758403852571,0.999763897632418,0.999769270145344,0.999774517679651,0.999779647946123,0.999784659945903,0.999789559127452,0.999794345979361,0.999799024619566,0.999803596332069,0.999808064434516,0.999812430616335,0.999816697697441,0.999820867553751,0.999824942680884,0.999828925019133,0.999832816839996,0.999836620080805,0.999840336847515,0.999843969038113,0.999847518627938,0.999850987456703,0.999854377390576,0.999857690201893,0.999860927661381,0.999864091470381,0.999867183313469
"16",15,0.997289215089597,0.997126515201377,0.997374050675501,0.997556524414952,0.997797356828194,0.99793747504431,0.998084737139233,0.99807980732982,0.99817768735075,0.99828520974236,0.998354608028173,0.998476634474487,0.99848679837649,0.998553658909542,0.998686162370118,0.998692587852054,0.998687324557934,0.998761546215721,0.998752997035909,0.998787989877471,0.998816865370326,0.998875915243667,0.998793498738283,0.998848792183204,0.998952201822986,0.999066287718025,0.999087998297221,0.99905673154076,0.999159412377949,0.999193240526302,0.999235550955963,0.999282442004908,0.999342856073787,0.999403502293676,0.999433558198582,0.999420166605462,0.999474076300759,0.99949874405269,0.999495773097894,0.999495385039941,0.99947021783626,0.999550815903851,0.999586555813985,0.99958744415762,0.99959746145448,0.999578373391937,0.999585779599742,0.999592043202914,0.999595793384485,0.99961272735106,0.999619692420376,0.99961402596095,0.999615011942959,0.99961639656886,0.999624670848603,0.999615113220861,0.999621575501435,0.999618773482373,0.999610154772036,0.999567312317365,0.999470335742461,0.999487481764065,0.999482641108313,0.999542343580046,0.999520840587518,0.999537255103593,0.999525100283281,0.999503852183138,0.99952684531437,0.999528292194397,0.999533213084465,0.999538168374701,0.999547901507886,0.999555469209532,0.999565316250694,0.999573647939923,0.999583089501789,0.999591530416152,0.999600491817153,0.999608789762991,0.999617298602461,0.999625351575596,0.999633449714259,0.999641217118877,0.999648940839713,0.999656409221813,0.999663787085868,0.999670955722431,0.999678010248132,0.999684884601029,0.999691634169225,0.999698222713752,0.999704682971503,0.99971099558335,0.999717180355114,0.999723227463245,0.999729149312673,0.999734941447139,0.999740612016793,0.999746159567163,0.999751589783902,0.999756902872503,0.999762103073556,0.999767191492093,0.999772171504848,0.999777044686182,0.999781813881053,0.999786480890471,0.999791048218051,0.999795517755252,0.999799891774213,0.999804172181069,0.999808361080497,0.999812460351808,0.999816471970109,0.999820397765791,0.999824239607378,0.99982799926521,0.999831678515681,0.999835279064118,0.999838802604335
"17",16,0.997068232984072,0.996913718076581,0.997170935561276,0.99738695429059,0.997621915155081,0.997784778090741,0.997920042985778,0.997930988079351,0.998041547559299,0.998154076282267,0.998219078983719,0.998350512376772,0.998368771826186,0.998443137185206,0.998582925991981,0.998588873322594,0.998594841566177,0.99866479896194,0.998665302309027,0.998701817850796,0.998740763955356,0.99879297558421,0.998718648656562,0.998763798374685,0.998871392186426,0.998988158386941,0.999020316283154,0.998996739758976,0.999099795912635,0.999139513918031,0.999184396232346,0.999233341803436,0.999296191087748,0.999360018822976,0.999392971848641,0.999381039930703,0.999438899204567,0.999469176982082,0.999466041966632,0.999472498034475,0.999451354419082,0.999521784208329,0.999557676649809,0.999555239281267,0.99957000326956,0.999545526330511,0.999556037884767,0.999555687857479,0.999561158754956,0.999582465277359,0.999589273348139,0.999582829409864,0.999581715529045,0.999585139819973,0.999589641443448,0.999579358261299,0.999588038731555,0.999588377734688,0.999579057359779,0.999532081804648,0.9994097494225,0.999427476906484,0.999418740339861,0.99948517899318,0.99946892809631,0.999484442594176,0.999469549567185,0.999452169400423,0.999472892761002,0.999469999857718,0.999477068863985,0.999482311459335,0.999492748478324,0.999500883016132,0.999511489394468,0.999520473915106,0.999530665777172,0.999539785926293,0.999549477116983,0.999558458785761,0.99956767680725,0.999576408646712,0.999585197152427,0.999593634136951,0.999602031026759,0.999610157455255,0.999618192431531,0.999626006401099,0.999633702734092,0.999641209087172,0.999648585650839,0.999655792553918,0.999662865331718,0.99966978253143,0.999676565595115,0.999683203499473,0.999689709612619,0.999696078798307,0.999702319780751,0.999708430728044,0.999714417675448,0.99972028062747,0.999726024045251,0.999731648936044,0.999737158823287,0.999742555244201,0.999747841148493,0.999753018335904,0.999758089391221,0.999763056226064,0.999767921180712,0.999772686194438,0.999777353433055,0.999781924817009,0.999786402378944,0.999790787995424,0.999795083590805,0.999799290984857,0.999803412009129,0.999807448420535,0.999811401967896
"18",17,0.996811585617638,0.996657825747007,0.996932745193052,0.997177676330199,0.997423092954077,0.997599869195956,0.997731158802399,0.997749247568228,0.997874739458016,0.997992764616641,0.99805647955833,0.998199712885245,0.998227021597187,0.998307070914647,0.998452394436728,0.998460013864528,0.998477431904846,0.998545302483662,0.998551538908718,0.998593009864564,0.998640112300404,0.998691039883446,0.998627914438986,0.998666627313653,0.998783930147074,0.998900968933465,0.998944517634514,0.998930708420523,0.999033056314457,0.9990790759003,0.99912904708014,0.999178335400394,0.999245191853329,0.999311696230227,0.999349318295356,0.99933757630113,0.99940055653004,0.999436104474462,0.999434405376126,0.999446208737746,0.999428357444727,0.999490730951756,0.999526595137683,0.999523053018283,0.999540552715084,0.999513488676599,0.999526791551679,0.999521402291286,0.999526044264293,0.999553280632255,0.999559412537053,0.99955367880008,0.999551104297724,0.999557257925579,0.999556276164728,0.999546545188997,0.9995557239021,0.999560054776786,0.999549526781431,0.999498377619925,0.99935211557839,0.999370073236631,0.999358651254995,0.999428887438304,0.999419194169596,0.999432751342119,0.999414953746983,0.99940057628806,0.999418466708096,0.999410895778454,0.999420344293778,0.999425931418948,0.999437187780898,0.999445977613597,0.999457456555406,0.999467187662826,0.999478233714863,0.999488123771532,0.999498638681337,0.999508388855983,0.999518400762883,0.999527889508718,0.999537444733757,0.999546622490509,0.99955576132014,0.999564610338592,0.999573364265407,0.999581881786384,0.999590275387682,0.999598466004579,0.999606519135146,0.999614391087074,0.999622120505195,0.999629683785306,0.999637104210724,0.999644369567854,0.999651494334208,0.99965847273613,0.999665314184669,0.999672016528198,0.999678586244544,0.999685023200669,0.99969133215874,0.999697514092566,0.999703572744256,0.999709509676703,0.999715328010018,0.999721029602812,0.999726617181636,0.999732092735246,0.99973745872835,0.999742717187022,0.999747870390668,0.999752920351248,0.99975786920791,0.999762718930592,0.999767471545223,0.999772128965163,0.999776693119848,0.999781165859056,0.999785549026527
"19",18,0.996530773687694,0.996378553456692,0.996673892112593,0.996943101761827,0.997205528009422,0.997394369795126,0.997523140918365,0.997545323206659,0.997685490368417,0.997804878742298,0.9978756362027,0.998026176025299,0.998064471591627,0.998151246264873,0.99829759137512,0.99830939510445,0.998341003458586,0.998410961162425,0.998415094931778,0.998465445790181,0.99852005390031,0.998571810762915,0.998524310124553,0.998560753442836,0.998687830724908,0.998806744006083,0.998860224935096,0.99886007187317,0.998963062860568,0.999014608465567,0.999067127811844,0.999120432198637,0.999189696266164,0.999259100785644,0.99930222587489,0.999291033244324,0.99935929822807,0.999401359897564,0.99939925540739,0.999417352155797,0.999401966992572,0.999457611738684,0.999494704307976,0.999489585939202,0.999511323934296,0.999481622612167,0.99949866487874,0.999488720723567,0.9994932824597,0.999526007334836,0.999532769635007,0.999528110664453,0.99952446454854,0.999531271761525,0.999526244891436,0.99951643348486,0.999527457118132,0.999533149595228,0.999522793825241,0.999466481713661,0.999299214672,0.999317186844817,0.999302737281744,0.999375443676895,0.999372418362384,0.9993824974508,0.999362212845674,0.999351215851547,0.999364762227339,0.999352959069386,0.999364632552894,0.999370615574492,0.999382788781451,0.999392307880745,0.999404753237175,0.999415308282404,0.999427293861972,0.99943802800164,0.999449443143605,0.999460030573757,0.999470904718651,0.999481213015562,0.999491595902712,0.999501570906019,0.99951150586527,0.999521127963385,0.999530648832826,0.999539914699229,0.999549047840848,0.999557962147382,0.999566728818833,0.999575300213598,0.999583718329554,0.999591957383465,0.999600042662225,0.999607960784485,0.999615727455159,0.999623336309547,0.999630797538694,0.999638108727798,0.999645276875793,0.999652301771855,0.999659188548502,0.999665938205587,0.999672554766844,0.999679039878391,0.999685396888859,0.999691627770611,0.999697735446093,0.999703722033132,0.999709590171509,0.999715342023053,0.999720980028248,0.999726506336603,0.99973192323833,0.999737232839976,0.999742437310859,0.999747538698503,0.999752539069463,0.999757440404436,0.999762244678871
"20",19,0.996235415934767,0.996081719994795,0.996399009550761,0.996692052968675,0.996979439555812,0.997173546241906,0.99730637346794,0.997328267586686,0.997483120626085,0.997602187560905,0.997681632886998,0.997842418498334,0.997886585507938,0.997979029146599,0.998127180974197,0.998143317058399,0.998189808719895,0.998261547364567,0.998263840790507,0.998324418379841,0.9983854892265,0.998440449023371,0.998410037677843,0.998446391822301,0.998587457469486,0.998707182037081,0.998771535401845,0.998782068041908,0.998888623025968,0.998944547939903,0.999002919190603,0.999058901527389,0.999131687700628,0.999203568328786,0.99925124823795,0.999241240794466,0.999315430285871,0.999361942514898,0.99936260870411,0.999385492149969,0.999374329103979,0.999424222154463,0.999461093228783,0.99945631915713,0.99948010375454,0.9994502151454,0.999472142742423,0.999460539378574,0.999462550873047,0.999499669259894,0.999508455231517,0.999505179740184,0.999499676480667,0.999507597418712,0.999500089131395,0.999489926528327,0.999502216558553,0.999509734667279,0.999499476201384,0.999436933618463,0.999251686270138,0.999269831611529,0.999253746412496,0.999326185511583,0.99932762016363,0.999336252224155,0.999313002433972,0.99930457201496,0.999312974629261,0.999296161437134,0.999310514040752,0.999316932585383,0.99933009492635,0.99934039772563,0.999353878073789,0.99936531333495,0.999378300271724,0.99938993201719,0.999402302365078,0.999413776220247,0.99942556124875,0.999436733442089,0.999447986882792,0.999458798628481,0.999469567355095,0.99947999733643,0.999490317956985,0.999500362511821,0.999510263539829,0.999519927677357,0.999529432099,0.999538725140729,0.999547852322685,0.999556785677059,0.999565552608686,0.99957413859566,0.999582560655164,0.999590811873459,0.999598903290102,0.999606832274825,0.999614606406627,0.999622225445795,0.999629694948059,0.999637015987244,0.99964419291727,0.999651227513459,0.999658123398155,0.999664882701111,0.999671508583001,0.999678003331928,0.999684369802518,0.999690610331145,0.999696727556779,0.999702723802954,0.999708601546128,0.999714363063729,0.999720010701545,0.99972554667345,0.999730973214205,0.999736292465636,0.999741506564101
"21",20,0.995939870320529,0.995781015314318,0.99612196846548,0.996436768694926,0.996751904462032,0.996944711554855,0.997084256984802,0.997102986713642,0.997271659361619,0.997389053969267,0.997478705179668,0.997651615922217,0.997702053543838,0.997799287362285,0.997944990815934,0.997966425479251,0.998028541120429,0.998104246901712,0.998096769391097,0.998173932892034,0.998240567582401,0.998299049357585,0.998288362687163,0.998326946616065,0.99848204896075,0.998603651887255,0.998676909753996,0.998701145658343,0.998810188690173,0.998872097438073,0.998933580689725,0.998992626791722,0.999071842901972,0.99914591799444,0.999197778136674,0.999189038264927,0.999270023182711,0.99932158967645,0.999323855828,0.999350439206146,0.999342961617443,0.999389549842594,0.999426512169908,0.999422447742627,0.999448427732303,0.999419910711747,0.999446505705845,0.999434390312121,0.99943370769238,0.999475908425396,0.99948554495414,0.99948506482004,0.999477800675602,0.999486105270131,0.999477390714777,0.99946666249895,0.9994809890535,0.999487827818756,0.999478128320362,0.999409887073845,0.999210409495463,0.999227876261579,0.999210949054908,0.999281357389073,0.999286886961887,0.999292895460176,0.999268114609682,0.999259995111483,0.999262859540707,0.999242477454369,0.999258846683749,0.999265731285315,0.999279930786819,0.999291052329437,0.999305610517159,0.999317960513409,0.999331986051065,0.999344547070688,0.999357904542138,0.999370292788609,0.999383015755761,0.999395075902913,0.999407222533573,0.99941889123119,0.999430512325641,0.999441766722096,0.999452901986526,0.999463738296006,0.99947441868339,0.999484842476667,0.999495092960618,0.999505114455868,0.999514956092248,0.999524587751735,0.999534039020879,0.999543294282021,0.999552371916602,0.99956126450922,0.999569983993733,0.999578527570883,0.999586903441841,0.999595111382196,0.999603157410419,0.999611042715783,0.999618772019785,0.999626347265697,0.999633772385002,0.999641049701004,0.999648182646137,0.999655173712541,0.999662026001362,0.99966874205507,0.99967532474099,0.999681776586178,0.999688100281455,0.999694298302723,0.99970037319867,0.999706327375332,0.999712163260485,0.999717883181237,0.999723489458111
"22",21,0.995645555350469,0.995483517923343,0.995846762447967,0.996177496480724,0.996522164458103,0.996718468900195,0.996861685580769,0.996876211055394,0.997059646012779,0.997173144876325,0.997272179009387,0.997455646334841,0.99751405258914,0.997616412219143,0.997754923485811,0.997785343558241,0.997862440544275,0.997939436585972,0.997923565562679,0.998015238928229,0.99808456358015,0.99815047913646,0.998161783272228,0.998202883820007,0.998373152462107,0.99849735560188,0.998577428786986,0.998613976131191,0.998729067375055,0.998796286016466,0.998862312582022,0.998922884699423,0.999007686725218,0.999085324895456,0.99914127657107,0.999134454713148,0.999221451603485,0.99927768560855,0.999282105429355,0.999313703160391,0.999308755490414,0.99935320716683,0.999389768072822,0.999388851116493,0.999415421940092,0.999391207324504,0.99942240019923,0.999411528296552,0.999407249496031,0.999453425594531,0.99946460546798,0.999466828437356,0.999458020798062,0.999465848730415,0.999458133741708,0.999447153238345,0.999461457876768,0.999468321294701,0.999459503335132,0.999384987768038,0.999174102067993,0.999191474527797,0.999175142252059,0.999241219107966,0.999248727698261,0.999252667463585,0.999227090994898,0.999218210670707,0.999214937082429,0.999191206073503,0.999209535604324,0.999216907676804,0.999232174317916,0.999244135809015,0.999259796949704,0.999273081468809,0.999288166472593,0.999301674087055,0.999316035681306,0.999329352768219,0.999343027173145,0.999355986793992,0.999369036937709,0.999381571271542,0.999394052158437,0.999406136972825,0.999418091647563,0.999429723207927,0.999441185276229,0.999452369893341,0.999463366509815,0.999474115472883,0.999484669560981,0.999494996553167,0.999505128250193,0.999515047984916,0.999524775533241,0.999534303021105,0.999543643305996,0.999552793458931,0.999561762331991,0.999570549751808,0.999579162227612,0.999587601096753,0.999595871475398,0.999603975504696,0.999611917451256,0.999619699859517,0.999627326458426,0.999634799969679,0.999642123764403,0.999649300614846,0.999656333638821,0.999663225588936,0.999669979391192,0.999676597740479,0.999683083407916,0.99968943901082,0.999695667188273,0.999701770470482,0.999707751379239
"23",22,0.995361061316726,0.995198348231792,0.995577250433336,0.995925537781635,0.996301498300839,0.996494261937002,0.996642814222131,0.996649718933246,0.996847677191321,0.996953822721713,0.997067363996599,0.997260192846267,0.997321377283707,0.997430738457387,0.997561459074581,0.997599498833013,0.997690462954757,0.997772590341806,0.997744755667032,0.997851372541236,0.997925200572024,0.997998596171722,0.998031406846846,0.998077060280423,0.998260731038531,0.998385734318599,0.99847598080173,0.998524899190399,0.998645438537001,0.99871838193969,0.998786396531888,0.998849839429831,0.998940504602135,0.999020535898255,0.99908213983895,0.999076865883093,0.999171033344004,0.999230895718238,0.999238269542668,0.999273086818745,0.999271990534662,0.999315006802528,0.999352571217166,0.999354442608594,0.999381861612061,0.999362321194159,0.999399308084001,0.999391423946251,0.999381168153538,0.999431485199753,0.999445258184309,0.999448840512887,0.999440381558029,0.999446903525597,0.999441452803021,0.999429376688455,0.999445021223171,0.999449732903507,0.999441594417886,0.999361000020597,0.999144017618498,0.999160358495273,0.999144952519232,0.999205744573939,0.999214340687532,0.99921672479066,0.999189098132033,0.999178588908803,0.999170027365692,0.999143392329024,0.999163536654229,0.999171415791793,0.999187765305584,0.999200575729073,0.999217347848114,0.999231571892701,0.999247720201085,0.999262176355997,0.999277542609722,0.999291787626948,0.999306411106408,0.999320266604139,0.999334215279915,0.999347609157737,0.999360942472696,0.999373849316147,0.999386613860973,0.999399030181482,0.999411262404221,0.999423195438184,0.999434924850403,0.999446387132795,0.99945763869011,0.999468645288609,0.999479440939648,0.999490007996557,0.99950036763825,0.999510511587684,0.999520453641933,0.999530190787908,0.999539732548713,0.999549078840473,0.999558236685314,0.999567207601897,0.99957599712384,0.999584607619504,0.999593043713199,0.999601308196798,0.999609405117626,0.99961733745079,0.999625108858257,0.999632722363862,0.999640181355621,0.999647488831725,0.99965464797187,0.999661661708392,0.999668533052143,0.999675264848759,0.999681859964738,0.999688321149124,0.999694651139943
"24",23,0.995084211178188,0.994925384901049,0.99531908883643,0.995681496663153,0.996083368837754,0.996276189462401,0.996434221246342,0.996431104053501,0.996637376105816,0.996734621533092,0.996863881146411,0.997067652521673,0.997133127450226,0.997246873800837,0.997367725238965,0.997414461777127,0.99751746362414,0.997605334826955,0.997566027420305,0.997687973875643,0.997763417617965,0.9978414320375,0.997897584374675,0.99794875161023,0.998147308400049,0.998274666872063,0.998372174074187,0.998431095958619,0.998558595021521,0.998636636009302,0.998708555116645,0.998773806263086,0.998872047364245,0.998954369726425,0.999020558492292,0.999018198190348,0.999118144733794,0.99918118298656,0.999191756712156,0.999230606375123,0.999232783452815,0.999275269747057,0.999313582148823,0.999319894034349,0.999346484617582,0.999334202847314,0.999375395505364,0.99937136248824,0.999355716994944,0.999410094871947,0.999426663791022,0.999431630976435,0.999422129222452,0.999429214592866,0.999426419215591,0.999414406538605,0.999428519542426,0.999432344297274,0.999423733387237,0.999337694162748,0.999117962435577,0.999134839483348,0.999120400544567,0.999174302531328,0.999182849973424,0.999183619394768,0.999155256829606,0.999141066419723,0.999126491569565,0.999098999365142,0.999119975827873,0.999128371124543,0.999145803100103,0.999159459686871,0.999177336464611,0.999192493469819,0.99920969642449,0.9992250924198,0.999241453118345,0.999256615713953,0.999272176748065,0.999286916361765,0.99930175088404,0.999315991312501,0.999330163316201,0.99934387811024,0.999357437834831,0.999370623880734,0.999383610714353,0.999396276289218,0.999408722193798,0.999420881182402,0.999432813234584,0.999444482183922,0.999455924227705,0.999467120795823,0.999478094461738,0.999488836586132,0.999499361906737,0.999509667357111,0.99951976313785,0.999529649278797,0.999539333324287,0.999548816994121,0.999558106250004,0.999567203704265,0.999576114349955,0.999584841240909,0.999593388753745,0.999601760129803,0.999609959332388,0.999617989648379,0.999625854745911,0.999633557879088,0.999641102490556,0.999648491759453,0.999655728944935,0.99966281712945,0.99966975941481,0.999676558776607,0.999683218176338
"25",24,0.994823475185477,0.994670202644234,0.995071005966677,0.995447434961177,0.995876044320673,0.996068790392601,0.996229312018786,0.996219740903176,0.996436272268799,0.996524161999381,0.996668956043956,0.996880877638035,0.996945670047704,0.997065297138665,0.997178442070656,0.99723025890088,0.99734682392835,0.997437588689387,0.997388571319535,0.997525952336174,0.997602494645658,0.99768474148802,0.997762201914451,0.9978201845127,0.998033761636137,0.998160298128408,0.99826776072031,0.998336042923301,0.998467559816148,0.998551960670252,0.998626961746859,0.998695938755314,0.998801069814627,0.998885459674128,0.998956409229246,0.998955765530714,0.999063156430919,0.999129162232828,0.999143745154407,0.999184278877829,0.999189387492327,0.999234174638714,0.999273053868445,0.999283844400679,0.999308610862361,0.999304615327936,0.999350411396734,0.999350551810061,0.999331126996542,0.999387467763597,0.999406589884307,0.999414239628156,0.999404810156746,0.99940991046693,0.99941185658349,0.999398093821726,0.999413900825519,0.999414880243262,0.999407089515366,0.999314234296015,0.999095696943241,0.999111662655339,0.999099955758121,0.999146634193178,0.999152742776303,0.999153330717016,0.999123180532087,0.999105843528004,0.999085944167097,0.999056145790284,0.99907875827002,0.99908767676743,0.999106181608424,0.999120674057592,0.999139639034885,0.999155713921315,0.999173953338775,0.999190272120895,0.999207608363877,0.999223670323021,0.999240149515867,0.999255754210748,0.999271454761459,0.999286522082721,0.999301512585388,0.999316015186566,0.999330349580163,0.999344284828794,0.999358005494903,0.999371382796228,0.999384524201566,0.999397358864752,0.999409950260689,0.999422260377232,0.99943432755484,0.999446132356383,0.999457698728724,0.999469017708009,0.999480104964032,0.999490957403223,0.999501585902203,0.999511990623552,0.999522179636266,0.999532154875698,0.999541922736098,0.999551486085147,0.99956085029,0.999570018675755,0.999578995953945,0.999587785639956,0.999596392003949,0.999604818602535,0.99961306938919,0.999621147879721,0.999629057784551,0.999636802534671,0.999644385641926,0.999651810429995,0.999659080239931,0.99966619827774,0.999673167731874
"26",25,0.99458004504422,0.994429193349877,0.994838502427727,0.995225099441944,0.995678220115548,0.995873121364855,0.996036101727127,0.996019908040923,0.996243647481334,0.996319670184433,0.996477612998104,0.996696981802272,0.996764844645144,0.99689184404139,0.996991236378977,0.997051272352822,0.997178297452979,0.997273068933671,0.997212669888337,0.997363767176704,0.997440663559346,0.997529440401329,0.997628780957052,0.997690439412527,0.997915391119275,0.998045440531755,0.998160743588405,0.998235015505054,0.998375558134713,0.998463364662265,0.998540521811843,0.998612487427409,0.998725045173277,0.998813962242746,0.998889738494647,0.998890709533876,0.999006201698311,0.999073649305458,0.999092118561322,0.999133727076979,0.999143501248387,0.999190038525765,0.999229847021947,0.999247781989448,0.999270244016733,0.99927411802365,0.999324179958568,0.999329907913447,0.999305432067521,0.999363858582901,0.999385341600234,0.999394330981719,0.999385246238469,0.999390493229103,0.999396943420838,0.999382320718589,0.999397948855595,0.999396119727928,0.999389360141075,0.999291581798806,0.999076190447809,0.999091429774277,0.999083078941686,0.999121027463602,0.999124661464467,0.999124434530634,0.999093683191112,0.999072244123798,0.999046685790071,0.999016232169208,0.999039716860291,0.999049166078135,0.999068732812584,0.99908404956982,0.999104084495789,0.999121060687992,0.999140316735044,0.999157539839123,0.999175831300463,0.999192773160063,0.999210149910814,0.999226599584456,0.999243145345733,0.99925901901483,0.999274807016596,0.999290076568655,0.999305164486585,0.999319827868354,0.999334261118857,0.999348328941942,0.999362144540079,0.999375633603273,0.999388863018794,0.999401793014073,0.999414464027404,0.999426855808955,0.999438993655711,0.999450868314825,0.99946249637763,0.999473874747509,0.999485014973827,0.999495917368876,0.999506590527018,0.999517036611647,0.999527262452342,0.999537271181707,0.999547068544739,0.999556658145406,0.999566045034217,0.999575233006821,0.999584226644256,0.999593029778047,0.999601646650802,0.999610081044403,0.999618336940511,0.999626418025678,0.999634328067529,0.999642070634117,0.999649649308445,0.999657067529584,0.999664328715268
"27",26,0.994346232911548,0.99420931815298,0.994617371700888,0.995016004358261,0.995490086478973,0.995688035123515,0.995851678467005,0.995828385725892,0.996059970907925,0.996123741523019,0.996293638752107,0.996524482062188,0.99658767244441,0.996722879794824,0.996808701979958,0.996878595303792,0.997013130106001,0.997111281981697,0.997043442043545,0.997204393096563,0.99727859548977,0.997376358191623,0.997493090264484,0.997560504230721,0.997796472605352,0.997927861697612,0.998051217270098,0.998131884298254,0.998281860358425,0.998374046688088,0.998451982311291,0.998525936794429,0.998649033722772,0.998740841873124,0.998818930656704,0.998823053868111,0.998945520415985,0.999016099078823,0.999037052667869,0.999080782528826,0.999093371569806,0.999144689950107,0.99918474424499,0.999208080682603,0.999229192778129,0.999241204210148,0.999296044477517,0.999305886793999,0.999278356301839,0.999337127872985,0.999360956675641,0.999373235846496,0.999364272441761,0.999367727975168,0.99937987096461,0.99936515398311,0.999380349917489,0.9993758608009,0.999369266898917,0.999266475289967,0.999058192560126,0.99907303461683,0.999067438892706,0.999097836309133,0.999096805427587,0.999096746397379,0.999065432316754,0.999038227030781,0.999008822390066,0.998978375617231,0.999002480736733,0.999012468012428,0.999033081731167,0.999049207973747,0.999070290201469,0.999088147536064,0.999108396498404,0.999126502193295,0.999145725302009,0.999163524808757,0.99918177587628,0.999199048139174,0.999216416206282,0.999233073882404,0.999249636802441,0.999265651119415,0.999281470300252,0.999296839852486,0.999311963749712,0.999326700402965,0.999341168589989,0.999355290668018,0.999369136845729,0.99938266566823,0.999395919619961,0.999408877685282,0.999421566482358,0.999433976497795,0.999446125228618,0.999458009592629,0.99946964180354,0.999481022334255,0.999492160300263,0.999503058099905,0.999513722996113,0.99952415839084,0.999534370406126,0.999544362927651,0.999554141344645,0.999563709734812,0.999573072990011,0.999582235217748,0.999591200949705,0.999599974234382,0.999608559324515,0.999616960162357,0.999625180771001,0.999633224962693,0.999641096561902,0.999648799240319,0.999656336644299
"28",27,0.994129728591747,0.994005708168117,0.994413004998523,0.994819958368991,0.995308869499275,0.995509312077125,0.995674614562408,0.995649541950845,0.995885615387641,0.995932912273148,0.996119542166138,0.996360414545107,0.996415487393147,0.996558479562906,0.996633674859423,0.996712023035766,0.996852191693785,0.996950213406862,0.996877053322266,0.997049986342529,0.997122169918347,0.997223517944791,0.997360866934911,0.997431094319497,0.997675455438068,0.997809855148351,0.997939172345022,0.998024351853527,0.998183853683922,0.998280947469374,0.998360549367362,0.998437217259702,0.998566712484874,0.99866226768174,0.998746516972215,0.998753003357499,0.998882620913695,0.998953136816348,0.998979990635726,0.999024248619057,0.999040792404003,0.999096500872938,0.9991369765869,0.999166734547533,0.999185435853725,0.999205972610502,0.999264325222746,0.999278843104888,0.999248572198705,0.999307910901905,0.999334537827436,0.999347821702073,0.999339789466196,0.999343535151918,0.999360596066556,0.999344749039437,0.999360162811583,0.999353832296637,0.999347644799556,0.999240872438668,0.999039799732611,0.999055169092765,0.99905278597205,0.999075677774775,0.999069412402486,0.999070376891511,0.999038521831825,0.999006078285621,0.998971050529724,0.99894078340025,0.998965475274725,0.998976003159384,0.998997649566237,0.999014572353868,0.999036683262716,0.999055405734497,0.99907662937381,0.999095601438342,0.999115739102844,0.999134380580651,0.999153490053708,0.999171570009231,0.999189745568455,0.99920717320627,0.999224497243052,0.99924124314187,0.999257780724735,0.999273844111576,0.999289646675918,0.999305040643806,0.999320150270544,0.999334894635968,0.999349347212049,0.999363464888073,0.999377292158607,0.999390807252905,0.999404038086664,0.999416974888083,0.999429636043203,0.999442018481825,0.999454135069324,0.999465986434419,0.999477582203394,0.999488925003577,0.999500022522345,0.999510878424547,0.999521499201268,0.999531889013311,0.999542053581266,0.999551997258356,0.99956172524037,0.999571241904416,0.999580552064741,0.999589660030287,0.999598570318687,0.999607287121952,0.99961581471275,0.999624157141818,0.99963231846947,0.999640302594553,0.999648113386683
"29",28,0.993928527046459,0.993821707912853,0.994221264975674,0.994636460814283,0.9951379375799,0.995347040620158,0.995508814275247,0.995477955030775,0.995721225444284,0.995754993426576,0.995951840055111,0.996199805448207,0.996248335059938,0.996403560294583,0.996463010602152,0.996547548501791,0.996691618767544,0.996793748458533,0.996720227884358,0.996896392667422,0.996968327943694,0.997074155133383,0.99722758344231,0.997300165232067,0.997555447499249,0.997689659866591,0.997826945871197,0.997914458105872,0.998083287235178,0.998183448117837,0.998265075144075,0.998343334202974,0.998482872373189,0.998582992365871,0.998670466413224,0.998679817574792,0.998815869448295,0.998887701541088,0.998919118912269,0.998962461676512,0.998983117490605,0.99904451606927,0.999086148213745,0.999122946514194,0.999138431017021,0.999167090226427,0.999227719252933,0.999248232317408,0.999215312716131,0.999274683357669,0.999304458861421,0.999319120303432,0.999312950875988,0.999314586395379,0.999337686317536,0.999322185816961,0.99933663165556,0.999328027319545,0.999322085170259,0.999212698085805,0.999020272140769,0.999035853112066,0.999036717148317,0.999053298494184,0.999041965846576,0.999042640592625,0.999010258898488,0.998972357760848,0.998933850254422,0.998904773685659,0.99892963890914,0.99894071785839,0.998963384232986,0.998981090228309,0.999004208964461,0.999023778086723,0.999045954807809,0.999065773642512,0.999086804813,0.999106268590094,0.999126216127914,0.999145084373278,0.999164047765561,0.999182226370344,0.999200292501163,0.999217751459722,0.999234989022686,0.999251728225809,0.999268191610991,0.999284225393119,0.999299959170951,0.9993153088461,0.999330351075833,0.999345041149777,0.999359425526882,0.999373481712649,0.999387238893081,0.999400687055002,0.999413845456847,0.999426711049175,0.999439297338453,0.999451605113192,0.999463644503332,0.999475418366392,0.999486934809005,0.999498197758493,0.999509214070899,0.999519988180777,0.999530526136594,0.999540832565163,0.999550912963062,0.999560771974735,0.999570414694036,0.999579845687892,0.999589069735969,0.999598091277463,0.999606914831813,0.999615544685605,0.999623985132225,0.999632240295001,0.999640314264056
"30",29,0.993734365505867,0.993645275494945,0.994040216104351,0.994462169056461,0.994974589559993,0.995187270445465,0.995351560579446,0.995318496278443,0.995561241587752,0.995582569145064,0.995786553245091,0.99604625299696,0.99608835667179,0.996251007518461,0.996301663524111,0.996391870533077,0.996537005996302,0.996638079132893,0.996565335353212,0.996747019817206,0.99681539431013,0.996925028117447,0.997093391174558,0.997168073697779,0.997428876078954,0.997565150921888,0.997710256122718,0.997799320438302,0.997977785525726,0.998083254078572,0.998164921997315,0.998245157044735,0.998394265671475,0.998498437689837,0.998589996489823,0.998601230044516,0.998745934799578,0.99881809787627,0.998854222645833,0.998896388068313,0.998920077083612,0.998988933597797,0.999032737931424,0.999074874004956,0.999087232965433,0.999125267270056,0.999187264326445,0.999211461465485,0.999178071706028,0.999236502298153,0.9992702658497,0.999285401240163,0.99928027605156,0.999281890771389,0.999309983659874,0.999294842162171,0.999309757879147,0.99929994399552,0.999293819154908,0.999180783267063,0.998998854913453,0.999015337283958,0.999019240019989,0.999029217296248,0.999012114646906,0.999013888888889,0.998980684061159,0.998937231575685,0.998895917436495,0.998868219353827,0.998893243064748,0.998904886241601,0.998928574077369,0.998947062170518,0.998971185086902,0.998991597499343,0.999014723412073,0.999035385685193,0.99905730702862,0.999077590244341,0.999098373154817,0.999118027378773,0.999137776520419,0.999156704327543,0.999175511031732,0.999193681808082,0.999211618351182,0.999229032621242,0.999246156309843,0.999262829617944,0.99927918747713,0.999295142603569,0.99931077483258,0.999326037845593,0.99934098005999,0.999355578249008,0.999369862863426,0.9993838236407,0.999397480706256,0.999410831024052,0.999423888736309,0.999436654784584,0.999449139797223,0.999461346855736,0.999473284480884,0.999484956856743,0.999496371199351,0.999507532211703,0.999518446265379,0.999529118255835,0.99953955397588,0.999549758332677,0.999559736695349,0.999569493884479,0.999579034937661,0.999588364537207,0.999597487445448,0.999606408180999,0.999615131266656,0.999623661046641,0.999632001828132
"31",30,0.993552560823481,0.993483165728557,0.993867022619863,0.994294852834275,0.99481188824329,0.995040123640254,0.995197121981975,0.995163746544328,0.995405290903611,0.995413612787577,0.995631794443198,0.99589992939213,0.995931693207339,0.99610264939365,0.99614242323235,0.996239350007499,0.996384731647517,0.996488812871108,0.996418649401333,0.996600052888066,0.996666624176216,0.99677709697474,0.996960294219443,0.997032076405007,0.997301679853252,0.997441975853134,0.997592006320983,0.997682095763007,0.997869790973239,0.997977937496246,0.998059522671979,0.998142099570584,0.998301349738316,0.998408934545762,0.998504123049962,0.998519826869414,0.998672470159189,0.998743129937212,0.998785215703784,0.998827465847819,0.998854184799887,0.998929640830655,0.998974028280537,0.999022872459764,0.999032578907072,0.999076732188973,0.999142288377328,0.999169468273953,0.999135538056384,0.999193955932889,0.999229776067266,0.999246098256919,0.999243407405047,0.999245269914398,0.999277379234569,0.999262472836108,0.999278034190238,0.999266314862596,0.99925998355519,0.999146445286481,0.998974610706591,0.99899179718876,0.998998512590052,0.999003391382144,0.99898020607611,0.998982676769994,0.998949111680315,0.998901677433616,0.998857608343069,0.998831016389844,0.998856427750559,0.998868649186366,0.998893357888036,0.998912624986644,0.998937745505787,0.998958995317411,0.998983063640338,0.999004563447228,0.999027368918528,0.999048466223767,0.9990700792872,0.999090514809527,0.999111045257535,0.999130718261113,0.999150261810382,0.999169141047808,0.999187773501059,0.99920586009548,0.999223641625877,0.999240952293525,0.999257932335877,0.999274491285129,0.999290712137514,0.999306546961852,0.999322046121751,0.99933718565129,0.999351997256338,0.999366470417247,0.999380626118089,0.999394461328416,0.99940799081864,0.999421215675818,0.999434147019668,0.999446788148534,0.999459147990684,0.999471230980212,0.999483044686891,0.999494594075838,0.999505885835827,0.999516925125032,0.999527718026897,0.999538269705748,0.999548585800701,0.999558671380782,0.999568531736535,0.999578171788506,0.999587596537227,0.999596810728766,0.999605819110918,0.999614626244507,0.999623236649621
"32",31,0.993381139361271,0.993330655323645,0.99370316124825,0.994131242047314,0.994657105342895,0.994894637403783,0.995045891320737,0.995012096482571,0.995258699742557,0.995257069888987,0.995477712038296,0.995757357297636,0.995778053141637,0.995954274628255,0.995990933341557,0.996093315878203,0.996235752987388,0.996338692482474,0.99627263604354,0.996451542116249,0.99651700356561,0.996633601149064,0.996826246320624,0.996897206729278,0.997171104049501,0.997312663857611,0.99747265507007,0.99755784582551,0.997757448709216,0.997870134814293,0.997951203448012,0.998033659129027,0.998205758103134,0.998317061081461,0.998415285551658,0.99843252962058,0.998594715010599,0.998664109884149,0.99871094038561,0.998750469906854,0.998781992970408,0.99886614980626,0.998911316680863,0.99896715428018,0.998973395819703,0.999024857504067,0.999090299655294,0.999120087554021,0.999087442731695,0.999144388090976,0.999184724717404,0.999201361783733,0.999199457571858,0.999201753059403,0.999239642748354,0.999223618907795,0.999241129858265,0.999227791871417,0.999221752954017,0.999106959653594,0.998945537276361,0.998965341112395,0.998972592586603,0.998975020637524,0.998945158134985,0.998949307421043,0.998914951332376,0.99886201193485,0.998816932724691,0.998791688698275,0.998817435869323,0.99883024991562,0.998855988004627,0.998876039349383,0.998902163136659,0.998924255514338,0.998949272712922,0.998971616575237,0.998995313920178,0.999017233284468,0.999039685493541,0.999060911610691,0.999082233501795,0.99910266218349,0.999122953753286,0.999142552986777,0.999161893464092,0.999180664851987,0.999199117181398,0.99921707850396,0.999234694439667,0.999251871235184,0.999268695088604,0.999285116386003,0.999301187455967,0.99931688354359,0.999332237615118,0.99934723885713,0.99936190910971,0.999376245319924,0.999390262879283,0.999403962997978,0.999417357277679,0.999430449215093,0.999443248135548,0.999455758707436,0.999467988843562,0.999479943757475,0.999491630444627,0.999503054313783,0.999514221728961,0.999525138100776,0.999535809328852,0.999546240720845,0.999556437811401,0.999566405750403,0.999576149768392,0.9995856748308,0.999594985902882,0.999604087754706,0.999612985112364
"33",32,0.993206509793118,0.993179866051428,0.993543054623317,0.993966947490896,0.994506902991907,0.994753218229516,0.994900974551857,0.994864754197076,0.995110989003248,0.995100865209991,0.99532374339429,0.995612499006259,0.995627481425133,0.99580940933787,0.995839324138068,0.995944227309387,0.996085868393482,0.99618836155056,0.996130033753903,0.996306861148531,0.996365751830812,0.99648641685988,0.996688106367575,0.996758184332893,0.997035106891398,0.99717976831486,0.997347476302927,0.997429223572599,0.99763824415669,0.997755241960034,0.997834977768477,0.997919690983224,0.998101889954104,0.998217586718255,0.998319366637344,0.998342181304276,0.998509724677949,0.998580231935557,0.998630789895576,0.998669392216594,0.998704979042988,0.998798217241119,0.998842398596346,0.998904428941548,0.998908363337945,0.998965601017109,0.999031853465965,0.999064806123059,0.999034452731792,0.999088736773095,0.999132439300238,0.999149224162801,0.999150980617387,0.99915311395126,0.999194902638004,0.999180256662455,0.999198610619783,0.999183790969206,0.999178611629537,0.999062416362008,0.99891217269843,0.9989328815681,0.998942616706218,0.99894118155495,0.998907209068356,0.99891165270094,0.998876330874641,0.998820472085948,0.998773046856536,0.998750047855169,0.998775756705063,0.99878918699511,0.998815982062088,0.998836837701186,0.998863989627262,0.998886945864793,0.998912936530896,0.998936147030126,0.998960760888682,0.998983525777115,0.999006841862197,0.999028882620018,0.999051020777151,0.999072229564123,0.999093294056762,0.999113637958144,0.999133711416289,0.999153192413956,0.999172340520626,0.999190977380749,0.999209254172241,0.999227073699168,0.999244525461487,0.999261558065619,0.999278225860651,0.999294503241867,0.999310424465354,0.999325978384817,0.999341187710695,0.999356049341638,0.999370579295966,0.999384778889142,0.999398660205686,0.999412226927835,0.999425488776306,0.999438450644175,0.999451120784339,0.999463504651291,0.999475609543715,0.999487441114948,0.999499006006042,0.99951030986896,0.999521358860436,0.999532158522635,0.999542714631178,0.999553032561819,0.999563117772313,0.99957297544454,0.999582610758768,0.999592028691869,0.999601234173844
"34",33,0.993041520941996,0.993033664711878,0.993383541703824,0.99380611115459,0.994351493381589,0.994612060452366,0.99474987719011,0.994719015278023,0.99496224105119,0.994942906836056,0.995170178951062,0.99547240369954,0.995477988699295,0.995664061189574,0.995691001954365,0.995799132299406,0.995932621119562,0.996037023347267,0.995988120668994,0.996161883545664,0.996214814578978,0.996341112914357,0.996549729695393,0.996614511552493,0.996897693091861,0.997044136006462,0.99721599257598,0.997296900080401,0.997514916100433,0.997635995042952,0.997716424596154,0.997799974056298,0.99799470917579,0.998114115842916,0.998220088367662,0.998242779940729,0.998421752255116,0.998488399257096,0.998545603977229,0.998581890960377,0.998620255029077,0.998722189220087,0.998768489899547,0.998835434638354,0.998837152575339,0.998898898124879,0.998965534018736,0.998999861374109,0.998972578298508,0.999026293527614,0.999073866566583,0.999090717410785,0.999093564112339,0.999098356287209,0.999143710985332,0.99912935939841,0.999148951570208,0.999133617969015,0.999127466135696,0.999011959107892,0.998872262467485,0.998894954312327,0.998906580182735,0.998903087807821,0.998863531103117,0.998869926149994,0.998834197163774,0.998774008778843,0.998726086670034,0.99870522597238,0.99873104048618,0.998745112038698,0.998772991107264,0.998794670467076,0.99882287446381,0.998846715184604,0.998873703321268,0.998897802699811,0.998923357555554,0.998946991483141,0.998971196424903,0.998994076295716,0.999017056160024,0.999039070253957,0.99906093352126,0.999082047853453,0.999102880496906,0.999123097297423,0.999142967675399,0.999162306589,0.99918127095488,0.999199759960895,0.999217866510872,0.999235537321943,0.999252828818873,0.999269714476365,0.999286229867966,0.999302363467446,0.999318138867233,0.999333552885086,0.999348622168675,0.999363348115362,0.999377743290062,0.999391811542968,0.999405562985149,0.99941900272059,0.999432139336079,0.99944497851587,0.999457527855316,0.999469793242998,0.99948178159054,0.999493498783315,0.999504951229054,0.999516144697589,0.999527085199883,0.999537778331622,0.999548229772669,0.999558444916191,0.999568429152906,0.999578187662007,0.999587725573373
"35",34,0.992867900573804,0.992881433473122,0.993221267825445,0.993639418212601,0.994199862598687,0.994471697494783,0.994598305277917,0.994572046554743,0.994814902021687,0.994788769505519,0.995014912451778,0.995329022371767,0.995324235597616,0.995515977862587,0.995541730373807,0.995649503636711,0.995779083997031,0.995882207607327,0.995846058929249,0.996009777168888,0.996063207791781,0.996192902431561,0.996406737885722,0.996463497036666,0.996752601016606,0.996900676158609,0.997081602873499,0.997154616127229,0.997385545220947,0.997509766997386,0.997587771837715,0.997672326578987,0.99787959540388,0.998002109873776,0.998114234539899,0.998140310764497,0.998324176208904,0.998390540575231,0.998454217883086,0.998486559107151,0.998528881629385,0.998642119941077,0.998689505680461,0.998757943660532,0.998760520581356,0.998824236155059,0.99889117693648,0.998927970277863,0.998903304088109,0.998955761956348,0.999006909272481,0.999024189646503,0.999029468796363,0.999034250537101,0.999084940090008,0.999070295702387,0.999092507447357,0.999076799001869,0.999070742581962,0.998955030736218,0.998826685769046,0.998851573428434,0.998863953074671,0.998859921926299,0.998814384007602,0.998822360791465,0.998784602751217,0.99872362726535,0.998674843664837,0.998655185173417,0.998681647656853,0.998696390154683,0.99872539893864,0.99874793714127,0.998777238803902,0.998802003431816,0.998830034793075,0.99885506506473,0.998881606716339,0.998906153226344,0.998931292835346,0.998955056281294,0.998978923670732,0.999001788081276,0.999024495931874,0.999046426006054,0.999068063597525,0.999089061636856,0.9991096999512,0.999129786343367,0.999149483790883,0.999168687580769,0.999187494204581,0.999205848315623,0.99922380851682,0.999241347253565,0.999258501471797,0.999275259196109,0.999291644928326,0.999307655359929,0.999323307779644,0.999338603635912,0.999353555977005,0.999368168799297,0.999382452602487,0.999396412685464,0.999410057964853,0.999423394342467,0.999436429705308,0.999449170167607,0.999461622906345,0.999473794032593,0.999485690200097,0.999497317400074,0.999508681874292,0.999519789433231,0.999530645974884,0.999541257099508,0.999551628404894,0.999561765269169,0.999571673019309
"36",35,0.992694168722627,0.992728002836016,0.993056900819458,0.993468407624193,0.99404216047616,0.994324865988032,0.994446735395189,0.994419517816463,0.994661027052524,0.994635690806058,0.994858132082653,0.995184460070749,0.995166199615989,0.995359043332117,0.99539346905028,0.995498772874697,0.995624536475624,0.995722943583205,0.995697296316673,0.99585675551196,0.995904200453248,0.996040520388749,0.996257201130712,0.996310528220978,0.996599835061582,0.996752400880227,0.996939266854294,0.997008800553743,0.997249447487268,0.997377205531712,0.997451459907062,0.997539434344823,0.997759433962264,0.997884455718049,0.997999563122981,0.998029413750591,0.998222854096321,0.998286850582201,0.998354632695286,0.998383636774609,0.998431248234646,0.998553727275123,0.998600646260679,0.998675007602415,0.998674625868799,0.998742140468787,0.998808219255403,0.998846014696159,0.998826502910711,0.998877219726341,0.998932993567251,0.998950235289683,0.998957026065487,0.998963078964196,0.99901655466317,0.999003085387629,0.999028708360169,0.999011360980558,0.999005594116665,0.998891262391689,0.998771712748174,0.998799114853195,0.998813635891723,0.998809029437345,0.998759006247819,0.998769283750737,0.998730100494584,0.998666551776136,0.998618320978988,0.998600596598751,0.998627419098297,0.998642865137087,0.998673052393903,0.998696486677767,0.998726934103746,0.998752664142715,0.998781786822008,0.998807792100501,0.998835368590323,0.99886087332063,0.998886995573741,0.998911689125364,0.998936491956248,0.998960253723468,0.998983854002606,0.999006647116302,0.999029137397592,0.999050964051004,0.999072417891249,0.999093299078006,0.999113776986313,0.999133742707023,0.999153296511745,0.999172380809314,0.999191056488283,0.999209294852571,0.999227134278408,0.999244562270079,0.999261604268016,0.999278256791038,0.999294537781767,0.999310448708428,0.999326003106347,0.99934120509614,0.999356065564926,0.99937058999049,0.999384787615642,0.999398664547637,0.999412228960439,0.99942548718448,0.999438446657174,0.999451113707755,0.999463495231264,0.99947559743422,0.999487426784912,0.999498989303684,0.999510291102919,0.999521337985992,0.999532135754611,0.999542689982682,0.999553006191717
"37",36,0.992512287070196,0.992563000768126,0.992883102587704,0.993287238625341,0.993873249445841,0.994171908126689,0.994282029480076,0.994255863114672,0.994501039110285,0.994475556030851,0.994692052795299,0.995032977569322,0.995001155802127,0.995197473534716,0.995236465738586,0.995340067280804,0.995460014848824,0.995562296137785,0.995548603206872,0.995696229143074,0.995740103687194,0.995880629112745,0.996103092593106,0.996146768196266,0.996444556426919,0.996596074274882,0.996788923597789,0.996851107860733,0.997103541409579,0.997234624193872,0.997310866464519,0.997398571197819,0.997628915636045,0.997758882077648,0.997876409110179,0.997909835697698,0.998111942715539,0.998174194549714,0.998246900013295,0.998273527687146,0.998325453112687,0.998457306571548,0.998504714656246,0.998579912944131,0.998580757359482,0.998650240224064,0.99871541161822,0.998753218154439,0.99873921381759,0.998788905279645,0.998847832909251,0.998866086217637,0.998875515972721,0.99888315563281,0.998940803735201,0.998927031657762,0.998955163633125,0.998937891192171,0.998932337326408,0.998820107241738,0.998708727442867,0.998739313758527,0.998754194456053,0.998750505393015,0.998697119579397,0.998707739767605,0.998666773797617,0.998603381045666,0.998555970725981,0.998540506269866,0.998567628032018,0.998583823598722,0.998615261663867,0.998639647204853,0.998671311383819,0.998698067485154,0.998728351046566,0.99875539445627,0.998784073820598,0.998810600749797,0.998837772255895,0.998863459912169,0.99888926350237,0.998913986199211,0.998938543035959,0.998962262081591,0.998985668052406,0.999008385377016,0.999030716640449,0.999052453743809,0.999073772914191,0.999094560684995,0.999114921370919,0.999134794923828,0.999154244669485,0.999173240645027,0.999191822743903,0.999209977875984,0.999227732469894,0.999245082827851,0.999262047574534,0.999278628171882,0.999294838658267,0.99931068326316,0.999326173270283,0.999341314327406,0.999356116008999,0.999370584622848,0.99938472863343,0.999398554585008,0.99941207017807,0.999425281959318,0.999438197067387,0.999450821924556,0.999463163227908,0.999475227208937,0.999487020196833,0.9994985482,0.999509817226699,0.999520833049023,0.999531601385907
"38",37,0.992321084580605,0.992390448701128,0.992701959970963,0.993094103205854,0.993698653235451,0.994007454142408,0.994109724873833,0.994089552753183,0.99432919628334,0.994303318560156,0.994512721821251,0.994872423443852,0.994828572138932,0.995023682329711,0.995074840801748,0.995176372431464,0.995286411365724,0.995391072240866,0.995386563365803,0.995526840994706,0.995567869246159,0.995715458073671,0.995937226919394,0.995974031762067,0.996277787725381,0.996429833925723,0.996633686352432,0.996687366489452,0.996948681050539,0.997084798079396,0.997156488520723,0.997247081070384,0.997493345700633,0.997625338223049,0.99774499544273,0.997781390556945,0.997991699022627,0.998051569142199,0.998130029227496,0.998154700375085,0.998209910585938,0.998350826683065,0.998401993001549,0.998477214285855,0.99847779870357,0.998546157669839,0.998610046054275,0.998649672659412,0.998640645985841,0.998689197365491,0.998753857968788,0.998771351468975,0.998784841218532,0.998793835188908,0.998854648903196,0.998841868202997,0.998872376275161,0.998856505315987,0.998850425072524,0.998738588655436,0.998636131291663,0.99867115587043,0.998685990250456,0.998683932806079,0.998626675641759,0.998638572539366,0.998596097779771,0.998532550619494,0.99848749266434,0.998473363555241,0.998501347333014,0.998518340524287,0.998551108808288,0.998576506735188,0.998609466907648,0.998637316969665,0.998668839464902,0.998696991947079,0.998726850757457,0.998754471985778,0.998782767903632,0.998809521966265,0.998836400194209,0.998862155807909,0.998887741900112,0.998912458251177,0.998936851482516,0.998960530051463,0.998983809200555,0.999006471869137,0.999028701651572,0.999050380109259,0.999071615897745,0.999092346266743,0.999112637150233,0.999132457172893,0.999151847842775,0.999170795388239,0.999189327280939,0.999207439554019,0.999225151544636,0.999242464676561,0.99925939350778,0.999275942357104,0.999292122913708,0.999307940983374,0.99932340647691,0.999338525895361,0.999353307996265,0.999367759533463,0.999381888472096,0.999395701574101,0.999409206222976,0.999422409055927,0.999435317000153,0.999447936498499,0.999460274098511,0.999472336014628,0.999484128463536,0.999495657417159,0.999506928794084
"39",38,0.992108848113826,0.992195558344711,0.992504804400533,0.99288465496457,0.99351657001494,0.993824210102636,0.993924438654303,0.99390383796008,0.994148191837537,0.994123847758315,0.994325245584111,0.994704212846248,0.994650524027678,0.994841298631768,0.994900943764137,0.99500280117342,0.995106705464485,0.995210071314737,0.995217747852734,0.995346950613366,0.995386105774757,0.995542010829985,0.995761540587856,0.99579229480737,0.99610134996359,0.996254872302054,0.996464857144877,0.996514376481647,0.996784785084329,0.996925664897474,0.996994260916938,0.997086932856539,0.997344770640581,0.997480791751164,0.997605163501134,0.997641503040292,0.997862563918068,0.997919227244941,0.998005820574465,0.998023973488722,0.99808315956036,0.998236709795792,0.998286107759356,0.998362931504314,0.99836482881061,0.998432118732756,0.99849493551293,0.99853428549057,0.998532360436703,0.998578833107635,0.9986495952739,0.998666928173477,0.998682972439043,0.99869349605553,0.998757309631839,0.998745750040787,0.998780055854962,0.998764116714216,0.998757464849085,0.998648765784635,0.99855353045825,0.998591793506786,0.998606592508853,0.998607095851704,0.998547054390408,0.998560893874974,0.99851457950391,0.998454544994071,0.998410375426012,0.9983978178544,0.998426624734911,0.99844446592861,0.998478656470161,0.998505138902521,0.998539489908468,0.998568515663569,0.998601371468712,0.998630719085109,0.998661850506571,0.998690653996416,0.998720166254667,0.998748075376029,0.998776119042347,0.998802996252981,0.998829701355535,0.998855503322586,0.998880972555158,0.998905700050454,0.998930014803183,0.998953689909009,0.998976916965263,0.998999572037054,0.999021768487175,0.999043440549775,0.999064656975978,0.999085384789083,0.999105667228997,0.999125489727345,0.999144880863003,0.999163836328638,0.999182376207644,0.999200501840478,0.99921822832128,0.999235560028973,0.999252509065212,0.999269081374381,0.999285287205605,0.999301133239996,0.999316628527648,0.999331780022866,0.999346595953927,0.999361083291669,0.999375249662742,0.999389101914959,0.999402647204167,0.999415892181758,0.999428843612656,0.999441507915725,0.999453891515688,0.999466000583686,0.999477841238193
"40",39,0.991883732935839,0.991979317224111,0.992290211261678,0.992649903288201,0.993316234307144,0.99363209836596,0.993725207128317,0.993704519784472,0.993952229815267,0.99393459608601,0.994123607461494,0.994517636942693,0.994452880061481,0.994642423114118,0.994718917000405,0.99481599733198,0.99491108669701,0.995017852694511,0.995034265360083,0.995154693781857,0.995188730298316,0.995358824015195,0.995576828392242,0.99559592080543,0.995911327394106,0.996065859316931,0.996283227561859,0.996330197007672,0.996611437346924,0.996757144884822,0.996821975617886,0.996915593858227,0.997184784400897,0.997322544705524,0.9974538583508,0.997492642665282,0.997721987178353,0.997777184672931,0.997866813377312,0.997883522600955,0.997946688106871,0.998108794344485,0.99816154066082,0.99823624367572,0.998239162229307,0.998305217452494,0.998367078780332,0.998406438942442,0.998409913658312,0.998457678406392,0.998532643752493,0.998551387618176,0.998569131709118,0.998582620540663,0.998649939465028,0.998638055448982,0.998676386037527,0.998660314772441,0.998654094468511,0.9985471664684,0.998459654585852,0.998501917617473,0.998516364011968,0.998520627332419,0.998457605526629,0.998472862077873,0.998424752398221,0.998366003801311,0.99832512743657,0.99831362159281,0.998343629776229,0.998362382797008,0.998398105204962,0.998425756719696,0.998461608278095,0.998491903441553,0.998526199904958,0.998556839835964,0.998589348351189,0.998619432101717,0.99865026247422,0.998679424202739,0.998708732634084,0.998736827897554,0.998764749100712,0.998791731704686,0.998818371932854,0.998844241749461,0.998869685090354,0.998894464292614,0.998918779647995,0.998942501193403,0.998965747400918,0.99898844918026,0.999010678333652,0.999032400104153,0.99905365960005,0.999074441353217,0.99909477512996,0.999114656223785,0.999134105512088,0.999153124219326,0.999171728004971,0.999189921290695,0.999207716609247,0.999225120035354,0.999242142169142,0.999258789869004,0.999275072487024,0.999290997178523,0.999306572442627,0.999321805461724,0.999336704112475,0.999351275457292,0.999365526887172,0.999379465266954,0.999393097585339,0.99940643047115,0.999419470563592,0.999432224239013,0.999444697822333
"41",40,0.99163494394299,0.991742862957048,0.992059743584478,0.992395282359092,0.993095310929511,0.993420136240324,0.993503214182151,0.993484428293647,0.993735278214554,0.993729953065256,0.993904547559182,0.994322524913545,0.994245524296675,0.99442228943072,0.994525452482801,0.99461022941984,0.994700509718199,0.994808699375848,0.99483961983962,0.994950325345898,0.994981754813519,0.995159835995849,0.995377302263378,0.995389479408912,0.995713863727828,0.995866345160179,0.996090698806456,0.996136060618304,0.996422910508504,0.996571844105476,0.996635678910269,0.996730294826,0.997016193072832,0.997155154443232,0.997288324665268,0.997328781515629,0.99756951209427,0.997622833909864,0.997717631562809,0.997730585891852,0.997798416033042,0.997970728314798,0.998022578944411,0.998097381154926,0.998103515021814,0.998162158914203,0.998223297484265,0.998263033479742,0.998274450892441,0.998321129280144,0.998404272585779,0.998422253967652,0.998441814863045,0.998458863388586,0.998529981931652,0.998518358958834,0.998560778739228,0.998545918085799,0.998538695739024,0.998433363875352,0.998352250762084,0.9983989935121,0.998413573746871,0.998421375191594,0.99835608076707,0.998373420175767,0.998322262392691,0.998267229665028,0.99822845829192,0.99821796255229,0.998249279739981,0.998269007433153,0.998306381122836,0.998335295778766,0.998372772049927,0.998404443696668,0.998440304496755,0.998472349519716,0.99850635720291,0.998537836457786,0.998570105372764,0.99860063583603,0.998631327968609,0.998660757441438,0.998690012310759,0.99871829122956,0.998746218701869,0.998773345711303,0.998800032571456,0.998826029707658,0.998851546941255,0.998876447595851,0.998900855734934,0.998924698534612,0.998948051123748,0.998970876718816,0.998993222451622,0.999015071804285,0.999036455815877,0.999057369287971,0.999077833937169,0.999097850813389,0.999117436163853,0.999136594415141,0.999155338540843,0.999173674720914,0.999191613909434,0.999209163124977,0.99922633202116,0.999243127942441,0.999259559656868,0.999275634550046,0.999291360746343,0.999306745516968,0.999321796485987,0.99933652072778,0.999350925453287,0.999365017498881,0.999378803717403,0.999392290689233,0.999405484945636
"42",41,0.991360185149031,0.991474838836533,0.991801282006668,0.992115927621178,0.992853133257575,0.993179378287123,0.993259920575278,0.993247477647445,0.993495799236575,0.99350397396583,0.993667594324559,0.99410426422811,0.994016531762148,0.994185207790046,0.994310896572531,0.994386082512019,0.99446954810856,0.994588395335097,0.994622970074927,0.994723916068244,0.994752035965322,0.994946676451073,0.995161052246517,0.995167013719917,0.995497545692972,0.99565456589512,0.995883204407851,0.99592652575126,0.996220063195818,0.996377604269406,0.996434764007464,0.996533258316053,0.996833604272349,0.996972314910953,0.997109884410766,0.997152414341585,0.997404609275198,0.997455656941497,0.99755559243962,0.997566509386608,0.997637588247067,0.997817662080854,0.997873096415058,0.99794061383149,0.997952498892467,0.99800688748083,0.998065808273765,0.998106586402973,0.998125037297128,0.998172185332251,0.998261556415169,0.998278819266585,0.99830326807123,0.998320816828969,0.998396342110584,0.998384973650755,0.998432740131548,0.998417745095187,0.998409298973087,0.99830834108677,0.998230993130901,0.998284428105665,0.998298051163524,0.99831114781073,0.998243790016731,0.998261112667487,0.998206446916226,0.998158084407784,0.998121829443355,0.998112122560135,0.998144998873029,0.998165781487532,0.998204946905514,0.998235233056033,0.998274474463413,0.998307642179172,0.998345203873098,0.998378777199372,0.998414416089247,0.998447414294155,0.998481249552259,0.998513270871663,0.998545470687067,0.998576354422901,0.998607063467241,0.998636756324552,0.998666088326332,0.998694587548758,0.99872263216374,0.99874995957522,0.998776789996401,0.998802979400628,0.998828657946831,0.998853748714045,0.998878330454397,0.998902364152573,0.998925899140505,0.998948917736928,0.998971452360866,0.998993497261328,0.99901507506116,0.99903618660577,0.999056848773965,0.999077065984994,0.999096851683707,0.9991162121533,0.999135158724461,0.999153698579873,0.999171841692842,0.999189595604295,0.999206969366738,0.999223970578265,0.999240607624953,0.999256887997173,0.999272819565143,0.999288409623746,0.99930366561868,0.999318594605138,0.999333203661744,0.999347499584318,0.999361489122362
"43",42,0.991056975486531,0.99117945263882,0.991517105752706,0.991806472675955,0.992592386309839,0.992922673656619,0.992993228607003,0.992975657018287,0.993231184146164,0.993261856416756,0.993406745794122,0.993861460139312,0.993767656573518,0.99392398356308,0.994079568367022,0.994143833945158,0.994223613614563,0.9943473265214,0.994384660731593,0.994482618310054,0.994508011303443,0.994719128793061,0.994929232510383,0.994921607698498,0.995268688888982,0.995423153098607,0.995658944558349,0.995701229589153,0.996004651074131,0.996164916028722,0.996220453149292,0.996320735433624,0.996636198430451,0.996774426182219,0.996918414384128,0.996962097296328,0.997224257832947,0.99727506598316,0.997377330868929,0.997385779355921,0.99746233148295,0.997651546196766,0.997706274573334,0.997769765174545,0.997785795601708,0.997831819716155,0.997889729028497,0.99793296544294,0.997958381465794,0.998006406184588,0.998102161096537,0.99812134264006,0.998147718980539,0.998167358545584,0.998249204110676,0.998238101748847,0.998290280840544,0.99827506950069,0.998266880512776,0.998167496364382,0.998095458421544,0.998155536660344,0.998168716096909,0.998186251189343,0.9981179365961,0.998135890615245,0.998078575770491,0.998034836980795,0.998003711329082,0.997994230544151,0.998029096297549,0.998051018444984,0.99809212331274,0.998123895173175,0.998165050088779,0.998199840596345,0.998239248311455,0.998274481275025,0.99831189252532,0.998346542031252,0.998382081041706,0.998415724888776,0.99844956643131,0.998482034578969,0.998514328787037,0.998545563769106,0.998576428445035,0.998606425866612,0.998635953672442,0.998664735015089,0.998693001436373,0.998720600845408,0.998747670042486,0.998774127595924,0.998800056199875,0.998825414368487,0.998850253820722,0.998874555575106,0.998898353541128,0.998921641337869,0.998944442560781,0.998966757808164,0.99898860463134,0.999009987420025,0.999030920116683,0.999051409097576,0.999071466088073,0.999091098431935,0.999110316435589,0.999129127837694,0.999147541986097,0.99916556669527,0.999183210622529,0.999200481482944,0.999217387401743,0.999233935900911,0.999250134669471,0.999265990988744,0.999281512171628,0.999296705237179,0.999311577161657
"44",43,0.990724017214083,0.990846698692229,0.991204658059383,0.991454733326898,0.992308618455066,0.992632354489001,0.992702759052054,0.992679733171119,0.992943018774553,0.992988250491921,0.993120700437774,0.993599634264815,0.993498282041317,0.99363423156081,0.993824314803378,0.993876983022544,0.993946886521861,0.994085084599205,0.994125026458031,0.994212634156521,0.994237856599653,0.994467823537756,0.994672613516695,0.994662990059819,0.99502065346346,0.99517383899555,0.995418089054186,0.995462165909018,0.995768860226893,0.995935169594609,0.995990221506723,0.99609406816014,0.996419607911964,0.996560420362855,0.996707970661435,0.996755203263338,0.997026636126061,0.997074512819281,0.997184871745554,0.997187539465973,0.99727234752395,0.997467896545487,0.997523489269113,0.997581039688246,0.997600282437962,0.997641786099115,0.997698482733416,0.997740495836858,0.997775431835646,0.997822226385712,0.997929007302872,0.997947781611786,0.997976904339945,0.997998908652861,0.998084251261535,0.998073466021482,0.998131839219856,0.998116643168616,0.998107777763978,0.998011955306706,0.997944957281302,0.9980105457251,0.998022811095858,0.99804680647756,0.997976099587331,0.997996011431954,0.997934939913643,0.997898196985,0.99787072243346,0.99786135179381,0.997898392528354,0.997921544923924,0.997964759860663,0.997998150995407,0.998041394678553,0.998077958276259,0.998119384697947,0.998156433954168,0.998195786306361,0.998232245660168,0.998269653356718,0.998305078085077,0.998340722866439,0.998374932534574,0.99840897031523,0.998441902717408,0.998474455582612,0.998506104360079,0.99853726809995,0.998567654196712,0.9985975066538,0.998626664435186,0.998655271641595,0.998683241815405,0.998710661975659,0.998737487864568,0.998763773810341,0.998789499355064,0.9988147000277,0.998839368714589,0.998863530058919,0.99888718435227,0.998910349862628,0.998933030916125,0.998955241979331,0.998976989502763,0.998998285623044,0.999019137835409,0.999039556790526,0.999059550420847,0.99907912837781,0.99909829869191,0.999117070298554,0.999135451139495,0.999153449601265,0.999171073436532,0.999188330583841,0.99920522855537,0.999221774904634,0.999237976879522,0.999253841689668
"45",44,0.990345006129551,0.990467111534795,0.990853658536585,0.991071591527137,0.991990764124396,0.992310410932497,0.992377154090385,0.99235229851248,0.992622635693282,0.992691206907151,0.99280046968045,0.993311388034671,0.993195886836855,0.993314486315201,0.993540767877371,0.993583249888335,0.993648385489788,0.993796072677717,0.99383744526327,0.993919582581943,0.993941679172181,0.994194648575039,0.994399145358119,0.994376212023271,0.994754837901219,0.994904048015192,0.995154420953304,0.995205728220827,0.995514341343631,0.995691937995526,0.995738135983107,0.995847149643038,0.996188176071348,0.996329447107544,0.99648039381355,0.996528317358083,0.996811487635283,0.996861182931942,0.996974336156381,0.996973732347991,0.997064155331836,0.997266218630275,0.997324764629431,0.997373145710972,0.997400338759446,0.997429283214027,0.99748421563866,0.997528805442202,0.997571718809899,0.997621988914551,0.997734893470157,0.997755734099376,0.99778888034123,0.997813856467311,0.997903181852108,0.997891263795207,0.99795792024266,0.997942210408986,0.997932982498196,0.997839135654262,0.997775270996237,0.99784860065292,0.997859760249911,0.99789013034525,0.997819672592619,0.997840296672411,0.997773696491989,0.997746744319893,0.997722973508011,0.997713943551812,0.997753209198943,0.997777696404559,0.997823210366462,0.997858367314217,0.997903890473775,0.997942389826566,0.997986020934985,0.998025054441719,0.998066528039676,0.998104965799596,0.998144416829214,0.998181789462644,0.998219407192245,0.998255522853133,0.998291469444248,0.998326260689307,0.998360662844677,0.998394121109411,0.99842707797877,0.998459223560854,0.998490815506363,0.998521682954356,0.998551977999472,0.998581608654239,0.998610666670564,0.99863910473268,0.998666980020464,0.998694270439808,0.998721013285603,0.998747200624887,0.998772858239424,0.998797986069933,0.998822603159677,0.998846713751627,0.998870332876404,0.998893467053425,0.998916128859674,0.998938325944735,0.998960069326331,0.998981367138326,0.999002229354893,0.999022664232889,0.999042681002804,0.999062287844956,0.999081493422893,0.999100305732708,0.999118732977401,0.999136782913201,0.999154463348687,0.999171781773987,0.999188745646228
"46",45,0.989926693482001,0.990046077277517,0.990469366633685,0.990638390072061,0.991636054133521,0.991945253920959,0.992018166049496,0.99198819613238,0.992262127491334,0.992361882021099,0.992447530301101,0.992987201812372,0.99287183183342,0.992964416181843,0.993227510578103,0.99325802468012,0.993326140068738,0.99348407931979,0.993520882841959,0.993601324902138,0.993616542572952,0.993900093001924,0.994097001820297,0.994066248254955,0.994465214734333,0.994614553314121,0.99486913219981,0.994925431199406,0.995241176347812,0.995425466262305,0.995467410842859,0.995581128089244,0.995939388123369,0.996075364691437,0.996231160228822,0.996279270737064,0.996575473280554,0.996623098073682,0.996740595553621,0.996739670573406,0.996836652496281,0.997045426566539,0.99710403705047,0.997144906216021,0.997176200314287,0.997197104455355,0.997251470210117,0.997295573788282,0.997347625518315,0.997398284466071,0.997523615605878,0.997545538197181,0.997579506356491,0.997606615473259,0.997704288016728,0.997691222816151,0.997763984733413,0.997749368222437,0.997738916709999,0.997647593845066,0.997586180332139,0.997668312857804,0.997678675494291,0.997716973859012,0.997644921086396,0.997666352645325,0.997594864202477,0.997577690295293,0.997558941856964,0.9975492013716,0.99759140023109,0.997617336464911,0.997665355616736,0.997702438387402,0.997750449443819,0.997791062517554,0.997837102009908,0.997878303933771,0.997922096526854,0.9979626979317,0.998004384435942,0.998043888930504,0.998083666723829,0.998121869912483,0.998159907886172,0.99819673651683,0.998233166332305,0.998268609344506,0.998303533741196,0.998337610643006,0.998371112658595,0.998403858118694,0.998436007877852,0.998467463852236,0.9984983229761,0.998528534551432,0.998558158875463,0.998587172034411,0.99861561324814,0.998643473662759,0.998670780295822,0.998697532683172,0.99872375070476,0.998749438494105,0.998774611686579,0.998799276860371,0.998823447061583,0.998847130093453,0.998870337362647,0.99889307720927,0.998915359948181,0.998937194070676,0.998958589118036,0.99897955351914,0.999000096228987,0.999020225498228,0.99903994980804,0.999059277170518,0.99907821566262,0.999096773028937,0.999114956987183
"47",46,0.989463283503278,0.989575036865887,0.990034746243597,0.990167173368662,0.991248123250568,0.991548133639097,0.991620808569961,0.99158861887154,0.991870298556277,0.99199199911734,0.992059860765998,0.992628583327549,0.992504054624998,0.992576302812208,0.992890649093477,0.992906124379286,0.992963752013522,0.993141070064147,0.993167477191431,0.993245916621621,0.993263513586692,0.993576113047763,0.993765953898844,0.99372944104506,0.994151581556026,0.994294426309242,0.994558310131013,0.99462672488082,0.994942914274657,0.99513527013102,0.995175986404308,0.995295790171476,0.99566715673691,0.995798581501279,0.995961094323135,0.996010413496974,0.996319969677653,0.996366093550567,0.996487441956923,0.996483347802564,0.996587493055503,0.99680445132252,0.996860029789461,0.99689263043457,0.996933119034342,0.996939903550887,0.996991671556398,0.997038469366986,0.997101978273411,0.997154349579013,0.997289377371097,0.99731419743307,0.997350868933372,0.997380671480905,0.997483829010183,0.997469606189285,0.997551002596496,0.997536683186729,0.997524844695344,0.997436306779231,0.997378160577441,0.997467957748292,0.997478297083555,0.99752238789294,0.997451283839304,0.997472930639293,0.997397327940549,0.997388792678059,0.997375853185245,0.997366454493247,0.997411243042001,0.997438748921074,0.997489494106781,0.997528674481837,0.997579397583576,0.997622315892012,0.997670983075267,0.997714551760621,0.997760876384557,0.997803841048298,0.997847970136799,0.997889804834238,0.997931944496159,0.997972431054707,0.998012757428698,0.998051816170813,0.998090466242685,0.998128083297587,0.998165163642484,0.998201357572233,0.998236954069305,0.998271759592424,0.998305944583707,0.998339404249516,0.998372241192109,0.998404400979535,0.99843594731331,0.998466854260497,0.998497163137464,0.998526864058451,0.998555985381381,0.998584526177808,0.998612507230145,0.998639932533056,0.998666818369983,0.998693171365983,0.998719005066624,0.998744327427121,0.998769150265954,0.998793482133791,0.998817333704758,0.998840713712434,0.998863632025026,0.998886097329901,0.998908118888259,0.998929705216475,0.998950865087873,0.998971606782317,0.998991938658689,0.999011868728388,0.999031404983015
"48",47,0.988947461408562,0.989055124798272,0.989548413327965,0.989640154415894,0.990816496265091,0.991107524343913,0.991181499145145,0.991140650499773,0.991433905626533,0.991590058869588,0.991636364941652,0.992240384786042,0.992107748819311,0.992147594986277,0.992509564580653,0.992508579148988,0.99256557543717,0.992762126518028,0.992779438705789,0.992861770558564,0.992870375568405,0.993218785546139,0.993403053277112,0.993361077313742,0.993815584226986,0.993952777305928,0.994219816427395,0.994305475451766,0.994620448946375,0.994818764893889,0.994859393003203,0.994984723583329,0.995370677073609,0.995500470085554,0.995663484908662,0.995716017335186,0.99603692668672,0.996087555657117,0.996210927283335,0.996206811784605,0.996314558442379,0.996534505830625,0.99659412872888,0.99661490826748,0.996662041558427,0.996656005051684,0.99670894258352,0.996757368453527,0.996830144305124,0.996885667051958,0.997033679168488,0.997058751000406,0.997098991055579,0.99713040062602,0.997241793545481,0.997226338386717,0.997315093711979,0.997301256236363,0.997287537817982,0.997201929580541,0.997145280728448,0.997246097562272,0.997256726296101,0.99730783833224,0.997235008187767,0.997258058462452,0.997177452860604,0.997180236266928,0.997172848746146,0.997162886415055,0.99721092976731,0.997240140258616,0.997293856158394,0.997335324085773,0.997389006672891,0.997434441437638,0.997485977995821,0.997532131875975,0.997581222994146,0.997626770474716,0.997673569817498,0.997717952626621,0.997762675750533,0.997805660611979,0.997848491500088,0.997889991656198,0.997931073045446,0.997971071492126,0.998010514086166,0.998049028288893,0.998086921011269,0.998123985681062,0.99816040323777,0.998196061511771,0.998231069308377,0.998265368081629,0.998299025254672,0.998332012661469,0.998364373905797,0.998396097952536,0.998427214617467,0.998457722446353,0.998487643198933,0.998516980702008,0.998545751937202,0.998573963566281,0.998601629670012,0.998628758356347,0.998655361882954,0.998681449018137,0.998707030817792,0.99873211626849,0.998756715585014,0.998780837726009,0.998804492276835,0.998827688033558,0.998850434078595,0.99887273897419,0.998894611377461,0.998916059581563,0.99893709186789
"49",48,0.98837613209865,0.98847015499204,0.989019440989723,0.989047609453388,0.990345988345322,0.990611942047096,0.990687596523984,0.99063917697404,0.990954147011918,0.991142368511453,0.991163841973214,0.991800428811497,0.991667024612345,0.991673546575217,0.992094752120941,0.992069753661221,0.992131463264222,0.99234580316224,0.992351579038857,0.992434129413675,0.992445042933842,0.992826066047717,0.993009068425392,0.992964899338187,0.993442349928699,0.993576330239148,0.993853159905794,0.993954612213957,0.994269156914521,0.994476789578175,0.994510418026012,0.994647174060231,0.995047311427211,0.99517237760403,0.995343180116754,0.995392602950109,0.995730530048574,0.995779635121776,0.995904071047142,0.995902012260263,0.996017402999874,0.996242231536349,0.996302960551083,0.996306976952138,0.996366928603763,0.996344065043409,0.996394766204588,0.996447965934969,0.996530265190644,0.996590209765053,0.996750293599712,0.99677725275597,0.996821810802014,0.99685654359266,0.996974243998694,0.996958183952537,0.997056287778831,0.997040587790415,0.997026757430038,0.996942571985388,0.996889088682146,0.997001050812904,0.997010144479206,0.997069786896958,0.996996396686366,0.997019210470762,0.996934466684947,0.996949867791993,0.996948935638929,0.996937663007362,0.996989592483467,0.997020663768378,0.997077628282953,0.99712159846016,0.997178519005608,0.997226707219169,0.997281383565056,0.997330366394865,0.99738248498756,0.997430859064745,0.99748058083439,0.997527752537091,0.997575303401586,0.997621022954233,0.997666595504662,0.997710768426119,0.997754511713985,0.997797117591135,0.997839146855642,0.997880201969721,0.997920609480223,0.997960148546284,0.997999011606771,0.998037078414321,0.998074464570675,0.99811110702357,0.998147077274356,0.998182344710174,0.998216955441436,0.99825089717285,0.998284201317476,0.998316865843646,0.998348913581346,0.998380348171764,0.998411187360403,0.99844143784727,0.998471114297963,0.998500224985545,0.998528782646913,0.998556796286346,0.998584277375711,0.998611235176077,0.998637680279334,0.998663621938465,0.998689070091133,0.998714033836775,0.998738522593392,0.998762545229394,0.998786110725417,0.998809227679959,0.998831904688541
"50",49,0.98774224444337,0.987823074416451,0.988423549999159,0.988405629187028,0.989819497821666,0.990065229506028,0.990150347182518,0.99009367181894,0.990418191682012,0.990649554345695,0.99064183584065,0.991324155397298,0.991180156448095,0.991151944585893,0.991627569218502,0.991594436816786,0.991654088608719,0.991892170523816,0.991876061504285,0.991962994723368,0.991972303233513,0.992400845134161,0.992576374397044,0.992523799239089,0.993045398839104,0.993169624486608,0.993449548831328,0.993570112584524,0.993885688122401,0.994103917870393,0.994133449437471,0.994280200171113,0.994696342098745,0.994811295218979,0.994987265218318,0.995037024743751,0.995390058661504,0.995442985105796,0.99557263854479,0.995567473582388,0.995693824483538,0.995920905032748,0.995980839554413,0.995969777967193,0.996040125925194,0.995999300169126,0.996050272360715,0.996107698108186,0.996201941831737,0.996264806143969,0.996439534090557,0.996469538887942,0.996516152061396,0.996553631980847,0.996678983092123,0.996660818792043,0.996769592797624,0.996754911801024,0.996738086276794,0.996657320880491,0.996604368278774,0.996728282380934,0.99673943436137,0.996806587483903,0.996732958768097,0.996755388476265,0.996664392495944,0.996694296835616,0.996699442016599,0.996687152694578,0.996743062288287,0.996776152377272,0.996836654603973,0.996883351904772,0.996943803851981,0.996994996272474,0.997053099606151,0.997105171186972,0.997160596360863,0.997212058619729,0.997264974292869,0.997315194942992,0.997365838217282,0.997414549386392,0.997463122146659,0.99751022083044,0.997556878928585,0.997602340899537,0.99764720443836,0.997691044593746,0.997734209410558,0.997776462381425,0.997818008534116,0.997858718736817,0.9978987160276,0.997937932385045,0.997976443767066,0.998014216851164,0.998051300480681,0.998087680953718,0.998123391418542,0.99815842918735,0.998192818246978,0.998226562013727,0.998259679053791,0.998292176089106,0.998324068409647,0.998355364450659,0.998386077457805,0.998416216676224,0.998445794017498,0.99847481902664,0.998503302693056,0.998531254576171,0.998558684984428,0.998585603334301,0.998612019396741,0.998637942360891,0.998663381547627,0.998688345875883,0.998712844271647
"51",50,0.987046905624177,0.987095855544777,0.987772470690404,0.987688482856681,0.989237720741885,0.989465577807704,0.989550594563069,0.989484752891693,0.98982734703794,0.990106116148949,0.990070133489693,0.990789865086208,0.990647554391364,0.990580755088568,0.991119277292911,0.991057158762368,0.991124395926669,0.991393774439717,0.991352388491767,0.991453603882357,0.991458414219562,0.99192749422082,0.99210160663868,0.992045519857463,0.992608472343181,0.992721391023049,0.993007879338389,0.993161947285109,0.99347056055089,0.993701180548554,0.993727028144734,0.993879150489329,0.994310249917428,0.994420091108443,0.994604896642721,0.994651991622814,0.995019862917057,0.995078268663174,0.995207218424082,0.995206312113057,0.995338569380557,0.99556456420651,0.995628364704171,0.995600615464591,0.995681780435144,0.995622327934004,0.995673457423421,0.995734974211306,0.995841091797027,0.995907981343446,0.996099107223856,0.996131648647701,0.996181044023034,0.996219353990184,0.996355803604413,0.996334491697429,0.996454441439675,0.996439673407352,0.99642006487555,0.996343309910916,0.996290970047201,0.996428880873786,0.99643877389495,0.996515776143771,0.9964417648048,0.996463724051007,0.996366401892851,0.996412233643871,0.996424880287448,0.996410602796497,0.996471265413393,0.996506552253363,0.996570911547601,0.996620583099397,0.996684887432552,0.996739357430585,0.996801199872597,0.996856641712911,0.996915675031836,0.996970507310368,0.997026908580994,0.997080456843318,0.997134475387438,0.997186452040913,0.997238299904093,0.997288592665637,0.997338433137854,0.997387013634484,0.997434972140151,0.997481853771525,0.997528030052517,0.997573247367035,0.997617724494337,0.997661322598269,0.997704172841257,0.997746201772612,0.997787490219574,0.997828001897766,0.997867788636423,0.997906835194767,0.997945176616327,0.997982809493989,0.998019759077334,0.998056028534252,0.998091637325827,0.998126592195014,0.998160909111674,0.998194596685096,0.998227668714076,0.998260134703552,0.998292007042431,0.9983232955824,0.998354011743771,0.998384165417048,0.998413767312117,0.998442827187941,0.998471355197222,0.998499360875487,0.998526853911304,0.99855384356954,0.998580339133061
"52",51,0.986268873052301,0.986304428730927,0.987048594826653,0.986896375836565,0.988600696719898,0.988796822802657,0.988893699214067,0.988816021090725,0.989177175436054,0.989497778376195,0.989434162355207,0.990204414554101,0.990053231939164,0.989944907727971,0.990553386774741,0.990476120380661,0.990544558045102,0.990841585039121,0.990779693073644,0.990886871271979,0.990889670358563,0.991412371790788,0.991586375356222,0.991526841627229,0.992128357620654,0.992234408323814,0.992527393176186,0.992709935240812,0.993013766383645,0.993255377738756,0.9932815838062,0.993445997310099,0.993893025635196,0.993990959851103,0.994182075952869,0.994230359938721,0.994614700512035,0.994674258114559,0.994803943095987,0.99480546915818,0.994947630102181,0.995177073584128,0.995238454107604,0.995192099881964,0.995285887832525,0.995208762190735,0.995258826877547,0.995324719733751,0.995443065615833,0.995516229482684,0.995724106173733,0.995759925932883,0.99581261518247,0.995854664382417,0.995999005158039,0.995974816920381,0.996108155065697,0.996092164978057,0.996070357409397,0.995995820890358,0.995945756509293,0.996099119910432,0.996109005834786,0.99619475601138,0.996119727743787,0.996141647825047,0.996038563585258,0.996098755379954,0.996119709392216,0.996104404191344,0.996169646327567,0.996207325922431,0.996275897242033,0.996328818388716,0.996397333527602,0.996455386841242,0.996521317985123,0.996580445835385,0.996643426005833,0.996701945281995,0.996762160646046,0.996819350754227,0.996877063942829,0.996932615696079,0.996988049826027,0.997041840759923,0.997095167219026,0.997147164389795,0.99719851438665,0.997248729517483,0.997298207028183,0.997346674537864,0.997394365892033,0.997441131601917,0.997487111729852,0.99753222685801,0.997576563145267,0.997620081045411,0.997662835653855,0.997704810028827,0.99774604128356,0.997786525209287,0.997826288431168,0.997865333832425,0.997903681845916,0.997941339225916,0.997978322678001,0.998014640991019,0.998050308560335,0.998085335164838,0.998119733706815,0.998153514363612,0.998186689018046,0.998219267913303,0.998251262189546,0.998282681971172,0.99831353781969,0.998343839640564,0.998373597515902,0.99840282108024,0.998431519998302
"53",52,0.985405643287722,0.985425783719414,0.986250890578038,0.986025107279466,0.987895426467836,0.988065951321644,0.988171255551416,0.988076492333083,0.988463338178234,0.98883555034385,0.988741912753828,0.989560994070897,0.989403098213765,0.989249253633852,0.989936676364881,0.989834500246425,0.989904621720675,0.990237757833412,0.990142190991457,0.990268289086581,0.990265976717638,0.990847820965061,0.991018936094298,0.990951014743498,0.99161302964984,0.991705416614302,0.991999546073536,0.992224507690017,0.992519164613235,0.992775136504246,0.992790122216221,0.992975487225171,0.993437433013999,0.993518234542866,0.993719248629431,0.993765648418245,0.994166770957731,0.994233332988849,0.994362887601773,0.994372520379571,0.994522295169712,0.994747315723844,0.994810409080716,0.994745483269102,0.994852696481338,0.994752189427463,0.994803482137951,0.99487690250581,0.995005190567996,0.995084673723533,0.995312458109151,0.995353396915042,0.995408739589702,0.995450868327327,0.995608172135394,0.99557977705757,0.995727210836013,0.995709608711521,0.995684016558176,0.995613013120787,0.995564203235931,0.995733719638876,0.99574562351704,0.995839409429187,0.995764714060272,0.99578705323509,0.995676672185919,0.995754433281742,0.995783375904311,0.995765495675125,0.995836424051246,0.995876703660578,0.995949859958726,0.996006319719603,0.996079421591767,0.996141378812748,0.996211765171031,0.996274910028434,0.996342192082786,0.996404730590755,0.996469104334625,0.996530265610171,0.996592008137341,0.99665145944404,0.996710805905733,0.996768413659693,0.996825544240764,0.996881270488928,0.996936322673946,0.996990177282261,0.997043259633398,0.997095276847936,0.997146479216615,0.997196705605791,0.997246105791602,0.997294593826719,0.997342261687226,0.997389066251871,0.99743506617699,0.997480242650924,0.997524635040356,0.997568238249463,0.997611080398059,0.997653164047505,0.997694510683747,0.997735127062911,0.997775030685467,0.997814230526211,0.997852741623176,0.99789057404457,0.997927741244356,0.997964253745892,0.998000123928049,0.99803536240973,0.998069980791955,0.998103989588938,0.99813739979965,0.998170221724445,0.998202465866311,0.998234142254537,0.998265260962077
"54",53,0.98447064712892,0.984446672450247,0.985364421914564,0.985069770112742,0.987121538739691,0.987257812711505,0.987372510927635,0.987264901322491,0.987674315523884,0.988099029484236,0.987972451972188,0.98884383392949,0.988688765688459,0.988482930760009,0.989251699094205,0.989122873098905,0.989201110308377,0.989579537728159,0.98944938516403,0.989582388065119,0.989587323204381,0.990234806629834,0.990397727082363,0.990329949897458,0.991046436010292,0.991124683295973,0.99142582513165,0.991690796928113,0.99197698177724,0.992244102680514,0.992259940485218,0.99246150380089,0.9929375067437,0.993006760763848,0.993209619014911,0.993253198217623,0.99367799851479,0.993751588262553,0.993878141302154,0.993891967207803,0.99405539895753,0.994276391452031,0.994344113325017,0.994255240660289,0.994376003356368,0.994251964529102,0.994304041387149,0.994381170284038,0.994527402079587,0.994613462164349,0.99486205415948,0.994904422415997,0.994964061713135,0.995007242078171,0.995177311707829,0.995144583239162,0.995306040805441,0.995288325492046,0.99526015037594,0.995191496098989,0.995145180491939,0.995331937633756,0.995344763883111,0.99544930715925,0.995372224217201,0.995394769143455,0.995277738855093,0.995373961521474,0.995411653852982,0.99539065527841,0.995467907216555,0.9955110179138,0.995589176687682,0.995649498718407,0.995727608402295,0.995793828578555,0.995869080556046,0.995936612972584,0.9960085942779,0.996075523779172,0.996144441059618,0.996209941831475,0.996276087948946,0.996339801527682,0.996403424759866,0.996465205404404,0.996526495528739,0.996586299798309,0.996645401137829,0.996703236850756,0.99676026295889,0.996816164151675,0.996871208706942,0.99692522274162,0.996978366656337,0.997030547349522,0.997081863158536,0.997132267040275,0.997181821543006,0.997230505799246,0.997278361636191,0.997325382978007,0.997371599574011,0.997417013624358,0.997461647760721,0.99750550873253,0.997548614902996,0.997590975441872,0.997632606083037,0.99767351720292,0.997713722851533,0.997753233922603,0.997792063330042,0.997830222095713,0.997867722317086,0.997904574926834,0.997940791394745,0.99797638244526,0.998011359034038,0.998045731614383,0.998079510698114
"55",54,0.98342989571263,0.983379868963039,0.984396444331834,0.984022300102007,0.986268421743123,0.986369123387146,0.986497419699872,0.986377276975988,0.986808245285836,0.987292707982631,0.987128742273639,0.988062913700121,0.987909687414189,0.987642869241875,0.988502500407783,0.988344447893866,0.988431306997971,0.98885586067134,0.98868340105571,0.988838684580628,0.988837639391904,0.989551848146833,0.989715752898986,0.989650772807727,0.990427986992552,0.990492409466998,0.990795860286194,0.991109788753347,0.991387471426262,0.991668769097076,0.991679902360085,0.991896344919398,0.992391168448099,0.992439441408142,0.992657533198849,0.992699306155432,0.993143632969395,0.993222044242047,0.993349622313609,0.993369322849431,0.993546465853788,0.993760232782167,0.993826293833795,0.993714078117577,0.993852255825484,0.993699880454795,0.993755156739467,0.993840264543043,0.994001104305998,0.994093062822577,0.994366976588216,0.994413506067179,0.994476370186122,0.994522184872073,0.994704377832673,0.994668281051687,0.994845978970574,0.994824530653579,0.994794789244413,0.994727883868401,0.994682997710296,0.994891083124856,0.994906090175655,0.995018665968057,0.994940823455594,0.994961640550824,0.994837130127598,0.994953898008459,0.995000835810026,0.99497796375652,0.995061305259253,0.995107491034211,0.995191091522369,0.995255616266814,0.995339176653269,0.995410037539201,0.99549058706261,0.995562897168772,0.995639996246703,0.995711708446997,0.995785575241104,0.995855803900138,0.99592674839669,0.995995107017909,0.996063391753647,0.996129721331175,0.996195546498,0.996259797584361,0.996323314921381,0.996385493071975,0.996446821536631,0.996506960525373,0.99656619793149,0.99662434594953,0.996681576565778,0.996737788859124,0.996793088101585,0.99684742295725,0.996900860214229,0.996953376748796,0.997005017065373,0.997055774006397,0.99710567909094,0.997154734113237,0.997202962946277,0.997250372320881,0.99729698153239,0.997342799952374,0.997387844064462,0.997432124570792,0.997475656162087,0.997518450125837,0.997560519950032,0.997601877086062,0.997642534163371,0.997682502561258,0.997721794253559,0.997760420417651,0.997798392493536,0.997835721387537,0.997872418080864
"56",55,0.982283876849536,0.982202420942211,0.983329958831072,0.982868758816367,0.985329822346099,0.985385490936146,0.985531335279634,0.985393206358033,0.985860115821886,0.9864058222608,0.986206655266967,0.987205062942835,0.987043481198689,0.986727151234939,0.9876788325939,0.987494413554026,0.987589893718577,0.988055332609414,0.987838989150013,0.988026621170901,0.988020236189784,0.988810970742953,0.988973346817604,0.988899858956277,0.989750396847118,0.98979547915225,0.990102593504867,0.990483246483916,0.990744883710455,0.99103650918918,0.991042395932886,0.991283175869896,0.991790159889826,0.99182056690159,0.99204933794299,0.99208811965153,0.992551445820078,0.992643789292221,0.992765207183211,0.992796151012093,0.992985064226151,0.993190219725348,0.993260104851686,0.993123606561823,0.993274232654501,0.993096448175243,0.993150684931507,0.993247833196219,0.993422589511598,0.993525577815724,0.993823443842347,0.993877325351539,0.993940333089825,0.993987546248261,0.994183579711652,0.994140842284824,0.994339025890749,0.99431544415398,0.994279390274474,0.994217438255478,0.99417346373992,0.994405226874408,0.994421674497058,0.994545269168026,0.994466049022524,0.994485054642831,0.994354662199694,0.994491565420246,0.994548365324734,0.994523549604974,0.994613479123515,0.99466302138298,0.994752564590713,0.994821679354607,0.994911193137516,0.994987122849956,0.995073458755463,0.995150987517664,0.995233676839428,0.995310613396315,0.995389886903814,0.995465280323356,0.995541466747531,0.995614899956082,0.995688277446371,0.99575957698633,0.995830357144001,0.995899467038811,0.995967809733068,0.996034733093648,0.996100763210188,0.996165533546713,0.996229353437928,0.996292019866449,0.99635371748505,0.996414336828661,0.996473990752389,0.996532623229791,0.996590305686114,0.996647012532315,0.996702791201258,0.996757633353287,0.996811572443257,0.996864609821548,0.996916770718598,0.996968061844326,0.997018503512905,0.997068105315563,0.997116884554829,0.997164852287555,0.997212023903669,0.997258411119418,0.997304028048716,0.997348886610482,0.997393000013664,0.997436380123474,0.997479039462395,0.997520989700336,0.997562242804099,0.997602810172378,0.997642703296582
"57",56,0.981023231532237,0.98090482523273,0.982162363306805,0.981601830663616,0.984302166912286,0.98431760752338,0.984477050639622,0.98432153420844,0.984816699748826,0.985432895154574,0.985194146271001,0.98626563747671,0.986101368514154,0.985720889619395,0.986770015401318,0.986560296600351,0.986662370345596,0.987179538834071,0.986918732025206,0.987132968517928,0.987130507854747,0.988000091953318,0.988161591274432,0.988091047753139,0.989013497702822,0.989038689622025,0.989351698474368,0.989792582955491,0.990037975912064,0.99034695189241,0.990347649223462,0.990616277675987,0.991137043055779,0.991145102855718,0.991380898389562,0.99141359204765,0.991903070126411,0.992008251374246,0.992127830785148,0.992167973872325,0.992370148314528,0.992567334584882,0.992640526800783,0.992472112415382,0.992644187971451,0.992435760697725,0.992488799086357,0.992599366267571,0.992790219476732,0.992901060832063,0.993229655016328,0.993285843981328,0.993351912164658,0.993400164104028,0.993612612482068,0.993564604192055,0.993781518872994,0.993755582557475,0.993714013370603,0.993654010763585,0.993615388478965,0.993871024752657,0.993891069126871,0.994025415075616,0.993944231283403,0.993959914070444,0.993823021362507,0.993981516036265,0.994050360719148,0.994022348934718,0.994119953820287,0.994173139915057,0.994269142943418,0.994343248552024,0.99443923722819,0.994520680635555,0.99461331166957,0.994696518681702,0.994785291370196,0.994867913889218,0.994953072614581,0.995034088648816,0.995115982475524,0.995194941652423,0.995273865669095,0.995350578767906,0.995426756946545,0.995501160843622,0.995574761857747,0.995646856959565,0.99571801210359,0.995787831588157,0.995856648110677,0.995924242055152,0.995990811874756,0.996056238773111,0.996120643864566,0.996183965992428,0.996246281629016,0.996307562481765,0.996367859166975,0.996427162041376,0.996485506660297,0.996542893876178,0.996599350388846,0.996654882872075,0.996709512739871,0.996763249810126,0.996816112267006,0.996868111541705,0.996919263775188,0.996969581139123,0.997019078418566,0.997067768030423,0.997115663804241,0.997162778123533,0.997209124097844,0.997254713922847,0.997299560128739,0.997343674640039,0.997387069493624
"58",57,0.979650282252513,0.979492297967196,0.980872691449006,0.980220774299231,0.983176818285155,0.983140334531257,0.983314276034388,0.983143241801509,0.983676275597898,0.984359100528848,0.984092214713067,0.985231767741817,0.985060791778036,0.984617968687842,0.985768649324923,0.985529627575615,0.985650510204082,0.986229142112772,0.985906292358695,0.98615087071858,0.986154693750449,0.987107559228346,0.98727587303804,0.987201861547411,0.988210051154123,0.9882161502964,0.988521465419253,0.989043450602475,0.989265915520597,0.989594041086142,0.989589265920768,0.989883157594756,0.990420859701905,0.990405445497445,0.990650638674524,0.990678090370153,0.991191616569091,0.991306245234494,0.991422931395357,0.991478583969811,0.991696816208394,0.991881743177491,0.991955804140572,0.991761126967589,0.99194981619288,0.991708955194501,0.991764115729623,0.991884477494009,0.992094607277895,0.992216304793118,0.99257522930678,0.992641221224713,0.992706556669612,0.992755707379796,0.992985377717343,0.992929975241783,0.993168584593892,0.993138679237421,0.993093810867536,0.993036886871447,0.993001167297354,0.993283366218813,0.993308476973552,0.99345215349011,0.993368361774568,0.993382755608209,0.99323640502133,0.993420545375106,0.993500987230987,0.99347088926898,0.993576144114433,0.993633298971566,0.993736342175046,0.993815887817389,0.993918935068511,0.994006389744324,0.994105884582519,0.994195283304979,0.994290690001048,0.994379513675039,0.994471091414172,0.994558240578339,0.994646360575872,0.994731348547213,0.994816324347178,0.994898944706876,0.994981013756629,0.995061195573322,0.995140536132329,0.995218276846348,0.995295027181351,0.995370359589472,0.995444632270415,0.995517607477354,0.995589498728032,0.995660177028063,0.99572977250659,0.995798218395547,0.995865596674212,0.995931876088583,0.995997110726233,0.996061289511397,0.996124450287418,0.996186593354325,0.996247747010222,0.996307917880993,0.996367128574898,0.996425389149101,0.996482718743401,0.99653912918965,0.996594637441573,0.996649256160121,0.996703000855683,0.996755884480989,0.996807921535616,0.996859124961121,0.996909508500395,0.996959084915347,0.997007867343645,0.997055868276149,0.997103100337634
"59",58,0.978139941986213,0.977941951764714,0.979477840144606,0.97870813709246,0.981938155646197,0.981855053901163,0.982048461256382,0.981855674543565,0.982427669185367,0.983191766662172,0.982873121286264,0.984094955489614,0.983924789984409,0.983402489626556,0.984676600828146,0.984411782858251,0.98454137239704,0.985181147694561,0.98479904029261,0.985086498309803,0.985083857227695,0.986140867431038,0.986310948444299,0.986226631656735,0.987324068473147,0.987306239783552,0.987618835440079,0.988221136830183,0.988419604541815,0.988770286893377,0.988759950129472,0.989081050298971,0.989632891571325,0.989591580123876,0.989850413758202,0.989874358946321,0.990415386161553,0.990538700197622,0.990648862047201,0.990721421497457,0.990962600148906,0.991127298618433,0.991203845760458,0.990978759157123,0.991183969320887,0.990911212370577,0.990972053897474,0.991105087043077,0.991334343394813,0.991467367372426,0.991858250137127,0.991929957609322,0.992001368187021,0.992049146096143,0.992296910081,0.992229968784088,0.992496268700568,0.992462293575487,0.992412805975824,0.992358854072584,0.992326500986276,0.992638165327056,0.99266802251,0.992821440085854,0.992734964631887,0.992746996835924,0.992595539087839,0.992802604844911,0.992895766035621,0.992862709124671,0.992976593675585,0.993038058069877,0.993148755883836,0.993234218085692,0.993344944202323,0.993438939482195,0.993545903671713,0.993642041324445,0.993744669355722,0.993840244147587,0.993938811174583,0.994032639301883,0.994127540559536,0.994219095772817,0.994310664820677,0.994399721924961,0.994488210813298,0.994574690317054,0.994660287678297,0.994744183730171,0.994827035360624,0.994908380279442,0.994988604482134,0.995067450428848,0.995145148054889,0.995221557222084,0.995296817880319,0.995370857120217,0.995443762915693,0.995515500762635,0.995586128522279,0.995655633537526,0.99572405613413,0.995791395991785,0.995857683138199,0.995922924130133,0.995987142864462,0.996050349643203,0.996112564634355,0.996173800091273,0.996234073840049,0.996293399060317,0.996351792039574,0.996409266300449,0.996465837059469,0.996521517852735,0.996576323100291,0.996630266167891,0.996683360842391,0.996735620218965,0.996787057550496
"60",59,0.976487698460793,0.976239440162152,0.977926849435229,0.977059031705168,0.980587184341751,0.980447832301096,0.980660397301395,0.98045445405188,0.981067918567919,0.981899119160624,0.9815482782796,0.982854968847429,0.982683063379602,0.982084975701624,0.983487518014039,0.983182541963801,0.983335274564791,0.984038153564578,0.983595712574747,0.983919829228075,0.983913848224802,0.985076489231614,0.985251161625084,0.985168134994286,0.986364506251595,0.986321903691212,0.986628898635477,0.987318733353063,0.987497447544807,0.987866111684408,0.9878509737284,0.988209385277577,0.988775966922593,0.988695973850343,0.988971799821101,0.988992587427774,0.9895546061976,0.989701162694372,0.989804917536731,0.989892751137128,0.99015089336448,0.990305265895817,0.990381579826666,0.990121860323105,0.990346658618571,0.990038319067406,0.990099542196876,0.990249620160687,0.990496548531594,0.990646815624788,0.991073544801835,0.991152415567502,0.99122551055788,0.991274665498421,0.991541504518702,0.991465042627891,0.991757210160736,0.991716956573187,0.991662221965951,0.99161138575513,0.99158442269523,0.991930708313265,0.991966034121731,0.992131202349893,0.992040456844139,0.992048698178836,0.991889307964657,0.992122824908206,0.992229965089179,0.992193528905193,0.992316855868797,0.992383001479316,0.992502019960557,0.992593914748384,0.992712990867671,0.992814099275385,0.992929187582531,0.993032655733761,0.993143139899027,0.993246060109925,0.993352232561889,0.993453329277159,0.993555611313473,0.993654315213185,0.993753062112754,0.993849127535057,0.993944607185198,0.994037945279772,0.994130357550735,0.994220958836784,0.994310457670089,0.994398353897388,0.994485063786841,0.994570308216294,0.99465433500053,0.994736991841004,0.994818429380046,0.994898567998714,0.994977502193913,0.995055193903132,0.995131705089734,0.995207021357587,0.995281185726789,0.995354197186056,0.995426087636545,0.995496863545415,0.99556655020206,0.995635158161612,0.99570270870059,0.995769214518432,0.995834694379831,0.995899162016788,0.995962634551595,0.996025126115375,0.996086652693967,0.996147228459104,0.996206868556894,0.996265586999121,0.996323398268381,0.996380316106636,0.996436354439719
"61",60,0.974668714278929,0.974393593742725,0.976245518558662,0.975262159339932,0.979101402947967,0.978909006846754,0.979136159239053,0.978909762858023,0.979569709721091,0.980497187524462,0.980102489332962,0.981495384201179,0.981332287297708,0.980651786196833,0.982175306678235,0.981833398743185,0.98200724166744,0.982782899563876,0.982271596987424,0.982648004256648,0.982638828727367,0.983918566357299,0.98409379843979,0.984007341439506,0.985317959986503,0.985241732337588,0.985549876679085,0.986342773984104,0.986492867904446,0.986872897867662,0.986852484880357,0.987251654507644,0.987836493139206,0.987720503718997,0.988010431047707,0.988022027087364,0.988614976307702,0.988777734309507,0.988872886645572,0.988985643680866,0.989265606710639,0.989397055719454,0.989481003916546,0.989186369796348,0.989429660038079,0.989077415091379,0.989145796093261,0.989308122189305,0.989581113688436,0.989746050538165,0.990211922723301,0.990301422359791,0.990375574265744,0.990421200244757,0.990711731967122,0.990622485268541,0.990945461538704,0.990900651660401,0.990835015369387,0.990792734778722,0.990769191430605,0.991154096305185,0.991194081955832,0.991370489508539,0.9912764960472,0.991280660201524,0.991112618276385,0.991376202050538,0.991496980102526,0.991459732167494,0.991591903888091,0.99166314623103,0.991791223692351,0.991890122144016,0.992018289976512,0.992127143788248,0.992251078867234,0.99236253007164,0.99248157025784,0.992592490800727,0.99270694732523,0.992815961762259,0.992926284291029,0.993032776401528,0.993139343853549,0.993243045679831,0.993346143177434,0.993446955665149,0.99354679530441,0.993644705005255,0.993741449584254,0.993836487611443,0.993930268350444,0.994022489144465,0.9941134172965,0.994202887242487,0.994291061278499,0.994377852461871,0.994463362397357,0.994547549134221,0.99463047910372,0.99471213600529,0.994792565791402,0.994871766689261,0.994949772636801,0.995026589995549,0.995102245566845,0.995176750174007,0.995250126295483,0.995322387109381,0.995393552396796,0.995463636484334,0.995532657397307,0.995600629922678,0.99566757087777,0.995733495119762,0.995798418579003,0.995862355964074,0.995925322508697,0.995987332652474,0.996048401047491
"62",61,0.972699746852198,0.972361911106417,0.974413713994392,0.973301856755686,0.977480636816821,0.97723100588453,0.977480324805679,0.977233620119126,0.977949227845393,0.978959966489139,0.978518421337836,0.980009081807389,0.979841475899482,0.979073427559301,0.980743495541733,0.980373001340213,0.980556893727719,0.981416594555488,0.980824980402889,0.981253245156178,0.981253525035586,0.982651796778191,0.982841314774472,0.982749664052069,0.984165822092367,0.98406684073107,0.98436730270288,0.985268648259844,0.985390944891137,0.985789193707729,0.985761669767818,0.986198760589004,0.986802779445827,0.986648900556185,0.986953844575006,0.986958156123112,0.987586402317526,0.987762304268562,0.987850266411756,0.987984456907843,0.988293261215871,0.988399155000179,0.988485915230716,0.988157729377531,0.988423182847275,0.988027030997503,0.988096702549524,0.988283520516901,0.988578296223728,0.988761875813799,0.989268968372115,0.989368604460873,0.989445232005574,0.989488195449462,0.989798885304019,0.989697296766914,0.990053694330409,0.990003561072392,0.989931205844722,0.98988953717551,0.989877927631145,0.990298670154785,0.990350636297611,0.990536112730416,0.990437726815968,0.990436885880172,0.99026235107909,0.990555146510898,0.990692316504062,0.990651253479028,0.99079449142407,0.990871267476212,0.991009183886001,0.991115690145099,0.991253735362823,0.991371005008035,0.991504553856216,0.991624681355838,0.991753021764836,0.991872639651188,0.991996103164539,0.992113727415636,0.992232794427136,0.992347757790471,0.992462832822692,0.992574843034231,0.992686229860455,0.99279517669642,0.992903100623905,0.993008966244124,0.993113599622419,0.993216414369567,0.993317895656471,0.993417715176038,0.99351616143694,0.993613054404115,0.993708569049882,0.993802610430974,0.993895287878017,0.993986555182031,0.994076483624648,0.994165054808831,0.994252317864588,0.994338270168646,0.994422947860677,0.99450635716715,0.994588526519317,0.994669467013485,0.994749202420323,0.994827746420942,0.994905119886673,0.994981337774054,0.995056419075334,0.995130379274669,0.995203236078666,0.995275005074459,0.995345703030529,0.995415345398255,0.995483948213758,0.995551526660805,0.99561809616715
"63",62,0.970544408635686,0.970156364316948,0.972403994818436,0.971153374433779,0.975708243555981,0.975400854951465,0.975659199085178,0.975410069079228,0.976172253340829,0.977280479877456,0.97679025630992,0.978389536477133,0.978220320998961,0.977361255529037,0.979184017683633,0.978764192563889,0.97898195734279,0.979929231374091,0.979256631708822,0.979743506048091,0.979738889817446,0.981280432986962,0.981468679014895,0.981368301329002,0.982921371884068,0.982777495237521,0.983082658876084,0.984097716445431,0.984180403770922,0.984607743806743,0.984564260325831,0.985053409993993,0.985670419651996,0.985474984695865,0.985797774558995,0.985793930725095,0.986451289835948,0.986652535254717,0.986730464789484,0.986889379136464,0.987225226023755,0.987309753483387,0.987399951837054,0.98702640210111,0.987315962745842,0.986875407012664,0.986949929773321,0.987156537068844,0.987476979742173,0.98767930174136,0.98823717875369,0.988346744784846,0.988422728238061,0.988462618469233,0.988801660745874,0.988684041878959,0.989075147670094,0.989017383082406,0.988933994019156,0.988901255516201,0.988896489867895,0.989364636377926,0.989424000765159,0.989618650931716,0.989516459916235,0.989510394492504,0.989329626463117,0.989653500026944,0.989807832124769,0.989762265709646,0.989917680874192,0.990000460321161,0.990149055657786,0.9902638206503,0.990412590112456,0.990538998429299,0.990682988209104,0.990812539801216,0.990950983383525,0.991080050818498,0.991213301656175,0.991340282951112,0.991468854688792,0.991593027088795,0.991717351952386,0.991838396702594,0.991958798627429,0.992076593277427,0.992193311829762,0.992307833674349,0.992421051490497,0.992532329942514,0.992642193255405,0.992750285178668,0.992856917282147,0.992961893751214,0.993065403338268,0.993167342362974,0.993267828548055,0.993366811022125,0.993464366328512,0.993560473762415,0.993655185894099,0.993748499150306,0.993840452048384,0.993931050644879,0.994020325126071,0.994108286863626,0.994194961015639,0.994280361789892,0.994364511225418,0.994447424944387,0.994529122972787,0.99460962153432,0.994688939285135,0.994767092588196,0.994844099106235,0.994919975081012,0.994994737404422,0.995068402052638,0.995140985280532
"64",63,0.968189225852855,0.967766993758761,0.970212094100311,0.968830320378919,0.973777062929996,0.973400078523753,0.973686917033884,0.973421016577613,0.974233414946951,0.975447094665399,0.974915022002055,0.976632061412846,0.976449826205679,0.975500414037292,0.977479265925534,0.977022319493571,0.977262277951933,0.978298922111556,0.977535981057585,0.978091660553666,0.978092883084769,0.979776527308325,0.979977297679525,0.9798685968412,0.981549232872139,0.981374249499666,0.981671981996605,0.982820749907104,0.982861770554639,0.983310602700316,0.983259207839276,0.983794981848657,0.984436682149162,0.984185617836165,0.984528311213267,0.984516005811614,0.985205519225566,0.985432147672019,0.985496336911234,0.98569431290308,0.986054700437534,0.986112865955183,0.98620839500808,0.985796841293086,0.986101377885034,0.985619079283634,0.985696866471829,0.985928349210917,0.986270170140493,0.986499060570815,0.987105749375068,0.987228004781592,0.987304827023166,0.98734027355743,0.987704261148976,0.987571622178793,0.988000451191629,0.987934348763987,0.987843590651795,0.987812994062324,0.987820647428742,0.988337331610998,0.988406988201523,0.988614444763641,0.988503274501061,0.988490628082867,0.988305318919061,0.98866162905053,0.988835551848816,0.988787925948056,0.988955136084651,0.989044428097671,0.989204608374705,0.989328333657022,0.989488739526664,0.989625064940836,0.989780386300088,0.989920167109336,0.99006957831155,0.990208905061888,0.990352783227237,0.990489925889831,0.990628820644019,0.990762996157378,0.990897369699073,0.99102823047319,0.991158428534064,0.991285838760776,0.991412116300979,0.991536047907419,0.991658598648063,0.991779079952165,0.991898058486168,0.992015147590514,0.992130683893932,0.992244454395886,0.992356662817734,0.99246719595119,0.992576180629061,0.992683560884102,0.992789418965045,0.992893731633279,0.992996555183099,0.993097884985403,0.993197762125575,0.993296192453847,0.99339320804716,0.993488820556127,0.993583056629677,0.993675931028698,0.993767467044192,0.993857681003276,0.993946594038423,0.994034223159295,0.994120588037235,0.994205705861193,0.99428959524929,0.99437227328561,0.994453757775962,0.994534065541529,0.994613213720312
"65",64,0.965626622065863,0.965140669532418,0.967828566682356,0.966290509259259,0.971672997053708,0.97121804407237,0.971528454737974,0.971251432146717,0.972129686107071,0.973442654836803,0.972858921900018,0.974694153430213,0.974525070870586,0.973466894698265,0.975614041252328,0.97512471501772,0.975379254803346,0.97652318535988,0.975676382856246,0.976303901437372,0.976306634243106,0.978137703816764,0.978346199453089,0.978232377913271,0.980055210167639,0.979845531445384,0.980136442963668,0.981413686285553,0.981417396236869,0.98188745022069,0.981827151332184,0.982421209496324,0.983078448313618,0.982770036184464,0.983138173302108,0.983115853374139,0.983841506739638,0.984089431602651,0.984149486626332,0.984372444164832,0.984774021819425,0.984797914873041,0.984898305760869,0.984445877496128,0.984771221978889,0.984238853527895,0.984317519829871,0.984579246358579,0.984952896962555,0.985199982264249,0.985865595988591,0.986005288263275,0.986076187543833,0.986106598848218,0.986499486980505,0.986347120216467,0.986820329641528,0.986744602655064,0.986641081296465,0.986620591434134,0.986640675592606,0.987211814122007,0.987295537557567,0.987512413183636,0.987392825663079,0.987373828471656,0.987180056632058,0.987574475537,0.987766150496008,0.987717293968575,0.987896811096581,0.987993176239543,0.988165939125849,0.988299397382812,0.988472444508978,0.988619544723445,0.988787179220285,0.988938076739393,0.989099408643425,0.989249887691259,0.989405319701449,0.989553511077491,0.989703631786138,0.989848686810292,0.989993990869342,0.990135530513917,0.990276387233858,0.990414261067607,0.990550942035851,0.99068511604623,0.990817826931672,0.990948328142586,0.991077232526876,0.991204120285865,0.991329355312156,0.991452705859941,0.991574391930767,0.99169428990954,0.991812536529931,0.991929070245399,0.992043979497642,0.992157238260409,0.992268906862794,0.992378979499169,0.992487500030477,0.992594474057004,0.992699935693417,0.992803896870073,0.992906385838233,0.993007417938128,0.993107017803156,0.993205202506029,0.993301994363483,0.993397411219778,0.993491473831491,0.993584200266455,0.993675610163343,0.993765721503559,0.993854553068765,0.993942122580996,0.994028448121074
"66",65,0.962835597008072,0.96230247632703,0.965236549391201,0.963548273263965,0.969375912545393,0.968853611976289,0.969187475510277,0.968909765655412,0.969845041668061,0.971261223570302,0.970636165175414,0.97260554620619,0.97241915120909,0.971256460054643,0.973588079486825,0.973051519154557,0.973336729436691,0.974593364609377,0.973640964964175,0.974354021804447,0.974355198384314,0.976363045463221,0.976580654286811,0.976454752844185,0.978430087163425,0.978175369345404,0.978448801824718,0.979884339578996,0.979837736141291,0.980336801727924,0.980258763140316,0.980920473337199,0.981592630364637,0.981227085823087,0.98161571675979,0.981577941949712,0.982349354258027,0.98262181473374,0.98266309570053,0.98293248534549,0.983371280923022,0.983361250697934,0.983467805963933,0.982965467725873,0.983314002678276,0.982725569406388,0.982814443862884,0.983102576126815,0.983508575540719,0.983785218685234,0.984512969913218,0.98466443061393,0.984732482550289,0.984754297621115,0.985181015906886,0.985005781050326,0.985527097013127,0.985439995448813,0.985326017140445,0.985314255446923,0.98534848786243,0.98597785854869,0.98607858549353,0.986302104867803,0.986176668395481,0.986147621276026,0.985950657538497,0.986378852591481,0.986593170207045,0.986542431170701,0.986735524323615,0.986839533260861,0.987025895512387,0.98716987490235,0.987356589150942,0.987515340579544,0.987696292055421,0.987859214722754,0.988033443749257,0.988195990739469,0.988363927441309,0.988524078958585,0.988686353851355,0.988843190092971,0.989000332733766,0.989153440494511,0.989305845518371,0.989455058371779,0.989603015182364,0.989748292515679,0.989892019543139,0.990033386810334,0.99017305720154,0.990310574932533,0.99044633342942,0.990580080565874,0.990712053969044,0.990842118687207,0.990970422161508,0.991096896747089,0.991221637571093,0.99134461553975,0.991465895326218,0.991585469807604,0.991703385822751,0.991819648662124,0.991934294617979,0.99204733588745,0.992158802427408,0.99226871017159,0.992377085177551,0.992483945293362,0.992589314089053,0.992693210282123,0.992795655775793,0.992896669560389,0.992996272351887,0.993094483075302,0.993191321541983,0.993286806422449,0.993380956792263
"67",66,0.959806443175378,0.95920703911799,0.962409439039536,0.960564063194472,0.966874894813436,0.966281068345532,0.966624554522656,0.966349643923731,0.967355394038966,0.968885092283399,0.968200309877126,0.970309578883995,0.970123644463844,0.968843884024463,0.971385562592387,0.970799530522487,0.971112181030332,0.972491582090973,0.971421651731654,0.972232071001255,0.972241193188077,0.974427645788337,0.974651698695588,0.974521633844212,0.976659298765032,0.976360558569918,0.976620160480466,0.978217061702332,0.978117872607675,0.978638618810477,0.978540831394206,0.979265689738669,0.979966625642194,0.979530731586815,0.979953331819026,0.979897852017203,0.980706354102406,0.981010186662501,0.981039081318003,0.981345510569489,0.981825020485472,0.981783095832371,0.981894168002929,0.981349096263417,0.981720059302226,0.98107251922545,0.981165011596065,0.981488178956533,0.981924613686246,0.98223135870063,0.983026263918538,0.983194250715523,0.983261949551291,0.983278513139774,0.983733380981689,0.983534038895501,0.98410965900432,0.984008013881187,0.983881487181954,0.983875955129853,0.983932955066586,0.984626661164996,0.98474439246488,0.98497685013857,0.984840744542684,0.9847996199905,0.984600880429916,0.985067839681384,0.985308044010164,0.985254474177604,0.98546274961243,0.985575068270616,0.985776203495293,0.985931611439539,0.986133171233055,0.986304579148333,0.986499997495748,0.986675984625875,0.986864226523356,0.987039886513236,0.987221411874716,0.987394561356759,0.987570046177718,0.987739688045672,0.987909699737688,0.988075383599786,0.988240344248716,0.988401886239383,0.988562104545506,0.988719456818467,0.988875165017952,0.989028351258999,0.989179732832907,0.989328814794856,0.98947602268306,0.989621082181325,0.989764250078029,0.989905379068768,0.990044628230616,0.990181923264932,0.99031736655908,0.990450925663479,0.990582669963878,0.990712590886564,0.990840738496293,0.990967117729534,0.991091767233493,0.991214699479286,0.991335946265107,0.991455524154703,0.991573460740721,0.991689774699562,0.991804490950515,0.991917629146315,0.992029212423534,0.99213926076168,0.992247796034822,0.992354838180462,0.992460408116441,0.992564525531382,0.992667210569549
"68",67,0.95651308471401,0.955863478902834,0.959362356010524,0.957319565451221,0.964154237751646,0.963484440439498,0.963863127598337,0.963558330081935,0.964660681679854,0.96630323396634,0.965562394776458,0.967831126252985,0.967627074349928,0.966229009529131,0.968980939118646,0.968341305030898,0.968703695090268,0.970194422898414,0.969026305000948,0.969919186761117,0.969939786938397,0.972322653035781,0.972561431905234,0.972409827439365,0.97471743010113,0.974370956519933,0.974610924626182,0.97638318162981,0.976227268490584,0.976774841503986,0.97665709886517,0.977468237317122,0.978181418482592,0.97767495920785,0.978121968935805,0.978059413287462,0.978904966343351,0.979237393148104,0.979256921314386,0.979612461004438,0.980135520053783,0.980052026286966,0.980178578536081,0.979579100425275,0.979973202266927,0.979261378147827,0.979363449393325,0.979725338262727,0.98019726216081,0.980532287815512,0.981404229707573,0.98159186890016,0.981652909215567,0.981656370960617,0.982150139017609,0.981920858321723,0.982554306336318,0.982439440756648,0.982297024664207,0.982304277248636,0.982379455323662,0.983147854898935,0.983282846870311,0.983523462651062,0.983376704990833,0.983324568501637,0.983122832160999,0.983632716543324,0.983895539943319,0.983840693022487,0.984064460044491,0.984185753071449,0.98440284972802,0.984570608406058,0.984788215145587,0.984973306615614,0.985184368980677,0.985374486494683,0.985577887631391,0.985767736270455,0.985963967944586,0.986151187332231,0.986340974409923,0.986524483627639,0.98670843418586,0.986887742383756,0.987066307948508,0.987241212154298,0.987414722062642,0.987585166365236,0.987753867561568,0.987919873500696,0.988083960426421,0.988245590852532,0.988405225103448,0.988562564723719,0.988717887245022,0.988871031895666,0.989022170333603,0.989171220978624,0.989318294051578,0.989463353403171,0.989606473488171,0.989747644103645,0.989886918770181,0.990024301988293,0.990159834916222,0.990293530273273,0.99042542181191,0.990555526732764,0.99068387425128,0.99081048389802,0.990935382014422,0.991058589225233,0.991180129964527,0.991300025244035,0.991418298154859,0.991534969693562,0.991650061940255,0.991763595650168,0.991875592090069
"69",68,0.952925999468805,0.952221773255458,0.956024626209323,0.953806790678376,0.961185341679122,0.96043946452535,0.960844333907276,0.960556603969225,0.961730819851378,0.963477883610404,0.962693270645796,0.965117566719575,0.964910418049104,0.963391982709128,0.966354959992288,0.965681427506579,0.966071377052018,0.967697669950874,0.966412774158025,0.967419796989584,0.967436363747696,0.970023050005374,0.970288139743694,0.970114876998945,0.972612524134237,0.972201327795402,0.972433348612606,0.974381726884572,0.974170515515592,0.974740799187846,0.97459793243584,0.975493440261611,0.976236127779823,0.97564767809977,0.976124045190505,0.976040392357481,0.976934953809528,0.97730407784793,0.977296480311289,0.977709636027431,0.978290955063324,0.97815901365152,0.978290954331325,0.977644816015007,0.978059249229313,0.977280808696536,0.977390337609371,0.977793900756458,0.97830206311552,0.978679443364828,0.979625848583135,0.979833489960424,0.979889373520235,0.979878065587984,0.980411204031698,0.980153615922427,0.980849566258673,0.980716989043242,0.98055664378545,0.980576135749081,0.980677040492176,0.981527019963856,0.981686413328718,0.981934154748227,0.98176974463299,0.981706082259665,0.9815021157494,0.982055103292379,0.982346831172404,0.982291263567177,0.982531509329205,0.982662529073635,0.982896918505773,0.98307805870052,0.983313052712213,0.983512972297306,0.983740989182199,0.983946422695413,0.984166257075153,0.984371488769272,0.984583666780822,0.984786144409519,0.984991443705896,0.985189995394611,0.985389067962175,0.985583158865982,0.985776487988185,0.985965894275296,0.986153831513909,0.986338488382914,0.986521296486501,0.986701223005847,0.986879108161247,0.98705436823049,0.98722750128411,0.987398182608807,0.987566712236444,0.987732914726848,0.987896975374534,0.988058804650436,0.988218521255759,0.988376084984769,0.988531575769655,0.98868498160203,0.988836359727457,0.988985714139013,0.989133088693637,0.989278496347972,0.989421972948601,0.989563536357119,0.989703217523405,0.989841036876221,0.989977022273996,0.990111195368774,0.990243581976814,0.990374204203537,0.990503086435467,0.990630250792916,0.990755720592619,0.990879517722601,0.991001664643762
"70",69,0.949050359119436,0.948278150970448,0.952410351391676,0.950013677849345,0.957967248776361,0.957159226434067,0.9575589585132,0.957277343274666,0.95854474792184,0.960433358953032,0.959587274290628,0.96218921280483,0.961970349115256,0.960320299386368,0.963514591533492,0.962778784905284,0.963207197838127,0.964990366376413,0.963575501404215,0.964705642890582,0.964722093425719,0.967544842694424,0.96782973901691,0.967627347858753,0.970312803118037,0.969847054434848,0.970053835800808,0.972202270970289,0.971924861499555,0.97251613377512,0.972350135361609,0.9733327921419,0.974104510006437,0.973428176714382,0.973936926209042,0.973834579417348,0.974773821683934,0.975175362651731,0.975158406758688,0.975617987701983,0.976258302055974,0.976088545074049,0.976230598669623,0.975527712738387,0.97596575449299,0.975121149041065,0.975235741692138,0.975685171729373,0.976232740116005,0.976647053802433,0.977683865234548,0.977916183774259,0.977965381900019,0.977935332417481,0.978509925977496,0.978213767467748,0.978981850589525,0.978829964173069,0.978652458972132,0.978685095856256,0.978816821516303,0.979750940221996,0.97993566198158,0.980188101097225,0.980013436961925,0.979934351362923,0.979731066879147,0.980328645247499,0.980649002188408,0.980590592267158,0.980849625575437,0.980991123211469,0.981244142567736,0.981439701811117,0.981693434961922,0.981909339070391,0.982155636737367,0.982377588079259,0.982615149189087,0.982836978541998,0.983066365863851,0.98328531395403,0.983507361657774,0.983722158255417,0.983937565318941,0.984147627820279,0.984356911447809,0.98456199320347,0.98476552861795,0.984965554922258,0.985163621622384,0.98535860857228,0.985551425127458,0.985741437459042,0.985929184415882,0.986114312784913,0.986297146887948,0.986477495325849,0.986655558093796,0.986831236979223,0.987004659804094,0.987175781896373,0.987344689058769,0.987511367257391,0.9876758777116,0.987838223797946,0.987998452236775,0.988156576177877,0.988312633677651,0.988466643252455,0.988618637673768,0.988768638284613,0.98891667453099,0.989062769121356,0.989206949315111,0.989349238348147,0.989489661957787,0.989628243429381,0.989765007368435,0.989899976839701,0.990033175548488
"71",70,0.944820343560123,0.944013432144511,0.948496772296361,0.945888995447976,0.954471076435706,0.953571698922561,0.954017933494588,0.95373006833713,0.955089162920245,0.9571055240155,0.956228070175439,0.958983332977656,0.958770761718952,0.956972777274943,0.960426121435055,0.959646520263199,0.960102637649356,0.962054210608131,0.960491074884275,0.961760743287516,0.96178845775064,0.964842903575298,0.965148400780299,0.964917640469462,0.967812492232744,0.967286236341489,0.967458020372771,0.969815423046676,0.969473399214837,0.970084079944866,0.969889082092212,0.970975441574285,0.971763430096763,0.970990434323716,0.97153630455248,0.971424484984785,0.972414324516962,0.972843308417076,0.972805395409551,0.9733356684691,0.974038035333601,0.973818518985437,0.973972591994101,0.973218986867076,0.973670314196028,0.972752508468191,0.972875669219856,0.973378014833012,0.973969799285977,0.974431933534271,0.975562491321908,0.975819267905068,0.975853836895315,0.975807411714218,0.976426224209449,0.976093073168178,0.97693603420723,0.976762207467287,0.976564545069464,0.976612786389883,0.976778879880653,0.977807463125009,0.978023072660827,0.978280077754751,0.978087213278645,0.977989002003046,0.97779102561999,0.978434649323555,0.978786601918946,0.978732319705167,0.97900813363549,0.979160979339387,0.979434161493564,0.979645326150388,0.979919340709227,0.980152546615469,0.980418633703763,0.980658468178451,0.980915223586321,0.981155026940338,0.981403052966027,0.981639841795209,0.981880033594713,0.982112431061248,0.982345538298327,0.982572909931125,0.982799486361058,0.983021560637353,0.983242006936979,0.983458698259247,0.983673311905116,0.98388463298844,0.984093645803411,0.984299662130038,0.98450326501348,0.984704070278957,0.984902428565063,0.985098131113446,0.985291393835484,0.985482109053252,0.985670414451804,0.985856260470992,0.986039739250259,0.986220834517888,0.986399611772008,0.986576073682069,0.986750270042489,0.986922214176241,0.987091946504921,0.987259486220479,0.987424868038824,0.987588114261498,0.98774925602558,0.987908317153506,0.98806532643972,0.988220308315547,0.988373289953902,0.988524295874092,0.988673352050684,0.988820482796031,0.98896571313716
"72",71,0.940284219386997,0.939422817299598,0.944268077601411,0.941436186707225,0.950699800057127,0.949716762450794,0.950171343891822,0.949902673906362,0.951356663888232,0.953503007418703,0.952559771156812,0.955518851152174,0.955301293324132,0.953365141250848,0.957062804744924,0.956236628687994,0.956743630120093,0.958849366359447,0.957162300102075,0.958563758605679,0.958593654293765,0.961927337108409,0.962243486685528,0.961964080956937,0.965082674619618,0.964498561446773,0.964643141383568,0.96721191092508,0.966794685241287,0.967426027755957,0.967191496617973,0.968391860737078,0.969205887816765,0.968338127334392,0.968922856057087,0.968783532302461,0.969827805150607,0.970298354368283,0.970239499338067,0.970833682993464,0.971615179982085,0.971343076456048,0.971509876269791,0.970696797279218,0.971168490221358,0.97017063122623,0.970303619886335,0.970860268523123,0.971503320034883,0.972007872578402,0.973238993508787,0.973526677821156,0.973550820381003,0.973479972796979,0.974146205705783,0.973765858075059,0.974695902903507,0.974500131321983,0.974275992857521,0.97434278680333,0.974549840288705,0.975682798547426,0.975931956428239,0.976190981792854,0.975981146535553,0.975861268741235,0.975670931487591,0.976362091979129,0.976748237787925,0.97669384540957,0.976990000306489,0.977155051256568,0.977449916337015,0.977677865800951,0.977973698521384,0.978225521337597,0.978512906815919,0.978771992525892,0.979049415442007,0.979308576901691,0.979576681617854,0.979832694041895,0.980092440878879,0.980343812356813,0.980596005108864,0.980842044963329,0.981087276340896,0.981327685889549,0.981566383603681,0.981801065146186,0.982033545675485,0.98226250792046,0.982489017015424,0.982712325895997,0.982933065270728,0.983150817415986,0.983365961330644,0.983578269401346,0.983787974667008,0.983994959126925,0.984199371054356,0.984401155517126,0.984600411432593,0.984797120025942,0.984991351349572,0.985183107228634,0.985372440710564,0.985559365229431,0.985743923694787,0.985926135956227,0.98610603876424,0.986283655386938,0.986459018723789,0.986632153734643,0.986803090809466,0.986971855607617,0.987138476791918,0.987302980153733,0.987465393087551,0.987625741194775,0.987784050873112
"73",72,0.93535168755145,0.934437167488982,0.939695263220199,0.936645115175932,0.946573387084124,0.945523654993164,0.945983419509518,0.94577130363335,0.947310233247944,0.949619398885663,0.948609876856671,0.951765825679568,0.951535819784337,0.94944114870456,0.95344211906161,0.952538247566064,0.953097188537644,0.955392472851688,0.95354252342591,0.955107519712688,0.955150312063658,0.958757779855069,0.959097341631541,0.958779740183915,0.962114531229056,0.961456922845458,0.961571505637733,0.964376921027494,0.963866934131509,0.964527412598629,0.964243175283035,0.96556730480988,0.966411300526836,0.96543382522936,0.966061855898707,0.96590772852612,0.966992671580829,0.967499017424342,0.967428574348597,0.968085317657339,0.968948367410682,0.968625124006787,0.968807659144824,0.967943531032108,0.968427524551754,0.967350772478957,0.967497443116637,0.96811597483992,0.968804718121543,0.969365147900932,0.970705015304116,0.971023493036653,0.971034812395443,0.970940033715983,0.971652446874597,0.971225036318765,0.972246009016928,0.972020120857228,0.971772504209574,0.971856479422443,0.972109320252278,0.973359515944146,0.973646281793545,0.973905568582269,0.973675214419624,0.973532102549401,0.973347228978935,0.974094367140999,0.974515222733432,0.974466629230615,0.974781829907554,0.974960056219453,0.97527831057982,0.975524366230598,0.975843736005912,0.976115645169687,0.976426013469936,0.976705876259231,0.977005608365771,0.97728566903429,0.977575454458571,0.977852227692273,0.978133096754825,0.978404966244394,0.978677780855242,0.97894399500208,0.979209389636303,0.979469620173821,0.97972805145856,0.979982187354937,0.980233992026735,0.98048203740472,0.980727476002815,0.980969497029279,0.981208782703048,0.981444878929314,0.981678195341575,0.981908483852104,0.982135995983327,0.982360602494654,0.982582463067289,0.982801516889888,0.98301787016438,0.983231501344998,0.983442485362271,0.983650823068845,0.983856570982282,0.984059742600995,0.984260383477235,0.984458514118968,0.984654173429529,0.984847385671958,0.985038185605006,0.985226599370318,0.98541265903771,0.9855963915482,0.985777827131394,0.985956992909625,0.986133917769707,0.98630862866395,0.986481153430406
"74",73,0.930028201250664,0.929064694719956,0.934744201781754,0.93145408071426,0.94213757935269,0.941000994365264,0.94146248450758,0.94127796014963,0.942921096810296,0.945396572339578,0.94431816616385,0.947711543352833,0.947436113962039,0.945213088264997,0.949483662618647,0.948546497842272,0.949134557237886,0.951629817355589,0.949642304617333,0.95136364979464,0.951426576681406,0.955319861167392,0.95568448957135,0.955323488100812,0.958897120970996,0.958162801273306,0.958223057002191,0.961272264983615,0.960684417308561,0.961354877256104,0.96103115205015,0.962475587917813,0.963357830452334,0.962259208991118,0.962936131429506,0.962756308695552,0.963898264904101,0.964440407218265,0.964349781860553,0.965084012960036,0.966046721681652,0.96565927249268,0.96586435775379,0.964940452294928,0.965433461192741,0.964272374843837,0.964431966375666,0.965122361443068,0.965853791790081,0.966481631540285,0.967938216709572,0.968289137583087,0.968284458976193,0.968156151144953,0.968928145142039,0.968437839976263,0.9695634015678,0.969306688132153,0.969033375894275,0.969141516663966,0.969447808669497,0.970820668693009,0.971148682247638,0.971405557792992,0.971154335407174,0.970983727330337,0.970811847007239,0.971610503987889,0.972071621405411,0.972028851634205,0.972364805354805,0.972557219802044,0.972900651840492,0.973166200183005,0.973510912520085,0.973804452734558,0.974139575888415,0.974441822107663,0.974765592916598,0.975068177478947,0.975381333675125,0.975680490528954,0.975984137389861,0.976278115925109,0.976573177560391,0.976861160197959,0.977148315704977,0.977429941943731,0.977709678753537,0.97798482284072,0.978257499180784,0.978526159950557,0.978792051969272,0.979054295504494,0.979313628356294,0.979569557033032,0.979822524204211,0.9800722595611,0.9803190345352,0.980562707647299,0.98080345084191,0.981041196867175,0.981276059731909,0.981508014813926,0.981737142249767,0.981963441763861,0.982186973558352,0.982407751127992,0.982625822816089,0.98284120977239,0.983053953162975,0.98326407825941,0.983471621767288,0.983676611041423,0.983879079906102,0.984079056625865,0.984276573064267,0.984471657722681,0.984664341043138,0.984854651380628,0.985042618074
"75",74,0.924261608232234,0.92324937359884,0.929404827092372,0.925869316010699,0.937344181821696,0.936111059967227,0.936592926588699,0.936433454299941,0.938225942508598,0.940802524092904,0.939698795180723,0.943295734776962,0.943029926244101,0.94063263010617,0.945226707991557,0.944220221463314,0.944866040731619,0.947551312419589,0.94539233471881,0.947329279496041,0.947377685736474,0.951594750389023,0.951997933808066,0.951573638608462,0.955399724156267,0.954583363118641,0.954593833030881,0.957891766243604,0.957210616611162,0.957906552546654,0.957513661202186,0.959099442144084,0.960019970562872,0.958794560730293,0.959516074135957,0.959321416648964,0.960510617990933,0.961094509872854,0.960981720596939,0.961804930718013,0.962867570500104,0.962428237295343,0.962647194940094,0.961657537508931,0.962164826592777,0.96091962506458,0.96108734402852,0.961854834537585,0.96264756466129,0.963333265896538,0.964920541494997,0.965308122136596,0.965285783076272,0.965121560480961,0.965943978047654,0.965396968372053,0.966631335640492,0.966344365935292,0.966033352792138,0.966168270186226,0.966533484946874,0.968045009505181,0.968424406563645,0.968674174001051,0.968395908315033,0.968197643916631,0.968044418166365,0.968893143429717,0.96940215116856,0.969361265583656,0.969721766587071,0.969929432259759,0.970299912660376,0.970586403824081,0.970958347086992,0.971275134532999,0.971636867316056,0.971963179092398,0.972312800537126,0.972639611904994,0.972977911138467,0.973301154149304,0.973629316521835,0.973947095848273,0.97426611187392,0.974577538597085,0.974888134922226,0.97519281346683,0.975495510241638,0.975793298615355,0.976088476790257,0.976379367740975,0.976667319875324,0.9769513790095,0.977232342803626,0.977509675162517,0.977783854312479,0.978054585865417,0.978322162654304,0.978586429892217,0.978847572678089,0.979105516712619,0.979360384351266,0.979612147559249,0.97986089201375,0.980106616133544,0.980349384020379,0.980589209081107,0.980826142595496,0.981060206325665,0.981291443805444,0.981519881317881,0.981745557597082,0.981968501233175,0.982188747873215,0.982406327138879,0.982621272588381,0.982833614142685,0.983043383855526,0.983250611529382,0.983455328058114
"76",75,0.918067501503229,0.916990533134031,0.923619047619048,0.919851307856204,0.932140064297506,0.930838230745438,0.931313926042486,0.931205687096835,0.933123028391167,0.935878813031749,0.93470390913016,0.938537007646804,0.93825918762089,0.935671462829736,0.940603302409709,0.93954816636978,0.94025269273988,0.943146025780154,0.940826299422479,0.942951552553574,0.943030009121664,0.947591092453511,0.948005719988066,0.947508189730369,0.951589973125923,0.950691605045672,0.950645437824071,0.954204842669405,0.953442205989547,0.95413293165129,0.953690070688203,0.955422374429224,0.956388023020903,0.95501928806437,0.955797679740933,0.955573906928432,0.956818138660489,0.957435174080817,0.957300409916065,0.958221887135668,0.959385695480474,0.958893109555729,0.959136754262345,0.958093690534733,0.95860288612954,0.9572621068298,0.957438630040889,0.958288268633576,0.959143008446052,0.959899771141211,0.961634246483139,0.962054853093885,0.962010068391294,0.961805897084749,0.962686376400904,0.962071901541753,0.963421073249829,0.963099240977943,0.962756028250508,0.962919569742369,0.963351783536447,0.965015895194456,0.965448591787296,0.965694466167807,0.965383668314433,0.965154800857209,0.9650170080193,0.965928229973697,0.966481118189528,0.966446106870909,0.966831062814795,0.967055092828921,0.967454582745436,0.967763538047684,0.968164694641084,0.96850642707282,0.968896719095907,0.969248865673996,0.969626244704244,0.969979076196964,0.970344385961305,0.970693510239684,0.971048021425939,0.971391387418303,0.971736161267083,0.972072802992806,0.972408616687466,0.97273810042212,0.973065508761831,0.973387674588947,0.97370708246192,0.974021916119345,0.974333633260646,0.974641199383908,0.974945476532079,0.975245882580963,0.975542933973515,0.975836310247367,0.9761263272061,0.976412815598719,0.976695974609521,0.976975722227159,0.977252189711577,0.977525345239415,0.97779528036848,0.978061992005519,0.978325548364904,0.978585962659093,0.978843289243568,0.979097550445341,0.979348792262596,0.979597041977435,0.979842340424615,0.980084717438153,0.980324210546149,0.980560850748733,0.980794673349384,0.981025709717842,0.981253993566075,0.981479556178229,0.98170243004769
"77",76,0.911419679195595,0.910279415534478,0.917400282577981,0.913361868908257,0.926520957050982,0.925138675243556,0.925607567735218,0.925609884887528,0.927613507836484,0.930525502318393,0.929288262147227,0.933397306038313,0.933091853471843,0.930347273777118,0.935620323340437,0.934477088697918,0.935250824039373,0.938395603434452,0.935885919604761,0.938247280775148,0.938336661727759,0.943246255404098,0.943700010387452,0.943113967475085,0.94744812343961,0.946472300958331,0.946369410429594,0.950192644483362,0.949325148215112,0.9500402638707,0.949507389162562,0.951403132754104,0.952407271858148,0.950902873074996,0.951743462017435,0.951486201040962,0.952784626296059,0.953442193260569,0.953284197538881,0.954297373119102,0.955598322908791,0.955040273370759,0.955309918583229,0.954207628218064,0.954721826759345,0.953276267276138,0.95346997408059,0.954411860753706,0.9553214604431,0.956159916030964,0.958042211528877,0.958514222130713,0.958433280499072,0.958182775811173,0.959133536484539,0.958440572448089,0.959923754888797,0.959560383603497,0.959175273291052,0.959375197875113,0.959886685552408,0.961710487026764,0.96220395738204,0.962434790800645,0.962096281021119,0.961825352360237,0.961715639760179,0.96268662446793,0.963289396805276,0.963265345188985,0.963674285785466,0.963915875400109,0.964346469592019,0.96467951269447,0.965111997031374,0.965480484932997,0.965901415014605,0.966281282790837,0.966688452547657,0.967069216103986,0.967463527373399,0.967840446687584,0.968223261139134,0.968594117659599,0.96896657188738,0.969330316487524,0.969693241413111,0.970049398955767,0.970403386099068,0.970751776961413,0.971097256456789,0.971437858394642,0.971775157980515,0.972108034143239,0.97243741813273,0.972762678146835,0.973084371683227,0.973402150081112,0.973716353789856,0.97402679786396,0.974333696567761,0.974636959471491,0.974936727336349,0.97523296415153,0.975525767719833,0.975815133217768,0.976101133201196,0.976383780576302,0.976663132924362,0.976939213088175,0.977212069634748,0.977481730833377,0.977748239697717,0.978011627316073,0.978271933160942,0.978529189634766,0.978783433841343,0.979034698631332,0.979283019425514,0.979528429027071,0.979770961577246
"78",77,0.90423547294963,0.90304781923279,0.91074669837892,0.906437946256629,0.92045165843331,0.918982897571615,0.919479995968961,0.919528949950932,0.921679598356915,0.924741953747659,0.923489096573209,0.927868069784559,0.927517187529757,0.924604337631887,0.930219770473775,0.929044967880086,0.92986417826188,0.933232463058945,0.930573683883398,0.933155320872461,0.93325277633926,0.93854817663622,0.939027083198026,0.938363287128228,0.942983466126284,0.941906562246827,0.941740450548667,0.945831963010969,0.944864834972395,0.945568588539637,0.944960098640271,0.947031872344318,0.948086769717821,0.946408961124533,0.947316566488204,0.947029029163041,0.948378480387887,0.949083893117317,0.94890531229162,0.950023175286965,0.951452351505833,0.950837155438075,0.951132818493326,0.949976967991733,0.950488583591331,0.94894364136478,0.949153309789007,0.950193183122298,0.951173748511073,0.952095503932724,0.954137626386571,0.954655034408938,0.954543166603367,0.95424104672831,0.955258701947889,0.954477302322142,0.956104306754738,0.955691087901197,0.955268221123012,0.955504995760847,0.956104223795473,0.958105394596966,0.958670495653141,0.958882292408771,0.958509527498538,0.95819308388915,0.958116111541662,0.959145150073409,0.959800920874032,0.959789274396016,0.960223513959712,0.960483863273517,0.960947683896767,0.961306463629393,0.961772427532151,0.962169516234241,0.962623206218052,0.963032723228826,0.963471764450757,0.963882419306632,0.964307774905393,0.964714455349343,0.965127583462313,0.965527891297293,0.965930008367461,0.966322804904863,0.966714798655595,0.967099563806311,0.967482064401151,0.967858596813534,0.968232060783817,0.9686003290432,0.96896510279584,0.969325167850654,0.969681529645492,0.970033502850325,0.970381688937222,0.970725708783719,0.971065929195503,0.971402148201933,0.971734596149268,0.972063173407255,0.972388030825448,0.972709127746608,0.973026568563334,0.973340346453585,0.973650538518421,0.973957157202358,0.974260263434429,0.974559880485072,0.974856059565103,0.975148829883271,0.975438236680506,0.97572431227627,0.976007098121126,0.976286628012003,0.976562940878913,0.97683607105542,0.977106055693269,0.977372929123211,0.977636727155073
"79",78,0.896515651404201,0.895364390262544,0.903542591110788,0.898941289701636,0.913918755514886,0.912398012391878,0.912882405719082,0.913024415641356,0.915293505141221,0.91853410919896,0.917230008244023,0.921857075376206,0.921503024063827,0.918412620162682,0.924381737476221,0.923170824750134,0.924048765193013,0.92766694647354,0.924814105550092,0.927677840690819,0.927781350482315,0.933488537025331,0.934000936987585,0.933223561317818,0.938135725835898,0.936954211805513,0.936702036134213,0.941087351744438,0.939996522130502,0.94072426441895,0.939991379148785,0.942253316899877,0.943371039134406,0.941532824947812,0.942495191351065,0.942186088527552,0.943588051352158,0.944317677146664,0.944138255946995,0.945344144381697,0.946932387611814,0.946271259131144,0.946584595046785,0.945383125269049,0.945876474561156,0.944223716381418,0.944452332594591,0.945606494746896,0.946651310106536,0.947668965976504,0.949886884483118,0.950464651459892,0.950307967415061,0.949940496756113,0.951025638644616,0.9501588535732,0.951939099320982,0.951470234690409,0.951004288421263,0.951280141118526,0.951977824393167,0.954178260316075,0.954816399764529,0.955001929269234,0.954596838702427,0.954236469432866,0.954196489078267,0.955281916403903,0.956000529975287,0.956003574778936,0.956464405512674,0.956744875732665,0.95724428026444,0.957630621092866,0.958132437651805,0.95856015891943,0.959048941772282,0.959490225423403,0.95996342071706,0.960406113918045,0.960864750193282,0.961303341932248,0.961748980133814,0.962180879401603,0.962614820996123,0.963038792697999,0.963461985783265,0.963877461194532,0.964290576882951,0.964697330900636,0.965100853568966,0.965498844494384,0.965893140126618,0.966282426106332,0.96666778749027,0.96704848130173,0.967425156181549,0.967797400144274,0.968165608236035,0.968529560066893,0.96888950318201,0.969245327947378,0.969597195969073,0.969945061487062,0.970289035889635,0.970629110103742,0.970965366028535,0.971297815514492,0.971626523002283,0.971951512128555,0.97227283686027,0.972590527326307,0.972904631077568,0.973215181670547,0.973522222599728,0.973825789077662,0.974125921917053,0.974422656964905,0.974716033155378,0.975006086383265,0.975292854175911
"80",79,0.88822695035461,0.887053330939127,0.895842226585845,0.890955947491343,0.906880733944954,0.905300050067949,0.905799293998991,0.906018136850783,0.90845514302008,0.911826611297571,0.910473519577176,0.915442309668139,0.91500890917523,0.911755803394724,0.918124468703861,0.916843572424145,0.917787835575671,0.921702501447366,0.918619653758016,0.921740590770838,0.921889911230351,0.928036605657238,0.928598569328113,0.927684395383843,0.932883517461259,0.931592558605156,0.931259290166115,0.935945326948279,0.934721104082806,0.935445958298872,0.934591168874275,0.93707004845367,0.938218515204864,0.936215582021175,0.937249932108265,0.936903242838914,0.938369304556355,0.939131376583992,0.938919901337141,0.940257578759659,0.942009210301893,0.941296514053788,0.941640460631473,0.940389108456886,0.940863621800577,0.9390970714142,0.939335853131749,0.940621789460597,0.941731616508322,0.942857839075978,0.945266862170088,0.945893523687089,0.945703076246859,0.945259809230801,0.946421528473044,0.945443618720959,0.94739764183346,0.946871267778944,0.946354343677289,0.946678193286304,0.94749128170152,0.949896651508888,0.950621051667837,0.950782964698232,0.950327676983153,0.949916434926733,0.949924621681423,0.951074725838559,0.951848058606682,0.951872044774679,0.952358545856885,0.952660422456849,0.953197677410682,0.95361334164416,0.954153312791763,0.954613643239431,0.955139794761981,0.955614915857294,0.956124503113199,0.956601344793506,0.957095464916314,0.957568091261456,0.958048413630953,0.958514027598874,0.958981943295689,0.959439206295061,0.959895726866432,0.960344017524993,0.960789856895387,0.961228923976542,0.961664595409648,0.962094385449034,0.962520275030628,0.962940842406209,0.963357257665909,0.96376871591416,0.964175916123916,0.96457841091152,0.964976625403559,0.965370319279465,0.965759758346315,0.966144822059141,0.966525683388119,0.966902290920273,0.967274763380921,0.967643089107483,0.96800735498356,0.968367572053081,0.968723808365128,0.969076087785646,0.969424467083336,0.969768977216196,0.970109668062035,0.970446574351755,0.970779741625231,0.971109206466033,0.971435011563271,0.971757194244679,0.972075795217254,0.972390851915359,0.972702403573572
"81",80,0.879382889200561,0.878168264110756,0.8875449162407,0.882352941176471,0.89933128501717,0.897727751781122,0.8981550981709,0.898518985932222,0.901095439750814,0.904648627217762,0.903216748307385,0.908468852750378,0.908049848433816,0.904573837860917,0.911373330268434,0.910017060687302,0.9110092172367,0.915229043736768,0.911992200194995,0.915410262324645,0.915581917930239,0.92216621732505,0.922762177008015,0.921720093266647,0.927208181895022,0.925803425191216,0.925384052670081,0.930323736977708,0.929003377051755,0.929710572947431,0.92874429861305,0.931424892608585,0.932641660015962,0.93044031220833,0.931565593751555,0.931166421890701,0.932699987784136,0.933486741179049,0.933271202236719,0.934718511409129,0.936659216463543,0.935879170201026,0.936276763033749,0.934963974213121,0.935418909603513,0.933534285584453,0.933797754803212,0.935214692151094,0.936401568714866,0.93763317984741,0.940242679178127,0.940936344714033,0.940688840215569,0.940170252851907,0.941412764637113,0.94031750105602,0.942444108948773,0.94186312202585,0.941289191113575,0.941667971736787,0.942606227268695,0.945242362141259,0.946067471658668,0.946181280724866,0.945683930426258,0.945214882422825,0.945275596308808,0.946490069975613,0.947334240263602,0.947376914741907,0.94789278546511,0.948217513274667,0.948795127208392,0.949242058847781,0.949822716454091,0.950317826441573,0.950883841715689,0.951395067504162,0.951943493736369,0.952456788297292,0.952988795306887,0.953497769374663,0.954015141510085,0.954516777766603,0.955021001045455,0.955513849893103,0.956006002942184,0.956489386225805,0.956970228067037,0.95744386606031,0.9579139402191,0.958377766313475,0.958837479778339,0.95929154375903,0.959741219255173,0.96018563491579,0.960625543492661,0.96106045953672,0.96149084027587,0.961916423890675,0.962337495634793,0.962753923130551,0.963165891407054,0.963573342857371,0.96397640395222,0.964375060123109,0.964769403479405,0.965159444075027,0.965545253711784,0.965926856380506,0.966304311740023,0.96667765152042,0.967046927982963,0.967412177004663,0.967773446209581,0.968130773541784,0.968484203596046,0.968833775181597,0.969179530802788,0.969521509441771,0.969859752062894
"82",81,0.869913230645053,0.868657859467739,0.878743785619013,0.873253094518282,0.891235081276665,0.889553288779458,0.889922043768198,0.890467602164255,0.893249607535322,0.896920029518002,0.895444416030395,0.901050304035379,0.900518607912848,0.896904666192523,0.904109993213938,0.902722099184211,0.903777122957407,0.908313429385931,0.904836923076923,0.908563824731489,0.908776431238689,0.915816947203114,0.916456501006676,0.915290972067492,0.921053647985787,0.919571045576407,0.919007611291514,0.92425978217023,0.922834906441464,0.923489876146595,0.922376363443821,0.92529851774818,0.926575760465338,0.924170832477345,0.925377083884625,0.924954057865721,0.92652722271241,0.927341639450022,0.927116470737938,0.928684944282139,0.930817435413253,0.930011712766916,0.93042482940788,0.929084860289935,0.929513630521545,0.92750836951838,0.927777371758955,0.929343861985856,0.93060850411651,0.931954139444101,0.934791817744495,0.93555590783461,0.935248421539784,0.934649654830781,0.935958120818503,0.934748932410543,0.937067989554947,0.936413520632133,0.935781994271336,0.936217868951541,0.937295053885534,0.940178062778664,0.941107313242457,0.941178019431791,0.940637309684574,0.940094500904226,0.94022227817142,0.941502257957072,0.942416040550608,0.942476597711776,0.94302463751707,0.943373582812611,0.94399394509258,0.944474001763229,0.945097772680598,0.945629748259412,0.946238031795732,0.94678755294518,0.947377188558522,0.94792917393842,0.948501407394972,0.949048986783282,0.949605723137052,0.950145644835876,0.950688469692426,0.95121916542789,0.951749227559517,0.952269957966248,0.952788063287306,0.953298517444562,0.95380524067364,0.954305337079806,0.954801106496101,0.955290889143931,0.955776042729618,0.956255624795264,0.956730445249963,0.957199977797443,0.957664713720642,0.958124368024364,0.95857924652443,0.95902920398724,0.959474438124354,0.959914884499133,0.960350677663243,0.96078179973695,0.961208348223226,0.961630331918429,0.962047826448079,0.962460855743434,0.962869482369285,0.963273738694151,0.963673679347936,0.964069341251846,0.964460774083034,0.964848017064579,0.965231116657968,0.965610113086165,0.965985050608953,0.966355969698217,0.966722913006028
"83",82,0.8597292448214,0.858457730682961,0.869252240340826,0.863463795126665,0.882598759386223,0.880841263106855,0.881143373630098,0.881881036575711,0.884793992688469,0.888621646623497,0.887122623121237,0.893018891019626,0.892524260672778,0.888687586056961,0.896348401779249,0.89482617920679,0.896005466857178,0.900809296534551,0.897154494540929,0.901278911564626,0.901464435146443,0.90904048807543,0.909699239038531,0.908396946564885,0.91443305814391,0.912831914090356,0.912149829378621,0.917699627946978,0.916113710972969,0.91675776215105,0.915487799294969,0.918624510240108,0.920006501334128,0.917391528128056,0.91866383357217,0.918232096881854,0.919820642313159,0.920660008294941,0.920429826851127,0.922126212156424,0.924495027171127,0.923645589771653,0.924099223543781,0.922728736198178,0.923096917935388,0.920970209046544,0.92126350432854,0.922994689893272,0.924333928434145,0.925805596074791,0.928876791289729,0.929712558361344,0.929335398687025,0.928639162125823,0.930049381708362,0.928682129988687,0.931217098004603,0.930494240239985,0.929793506866498,0.930297083305136,0.931530866475962,0.934681636982043,0.935728963063199,0.935744251500186,0.935138768308735,0.934531833850552,0.934735188135586,0.936077568410793,0.937057292524627,0.937162532901799,0.937731979570437,0.938106629085195,0.93877233045446,0.939287523942084,0.939957033514002,0.940528129377574,0.941181277930152,0.941771458378033,0.942404859304679,0.942997946781244,0.943612925605158,0.94420153923115,0.944800128131911,0.945380766760645,0.945964656146308,0.946535624720375,0.947106036993319,0.94766653033178,0.948224320400267,0.948773993637776,0.949319768575713,0.949858523592812,0.95039273354,0.950920607398223,0.951443605806368,0.951960710269953,0.952472791493035,0.952979279399755,0.953480701442411,0.953976747696118,0.954467745757608,0.954953536479382,0.955434330948534,0.955910057252396,0.95638085840888,0.956846712824818,0.957307723602609,0.957763898024275,0.958215315640882,0.958662000154583,0.959104017078383,0.959541399302642,0.959974203834659,0.960402468555929,0.96082624518727,0.961245574167588,0.961660503806423,0.962071075690913,0.962477335813612,0.962879326095984,0.963277090854162
"84",83,0.849049049049049,0.84778895426077,0.859124482075302,0.853048110256193,0.87329232244148,0.871402145763966,0.871749002339342,0.872667820734757,0.875763016157989,0.879738708056502,0.878175760099958,0.884467014990966,0.883826150541566,0.879874457199364,0.887946501386397,0.886400369429693,0.887624051371862,0.892795229179669,0.888929124008296,0.893415741675076,0.893688309336231,0.901755404033077,0.902457970371192,0.900926983452416,0.907284768211921,0.905573579971914,0.904748770284558,0.910562032364712,0.908872315278966,0.909460000381221,0.908006693011499,0.911414139730275,0.912861384591342,0.910031952645296,0.911413539109085,0.910919192326836,0.912569157640458,0.913419478103474,0.913189664624118,0.915017379584309,0.91762858354635,0.916718458669981,0.917238851821112,0.915836543609015,0.916142084022222,0.913902952100088,0.914224078215608,0.916112730806608,0.917548312278401,0.919167800390556,0.922463105420769,0.923388976160472,0.922947574198786,0.922138180893663,0.923627320853739,0.922119748206705,0.924872838966931,0.924060919205531,0.923298366092003,0.923866703665397,0.925273552175073,0.928715111160347,0.929890909090909,0.929848449922,0.929183795732022,0.928485030239416,0.928773340186091,0.930173179918089,0.931244195997742,0.93137548169133,0.931978270334602,0.932380098793431,0.933093705565736,0.933646030598056,0.934363884613315,0.934976341616184,0.93567693942513,0.936310134948082,0.936989851745897,0.937626450794253,0.938286695384293,0.938918776817608,0.939561714618503,0.940185512665405,0.940812943832541,0.941426628364336,0.942039852175857,0.942642547384697,0.943242469624198,0.943833793737334,0.944421054786916,0.945000891130637,0.945575963357958,0.946144340716161,0.946707593057041,0.947264620784967,0.947816359057912,0.948362190982983,0.948902682294756,0.949437496300442,0.949966983580002,0.950490969944054,0.951009680522262,0.951523035219357,0.952031185872844,0.952534106720395,0.953031906634243,0.953524591076454,0.954012243588236,0.954494887427614,0.954972591060034,0.955445387738105,0.955913336817133,0.956376477013941,0.956834862045729,0.957288533464577,0.957737541372113,0.958181928631986,0.958621742910244,0.959057027500884,0.95948782832464
"85",84,0.83760896637609,0.836282142014626,0.848288207652719,0.842055584687992,0.863339275103981,0.861469484856803,0.861776192902021,0.862814744652301,0.866137682756594,0.870293172965216,0.868715083798883,0.875266777329855,0.874634119401337,0.870460424211071,0.879007036747459,0.877434766629915,0.878766825879288,0.88423908575187,0.880122751816028,0.885028520631158,0.885308960016939,0.893911750793972,0.894696189495366,0.892982348237899,0.89961663226187,0.897775780723433,0.896825609071217,0.902903742092828,0.901089449541284,0.901618761490516,0.899930827761125,0.903589421889396,0.905166105663691,0.902087364509666,0.903559461953091,0.903045982321599,0.904705621629608,0.905570110490944,0.905352004075619,0.907284061027537,0.910165240102402,0.90925,0.909826533578835,0.908392817244258,0.908631071858691,0.906255609405852,0.906601402301892,0.908673226128039,0.910194716211479,0.911953600813438,0.915538973479883,0.916542560957804,0.916015460492452,0.91507637017071,0.916665947922686,0.914978385035667,0.917992296390422,0.917090155503577,0.916240882600887,0.916896566359662,0.91848416335954,0.922246928642174,0.923558794885489,0.923440539059536,0.922720425701374,0.921931616415177,0.922319940901468,0.923779053354663,0.924942310027934,0.925106058159506,0.92574171107154,0.926172152240224,0.92693609227659,0.927527430890317,0.928296083491683,0.928952013882468,0.929702499692027,0.930380936820019,0.931109383884738,0.931791779029248,0.932499682896715,0.933177546870629,0.933867211743251,0.934536499675372,0.935209839869894,0.935868578510577,0.936526973005549,0.937174211134614,0.937818618137505,0.938453934034177,0.939085027913718,0.939708284283422,0.94032655976437,0.940937775610226,0.941543616911528,0.942142898013009,0.942736622026407,0.943324122241095,0.943906004680281,0.944481904044327,0.945052195021138,0.945616687230741,0.946175620450846,0.946728905665855,0.947276703833637,0.947818984530592,0.94835586252179,0.948887341104918,0.949413507831616,0.949934385261051,0.950450044773028,0.950960519783007,0.951465871924017,0.951966140583768,0.952461381388759,0.952951636862657,0.953436958804351,0.953917391228061,0.954392983376047,0.95486377980023,0.955329827929274
"86",85,0.835986200708087,0.834275616074273,0.83771881017357,0.83771881017357,0.844890754180558,0.846740501917494,0.848642870075788,0.848642870075788,0.85059136176121,0.852570435753812,0.852570435753812,0.856657644209222,0.856657644209222,0.856657644209222,0.858762110172945,0.860927969265601,0.860927969265601,0.863138205522492,0.863138205522492,0.865410748723703,0.863138205522492,0.867748769270224,0.870141043142549,0.870141043142549,0.875162508321791,0.875162508321791,0.877787991266524,0.877787991266524,0.880506610698341,0.880506610698341,0.883298163031401,0.883298163031401,0.886376590416257,0.886376590416257,0.889555136853269,0.889555136853269,0.893035471038722,0.893035471038722,0.893035471038722,0.893035471038722,0.89699986279511,0.89699986279511,0.900991340515282,0.900991340515282,0.900991340515282,0.900991340515282,0.900991340515282,0.900991340515282,0.905376607610245,0.905376607610245,0.909816361550071,0.909816361550071,0.909816361550071,0.909816361550071,0.909816361550071,0.909816361550071,0.91439413644355,0.909816361550071,0.909816361550071,0.909816361550071,0.909816361550071,0.914394136443549,0.91439413644355,0.91439413644355,0.91439413644355,0.91439413644355,0.91439413644355,0.91439413644355,0.91439413644355,0.91439413644355,0.915153938846041,0.915630135345869,0.916488438157408,0.917154375140595,0.918021639481439,0.918762160409135,0.919609793951693,0.920376246970384,0.921199373943219,0.92197060820692,0.922770814726956,0.923537197808404,0.924317056155168,0.9250740013229,0.925835657748021,0.926580922466519,0.927325921945095,0.928058419073678,0.928787832419348,0.929507073484811,0.930221651451296,0.930927469798744,0.931627760609206,0.932320166660423,0.933006594056026,0.933685696753171,0.934358608756625,0.935024571816949,0.93568427027103,0.936337287418024,0.936984045582246,0.937624326377099,0.938258399314979,0.93888616100391,0.939507791685483,0.940123254495284,0.940732677375752,0.941336061797953,0.941933504917468,0.942525030143719,0.943110716363391,0.943690599388879,0.944264747123295,0.944833202238458,0.945396025895178,0.945953264403391,0.946504974652132,0.947051204719101,0.947592008662075,0.948127435242093,0.948657536527097
"87",86,0.825147939470877,0.82341893933037,0.826900489884926,0.826900489884926,0.834168538156586,0.836045850875188,0.837979421482471,0.837979421482471,0.839962046351996,0.841977090485696,0.841977090485696,0.8461444727846,0.8461444727846,0.8461444727846,0.84829280159962,0.850506798517519,0.850506798517519,0.852767948016627,0.852767948016627,0.855095630086546,0.852767948016627,0.857493301834712,0.8599488141256,0.8599488141256,0.865114097802406,0.865114097802406,0.867819950501951,0.867819950501951,0.870626249051694,0.870626249051694,0.873511107014944,0.873511107014944,0.876707646863544,0.876707646863544,0.880013917891921,0.880013917891921,0.883651035486,0.883651035486,0.883651035486,0.883651035486,0.88782147077937,0.88782147077937,0.892026985538722,0.892026985538722,0.892026985538722,0.892026985538722,0.892026985538722,0.892026985538722,0.896672552829649,0.896672552829649,0.901386947488524,0.901386947488524,0.901386947488524,0.901386947488524,0.901386947488524,0.901386947488524,0.906263913909147,0.901386947488524,0.901386947488524,0.901386947488524,0.901386947488524,0.906263913909147,0.906263913909147,0.906263913909147,0.906263913909147,0.906263913909147,0.906263913909147,0.906263913909147,0.906263913909147,0.906263913909147,0.907067022862233,0.907569538838381,0.908474971441879,0.909177666621858,0.910093073424421,0.91087499340303,0.911770353937037,0.912580284491739,0.913450448604618,0.914266082654257,0.915112695891773,0.915923851096666,0.916749600417154,0.917551411262468,0.918358536948189,0.919148610352344,0.919938719982844,0.920715882659843,0.921490084338814,0.922253795794227,0.923012860333306,0.923762920772532,0.92450740557863,0.925243803091737,0.925974134527094,0.926696962088237,0.927413486973247,0.928122896181736,0.928825913016115,0.929522087879483,0.930211865452555,0.930895007373108,0.931571795753827,0.932242114878099,0.932906151872233,0.933563862090409,0.934215377025512,0.934860693077496,0.935499909020824,0.936133044822851,0.936760179883278,0.93738134756339,0.937996615659009,0.938606025004928,0.93920963631947,0.939807494466709,0.940399655724998,0.94098616698514,0.941567081623478,0.942142447394381,0.942712315670086
"88",87,0.813859396534431,0.812118470437685,0.815625323183295,0.815625323183295,0.82296241348683,0.824860241744654,0.826817969225421,0.826817969225421,0.828827585773224,0.830871341248376,0.830871341248376,0.835104063010623,0.835104063010623,0.835104063010623,0.837288657053389,0.839543121867657,0.839543121867657,0.8418473853416,0.8418473853416,0.844222313383092,0.8418473853416,0.846671654406005,0.849182296716608,0.849182296716608,0.854475020598204,0.854475020598204,0.857252957657749,0.857252957657749,0.860138655689052,0.860138655689052,0.863108474482331,0.863108474482331,0.866415544215283,0.866415544215283,0.869842201545173,0.869842201545173,0.873630020395786,0.873630020395786,0.873630020395786,0.873630020395786,0.87800304279903,0.87800304279903,0.882419911635221,0.882419911635221,0.882419911635221,0.882419911635221,0.882419911635221,0.882419911635221,0.887326316532528,0.887326316532528,0.892317543604858,0.892317543604858,0.892317543604857,0.892317543604858,0.892317543604858,0.892317543604858,0.897498439975627,0.892317543604858,0.892317543604858,0.892317543604858,0.892317543604858,0.897498439975627,0.897498439975627,0.897498439975627,0.897498439975627,0.897498439975627,0.897498439975627,0.897498439975627,0.897498439975627,0.897498439975627,0.898344675883357,0.898873273540938,0.899825351908855,0.900564449138961,0.901527563119962,0.902350543482436,0.903293282267886,0.904146412361976,0.905063355484659,0.905923186270144,0.906816035990909,0.907671839602798,0.908543394213079,0.909390027046205,0.910242617979428,0.911077535612083,0.911912830629615,0.912734772206813,0.913553914569492,0.91436228588127,0.915166064485221,0.915960630790965,0.916749610335812,0.917530335547845,0.918304943168048,0.919071902439912,0.919832481927916,0.920585812896767,0.921332657599005,0.922072532727152,0.922805905165553,0.923532515884797,0.924252659349615,0.924966206913916,0.925673352276591,0.926374042465816,0.927068412171544,0.927756452219702,0.928438262624741,0.929113859438086,0.929783322178714,0.930446681303578,0.931104004099759,0.93175532912694,0.932400716256506,0.933040208480188,0.933673861061294,0.934301719286618,0.934923835448807,0.935540255886422,0.936151030877155
"89",88,0.802135993288171,0.800390075601637,0.803908261881317,0.803908261881317,0.811285183038409,0.813195862767977,0.815170054818257,0.815170054818257,0.817198831274999,0.819263312971194,0.819263312971194,0.823544952578743,0.823544952578743,0.823544952578743,0.825757352647508,0.828043693795614,0.828043693795614,0.830382298801963,0.830382298801963,0.832795542531894,0.830382298801963,0.835287465070082,0.837843958667144,0.837843958667144,0.843245154664966,0.843245154664966,0.846085466787343,0.846085466787343,0.849040760185273,0.849040760185273,0.852085577225555,0.852085577225555,0.855493760628063,0.855493760628063,0.859031519915432,0.859031519915431,0.862961794026956,0.862961794026956,0.862961794026957,0.862961794026956,0.867531495070157,0.867531495070157,0.872154544817697,0.872154544817697,0.872154544817697,0.872154544817697,0.872154544817697,0.872154544817697,0.877319662658184,0.877319662658184,0.882587264442613,0.882587264442613,0.882587264442613,0.882587264442613,0.882587264442613,0.882587264442613,0.888074200952916,0.882587264442613,0.882587264442613,0.882587264442613,0.882587264442613,0.888074200952916,0.888074200952916,0.888074200952916,0.888074200952916,0.888074200952916,0.888074200952916,0.888074200952916,0.888074200952916,0.888074200952916,0.888962906972341,0.889517044206791,0.89051473167118,0.891289444655969,0.892299268644379,0.893162489709838,0.89415170608897,0.895047257525175,0.896010183190422,0.896913502236023,0.897851892796175,0.898751716996361,0.899668477394917,0.90055938903548,0.901456937892044,0.902336242179108,0.90321630430132,0.90408265238794,0.904946403642636,0.905799146507896,0.906647391680612,0.907486258208275,0.908319567299603,0.909144495627128,0.909963294664617,0.910774340445,0.911578968376019,0.912376253565438,0.913166996801023,0.91395068058193,0.914727793615761,0.915498055711334,0.916261773308779,0.917018804345519,0.917769348709379,0.918513344628995,0.919250929598804,0.919982088410942,0.920706921919772,0.921425441813144,0.922137727324152,0.922843805567886,0.923543742914781,0.924237575220249,0.924925361100043,0.925607141251414,0.926282969514662,0.926952889156511,0.92761695097981,0.928275199496712,0.928927683486947
"90",89,0.789997664131175,0.788254060443981,0.791768844413519,0.791768844413519,0.799154529665843,0.801069855219561,0.803052244680883,0.803052244680883,0.805091729538863,0.807168296108192,0.807168296108192,0.811480980599707,0.811480980599707,0.811480980599707,0.813711931913955,0.816020698641469,0.816020698641469,0.818383960102838,0.818383960102838,0.820825608588887,0.818383960102838,0.823349971337561,0.825941915872682,0.825941915872682,0.831430102560394,0.831430102560394,0.8343216835284,0.8343216835284,0.837335259882283,0.837335259882283,0.840443501859647,0.840443501859647,0.843941517139903,0.843941517139903,0.847579096854052,0.847579096854052,0.851641313080454,0.851641313080454,0.851641313080454,0.851641313080454,0.85639913879941,0.85639913879941,0.861220486196349,0.861220486196349,0.861220486196349,0.861220486196349,0.861220486196349,0.861220486196349,0.866639217591637,0.866639217591637,0.872179734195293,0.872179734195293,0.872179734195293,0.872179734195293,0.872179734195293,0.872179734195293,0.877971782908677,0.872179734195293,0.872179734195293,0.872179734195293,0.872179734195293,0.877971782908677,0.877971782908677,0.877971782908677,0.877971782908677,0.877971782908677,0.877971782908677,0.877971782908677,0.877971782908677,0.877971782908677,0.878901772844733,0.879480572671334,0.880522225405742,0.881331294666894,0.88238621253359,0.883288323820957,0.88432250700354,0.885259147585737,0.886266661967644,0.887212198883424,0.888194849387784,0.889137503752553,0.890098295878021,0.891032383514944,0.891973817954964,0.892896496659089,0.89382035139158,0.894730185057652,0.895637665587806,0.896533950002502,0.89742587461104,0.898308301321441,0.899185243253528,0.900053723352206,0.900916105663518,0.901770673865578,0.902618828899216,0.903459589951126,0.904293795480952,0.90512089370663,0.905941394527213,0.906754996335572,0.907562017033371,0.908362300803822,0.909156053268652,0.909943203478676,0.910723891306418,0.911498095113353,0.912265916180969,0.913027361429118,0.913782509398627,0.914531383456155,0.915274048652292,0.916010537732053,0.916740907654264,0.917465196417236,0.918183456038515,0.918895727362532,0.919602059304208,0.920302494149573,0.920997078784112
"91",90,0.777468917505798,0.775735216793638,0.779231271851102,0.779231271851102,0.786593160260174,0.788504476798986,0.790486313786767,0.790486313786767,0.792527527763791,0.794606974275484,0.794606974275484,0.798931564154982,0.798931564154982,0.798931564154982,0.801171108811329,0.803492081595225,0.803492081595225,0.805869491828568,0.805869491828568,0.808328741390912,0.805869491828568,0.810874434709436,0.813490391652644,0.813490391652644,0.819041726061771,0.819041726061771,0.821972140471902,0.821972140471902,0.825031238143231,0.825031238143231,0.828189773146511,0.828189773146511,0.831764487997238,0.831764487997238,0.835488606736699,0.835488606736699,0.839669929980382,0.839669929980382,0.839669929980382,0.839669929980382,0.844604532502694,0.844604532502694,0.849613406798345,0.849613406798345,0.849613406798345,0.849613406798345,0.849613406798345,0.849613406798345,0.85527739886778,0.85527739886778,0.86108404211785,0.86108404211785,0.86108404211785,0.86108404211785,0.86108404211785,0.86108404211785,0.867176843168155,0.86108404211785,0.86108404211785,0.86108404211785,0.86108404211785,0.867176843168155,0.867176843168155,0.867176843168155,0.867176843168155,0.867176843168155,0.867176843168155,0.867176843168155,0.867176843168155,0.867176843168155,0.868146355846319,0.868748580375572,0.869831901305348,0.870673557631663,0.871771285577613,0.872710363048536,0.873787341812728,0.874763138576777,0.875813198875798,0.876799071669516,0.87782406303778,0.87880774250478,0.879810763423725,0.880786310563413,0.881769937495427,0.882734367851848,0.883700427311974,0.884652219554467,0.885601943310467,0.886540338473802,0.887474555734749,0.888399207625105,0.889318492798394,0.890229284597247,0.891134055962387,0.892031000321942,0.892921581967801,0.893804765151645,0.894681424647658,0.895550974761211,0.896413945677798,0.897270014403505,0.898119509643031,0.898962261668558,0.899798481310515,0.900628088183583,0.901451224084556,0.90226786063078,0.903078099114814,0.903881941345206,0.904679464774155,0.905470688660556,0.906255676348892,0.907034457105943,0.907807085852472,0.908573597515616,0.909334041911664,0.910088457088407,0.910836889695791,0.911579379418566,0.912315970871895
"92",91,0.764578804074442,0.762862778032239,0.766324389697234,0.766324389697234,0.773628850758991,0.775527164982799,0.777499328375684,0.777499328375684,0.779532877075914,0.781605549591314,0.781605549591314,0.785921871835425,0.785921871835425,0.785921871835425,0.788159467640697,0.790481776808712,0.790481776808712,0.792862125501521,0.792862125501521,0.795327399575623,0.792862125501521,0.79788246479862,0.80051007713472,0.80051007713472,0.806098586597715,0.806098586597715,0.809054181592417,0.809054181592417,0.812144695678178,0.812144695678178,0.815338935135768,0.815338935135768,0.818975435454934,0.818975435454934,0.822770865498113,0.822770865498113,0.827056142513052,0.827056142513052,0.827056142513052,0.827056142513052,0.832153290203386,0.832153290203386,0.837335912795024,0.837335912795024,0.837335912795024,0.837335912795024,0.837335912795024,0.837335912795024,0.843233331613119,0.843233331613119,0.849295703808712,0.849295703808712,0.849295703808712,0.849295703808712,0.849295703808712,0.849295703808712,0.85568110667815,0.849295703808712,0.849295703808712,0.849295703808712,0.849295703808712,0.85568110667815,0.85568110667815,0.85568110667815,0.85568110667815,0.85568110667815,0.855681106678151,0.85568110667815,0.85568110667815,0.855681106678151,0.85668776985342,0.857311800713233,0.858433805297764,0.85930574238217,0.860443292147045,0.861416805558447,0.862533709437449,0.863546092180316,0.864635965969262,0.865659641529684,0.866724374009619,0.867746616742541,0.868789390296362,0.869804022262748,0.870827481599566,0.871831383617757,0.872837398395131,0.873828967360888,0.874818791839889,0.875797215392449,0.876771687000091,0.877736581436472,0.878696273673133,0.879647493871804,0.880592818542923,0.881530354345883,0.882461625795496,0.883385544028178,0.884303018241524,0.885213429710132,0.886117327709066,0.887014368210288,0.887904889912683,0.888788709231585,0.889666041612937,0.890536797120903,0.891401119002289,0.89225897192045,0.893110456769588,0.893955569982676,0.894794387548577,0.895626924322807,0.89645324158711,0.897273364816057,0.898087346544666,0.89889521830391,0.899697027365167,0.900492808647763,0.901282606194459,0.902066456752499,0.902844402324664
"93",92,0.751360784100545,0.749670275733972,0.753081566809959,0.753081566809959,0.760294380221271,0.762170487519068,0.764123613952292,0.764123613952292,0.76613981946843,0.768195749858676,0.768195749858676,0.772482876109154,0.772482876109154,0.772482876109154,0.774707540474721,0.777019811940786,0.777019811940786,0.77939133517456,0.77939133517456,0.781850435511303,0.77939133517456,0.784402218058923,0.787028366246781,0.787028366246781,0.792626261731574,0.792626261731574,0.795592324263184,0.795592324263184,0.798698961714826,0.798698961714826,0.801913015104114,0.801913015104114,0.805594732371431,0.805594732371431,0.809444415655335,0.809444415655335,0.81381624628256,0.81381624628256,0.81381624628256,0.81381624628256,0.819058805415784,0.819058805415784,0.824398340833022,0.824398340833022,0.824398340833022,0.824398340833022,0.824398340833022,0.824398340833022,0.830513713211066,0.830513713211066,0.83681759027486,0.83681759027486,0.83681759027486,0.83681759027486,0.83681759027486,0.83681759027486,0.843483351439343,0.83681759027486,0.83681759027486,0.83681759027486,0.83681759027486,0.843483351439343,0.843483351439343,0.843483351439343,0.843483351439343,0.843483351439343,0.843483351439343,0.843483351439343,0.843483351439343,0.843483351439343,0.84452415843468,0.845167985592748,0.84632498300677,0.847224342047476,0.848397999710505,0.849402793265126,0.850556028930251,0.851601767449587,0.852728006705907,0.853786275005545,0.854887439873784,0.855945098664808,0.857024444836827,0.858075097529677,0.859135329221225,0.860175731910622,0.861218755775318,0.862247228540799,0.863274317190859,0.864289996620589,0.865301992876739,0.866304458690146,0.867301933126311,0.868291012040237,0.86927436843808,0.870250027170955,0.87121956884388,0.872181854200385,0.873137824405231,0.874086829144984,0.875029435281228,0.87596527846267,0.876894706419506,0.877817522002009,0.878733944613424,0.879643874818588,0.88054745682672,0.881444648259535,0.882335549219772,0.88322015059634,0.88409852657304,0.884970687385761,0.885836691938828,0.886696561669493,0.887550346425755,0.88839807407927,0.889239789061064,0.890075522887052,0.890905316699051,0.89172920402371,0.892547223957151
"94",93,0.737852489380224,0.736195293588792,0.739540466115614,0.739540466115614,0.746627345442336,0.748471970611701,0.750396598136247,0.750396598136247,0.75238564678963,0.754414704996918,0.754414704996918,0.758651269484448,0.758651269484448,0.758651269484448,0.760851745729901,0.76314227134533,0.76314227134533,0.765492827258516,0.765492827258516,0.767933114236817,0.765492827258516,0.770468448523218,0.773079440917985,0.773079440917985,0.77865750938574,0.77865750938574,0.781618468428611,0.781618468428611,0.784724952368825,0.784724952368825,0.787941835322949,0.787941835322949,0.791650735310314,0.791650735310314,0.795535965694744,0.795535965694744,0.799974848213004,0.799974848213004,0.799974848213004,0.799974848213004,0.805342847563456,0.805342847563456,0.810819438849285,0.810819438849285,0.810819438849285,0.810819438849285,0.810819438849285,0.810819438849285,0.817133581249929,0.817133581249928,0.823660780202631,0.823660780202631,0.823660780202631,0.823660780202631,0.823660780202631,0.823660780202631,0.830590339754737,0.823660780202631,0.823660780202631,0.823660780202631,0.823660780202631,0.830590339754737,0.830590339754737,0.830590339754737,0.830590339754737,0.830590339754737,0.830590339754737,0.830590339754737,0.830590339754737,0.830590339754737,0.831661641959464,0.83232286282361,0.833510455914077,0.834433824848211,0.835639148763256,0.836671438148764,0.837856684603183,0.838931882987609,0.840090316476566,0.841179282001214,0.842312851167237,0.843402082009649,0.844514103783737,0.845597009429027,0.846690237602961,0.847763461943453,0.848839833293557,0.849901626098929,0.850962427099526,0.852011877282469,0.853057953238619,0.854094605614814,0.855126522236065,0.856150176077552,0.857168327754849,0.858178926819293,0.859183604791529,0.860181175695519,0.861172609621787,0.86215722670752,0.863135609582884,0.864107374668819,0.865072877608606,0.866031908237862,0.866984689197416,0.867931111787157,0.868871320684475,0.86980526651956,0.870733048235669,0.871654651119287,0.872570147250528,0.873479542122424,0.874382892000218,0.875280214120851,0.876171555402152,0.877056939868231,0.877936408874687,0.878809990328987,0.87967772223918,0.880539634694417,0.881395763650381
"95",94,0.724095378966661,0.722479118410445,0.725742705752296,0.725742705752296,0.732669851843229,0.734473799657543,0.736360522294345,0.736360522294345,0.738312624701323,0.740304684561373,0.740304684561373,0.744469233883172,0.744469233883172,0.744469233883172,0.746634175947117,0.748891104509823,0.748891104509823,0.751208371626552,0.751208371626552,0.753616969765702,0.751208371626552,0.756122392087189,0.758704186072593,0.758704186072593,0.764232255032273,0.764232255032273,0.767171925739435,0.767171925739435,0.770261246428821,0.770261246428821,0.773463140101959,0.773463140101959,0.777179972682113,0.777179972682113,0.781080645323291,0.781080645323291,0.785565199572607,0.785565199572607,0.785565199572607,0.785565199572607,0.791035986604505,0.791035986604505,0.796626885672999,0.796626885672999,0.796626885672999,0.796626885672999,0.796626885672999,0.796626885672999,0.803116936378246,0.803116936378246,0.809845286050745,0.809845286050745,0.809845286050745,0.809845286050745,0.809845286050745,0.809845286050745,0.817017645886929,0.809845286050745,0.809845286050745,0.809845286050745,0.809845286050745,0.817017645886929,0.817017645886929,0.817017645886929,0.817017645886929,0.817017645886929,0.817017645886929,0.817017645886929,0.817017645886929,0.817017645886929,0.818115163939629,0.818790994383729,0.820004101346233,0.820947531054364,0.822179372039966,0.823234760597839,0.824446986407816,0.825547097380047,0.826732844704022,0.827847938302552,0.829009175220062,0.830125446399579,0.83126553760785,0.832376230983384,0.833497968787611,0.834599631049718,0.835704974790375,0.836795793445791,0.837886038654582,0.838965059354363,0.84004105085218,0.84110778593985,0.842170082739708,0.84322430535517,0.844273291297454,0.84531492290021,0.846350876372712,0.847379923665222,0.848403060161651,0.849419579102405,0.85043007675166,0.851434151797911,0.852432166525437,0.853423898577435,0.854409573054998,0.855389072422543,0.856362541330443,0.857329923616343,0.858291316728124,0.859246700412251,0.860196144397691,0.861139649414834,0.862077268890001,0.863009015789373,0.863934933924975,0.864855043370548,0.865769382241451,0.866677974712187,0.86758085549544,0.868478051102931,0.86936959418726
"96",95,0.710134292248256,0.708566292219988,0.711733413731423,0.711733413731423,0.718468081334662,0.720222392490657,0.72206202109942,0.72206202109942,0.723967579859901,0.725912693633067,0.725912693633067,0.729984058284213,0.729984058284213,0.729984058284213,0.732102228576295,0.734313772151717,0.734313772151717,0.736585464891412,0.736585464891412,0.738949487995711,0.736585464891412,0.741411471769529,0.743949919875491,0.743949919875491,0.749397382789357,0.749397382789357,0.752299247016298,0.752299247016298,0.755353954113017,0.755353954113017,0.758522510613321,0.758522510613321,0.762227117062192,0.762227117062192,0.766122042119242,0.766122042119242,0.770629310241959,0.770629310241959,0.770629310241959,0.770629310241959,0.776177803764066,0.776177803764066,0.781857603605607,0.781857603605607,0.781857603605607,0.781857603605607,0.781857603605607,0.781857603605607,0.788497171061544,0.788497171061544,0.795400602341184,0.795400602341184,0.795400602341184,0.795400602341184,0.795400602341184,0.795400602341184,0.802790326787613,0.795400602341184,0.795400602341184,0.795400602341184,0.795400602341184,0.802790326787613,0.802790326787613,0.802790326787613,0.802790326787613,0.802790326787613,0.802790326787613,0.802790326787613,0.802790326787613,0.802790326787613,0.803909182687322,0.804596481249334,0.805829381224888,0.806788420469943,0.808040966629875,0.809114482764375,0.810347987839698,0.811467849515264,0.812675359466011,0.813811373186667,0.814994867835074,0.816132992283412,0.817295869334921,0.818429217376819,0.819574295547869,0.820699334020771,0.821828587032002,0.822943450700022,0.824058178056463,0.825161874727086,0.826262917760218,0.827354930478312,0.828442839793244,0.829522917469844,0.83059806541544,0.831666108375686,0.832728759990262,0.833784755743668,0.834835112101028,0.835879098669936,0.836917322903937,0.837949367655691,0.838975600429228,0.839995787772889,0.841010156417315,0.842018580620611,0.843021204514326,0.844017965496641,0.845008959221007,0.845994160082738,0.846973635268546,0.847947380835915,0.848915447239947,0.84987784320456,0.850834609334057,0.85178576174117,0.852731335213102,0.853671350154534,0.85460583789948,0.855534821326742,0.856458329701816
"97",96,0.69601690743869,0.694504073722669,0.69756068387724,0.69756068387724,0.704071743262,0.705767850686473,0.707551574953344,0.707551574953344,0.709401354560407,0.711289930545108,0.711289930545108,0.715247606271693,0.715247606271693,0.715247606271693,0.717308080330135,0.719462729335056,0.719462729335056,0.721676823887067,0.721676823887067,0.723983612769342,0.721676823887067,0.72638881883659,0.728869932283692,0.728869932283692,0.734206319146706,0.734206319146706,0.737053834231624,0.737053834231624,0.740056362165097,0.740056362165097,0.743173047744678,0.743173047744678,0.746844718327506,0.746844718327506,0.750711992278064,0.750711992278064,0.755217812517605,0.755217812517605,0.755217812517605,0.755217812517605,0.760816851855656,0.760816851855656,0.766557822600095,0.766557822600095,0.766557822600095,0.766557822600095,0.766557822600095,0.766557822600095,0.773317258118143,0.773317258118143,0.780366025680128,0.780366025680128,0.780366025680128,0.780366025680128,0.780366025680128,0.780366025680128,0.787943381794153,0.780366025680128,0.780366025680128,0.780366025680128,0.780366025680128,0.787943381794153,0.787943381794153,0.787943381794153,0.787943381794153,0.787943381794153,0.787943381794153,0.787943381794153,0.787943381794153,0.787943381794153,0.789078153319991,0.789773459245474,0.791019862984165,0.791989613027052,0.793256460503901,0.794342617524171,0.795591100908845,0.796724997383257,0.797948112214452,0.799099258739759,0.800298988450114,0.801453181159853,0.802632940583783,0.80378319735228,0.80494581860405,0.806088545884264,0.807236008334354,0.808369299012078,0.809502900817416,0.810625731200922,0.811746307180069,0.812858134881395,0.813966225645982,0.815066777808036,0.816162743491338,0.817251900946877,0.818335993012478,0.819413725230072,0.820486130384576,0.821552458300083,0.822613324880928,0.823668299427464,0.824717753101528,0.825761442721753,0.826799595768749,0.827832079119232,0.828859035900161,0.829880397575803,0.830896257744867,0.83190658576667,0.832911446152655,0.833910830487485,0.83490478619216,0.835893317877362,0.836876462913676,0.837854233536544,0.838826661196608,0.839793762582223,0.840755565646774,0.841712089668295,0.84266336052325
"98",97,0.681793117929323,0.680341821687589,0.683274945404025,0.683274945404025,0.689533420049166,0.691163300239343,0.692882846228996,0.692882846228996,0.69466813936514,0.696491116467199,0.696491116467199,0.700315642247764,0.700315642247764,0.700315642247764,0.702308013093049,0.704394752689378,0.704394752689378,0.706539715411503,0.706539715411503,0.708777079962466,0.706539715411503,0.711112613316576,0.713522833900227,0.713522833900226,0.718718407559576,0.718718407559576,0.721495332977589,0.721495332977589,0.724428348663466,0.724428348663466,0.727474813431792,0.727474813431792,0.731092684504028,0.731092684504028,0.734910108350824,0.734910108350824,0.739389552655488,0.739389552655488,0.739389552655488,0.739389552655488,0.745010337865781,0.745010337865781,0.750782862942345,0.750782862942345,0.750782862942345,0.750782862942345,0.750782862942345,0.750782862942345,0.757629659790128,0.757629659790128,0.764790701249543,0.764790701249543,0.764790701249543,0.764790701249543,0.764790701249543,0.764790701249543,0.772521950400981,0.764790701249543,0.764790701249543,0.764790701249543,0.764790701249543,0.772521950400981,0.772521950400981,0.772521950400981,0.772521950400981,0.772521950400981,0.772521950400981,0.772521950400981,0.772521950400981,0.772521950400981,0.773666748096887,0.774366333175188,0.775619478583835,0.776594667377589,0.777868916975453,0.778961795387909,0.780218449166363,0.781360195108856,0.782592241011355,0.783752238044974,0.784961654630768,0.786125615664942,0.787315818107004,0.788476705826987,0.789650525877669,0.790804707616616,0.791964121118876,0.793109659901225,0.794255958153553,0.79539180593728,0.79652581421882,0.797651407657972,0.798773655122553,0.799888702549,0.800999536591547,0.802103901418086,0.803203559954172,0.804297195152087,0.805385850857558,0.806468761494676,0.807546548412775,0.808618769999,0.809685799383139,0.810747385266972,0.811803754957755,0.812854768958362,0.813900568912449,0.814941080999292,0.81597639654022,0.817006480293401,0.818031394018089,0.819051125131598,0.820065718025072,0.821075173421705,0.822079525506056,0.823078782811416,0.824072973521005,0.825062110748478,0.826046219144365,0.827025314504118,0.827999419394161
"99",98,0.667514342940362,0.666130316509024,0.668928262704458,0.668928262704458,0.674907824398695,0.676464138455238,0.678111916116774,0.678111916116774,0.679824700386601,0.681573713350637,0.681573713350637,0.685247032263182,0.685247032263182,0.685247032263182,0.687161606948005,0.689170126787559,0.689170126787559,0.691235136677141,0.691235136677141,0.693391593299591,0.691235136677141,0.695645256695487,0.697971726857436,0.697971726857436,0.702998082835081,0.702998082835081,0.7056888125584,0.7056888125584,0.708535572570163,0.708535572570163,0.711494033053202,0.711494033053202,0.715037509718616,0.715037509718616,0.718783039682245,0.718783039682245,0.723210901267316,0.723210901267316,0.723210901267316,0.723210901267316,0.728823513064555,0.728823513064555,0.734596615404989,0.734596615404989,0.734596615404989,0.734596615404989,0.734596615404989,0.734596615404989,0.741495929106064,0.741495929106064,0.748733360104554,0.748733360104554,0.748733360104554,0.748733360104554,0.748733360104554,0.748733360104554,0.756581204961423,0.748733360104554,0.748733360104554,0.748733360104554,0.748733360104554,0.756581204961423,0.756581204961423,0.756581204961423,0.756581204961423,0.756581204961423,0.756581204961423,0.756581204961423,0.756581204961423,0.756581204961423,0.757729770618384,0.758429703920557,0.759682474783779,0.760657549447851,0.761931927477409,0.763025278376495,0.764282906213447,0.765425954192077,0.766659856674164,0.767822035134348,0.769034177214123,0.770201199319445,0.7713949790613,0.772559794413286,0.773738028902303,0.77489698836264,0.776061640409809,0.777212790062812,0.778365138465078,0.779507413709909,0.780648271191183,0.781781092693443,0.782910975594327,0.784034036241386,0.78515327886958,0.786266427086669,0.787375254052807,0.788478428188984,0.78957699871873,0.790670189507527,0.791758624114656,0.792841852960378,0.793920249342271,0.794993555673834,0.796061998127979,0.797125432001572,0.798183996982962,0.799237614742166,0.800286374134343,0.80133023585803,0.802369258893852,0.803403426891871,0.804432781278327,0.805457319202134,0.806477071776547,0.807492044091085,0.808502261201635,0.80950773286957,0.810508480593752,0.811504516884614,0.812495861152491
"100",99,0.653232792199282,0.651921039304715,0.654573585442805,0.654573585442805,0.660250989485411,0.66172720878911,0.663296444073822,0.663296444073822,0.664929523451791,0.666597052660528,0.666597052660528,0.670102842148585,0.670102842148585,0.670102842148585,0.671930823054022,0.673851712375846,0.673851712375847,0.675826869049223,0.675826869049223,0.67789186425438,0.675826869049223,0.680052398805351,0.682283219266688,0.682283219266688,0.687113865324363,0.687113865324363,0.689703752625084,0.689703752625084,0.692448455542457,0.692448455542457,0.695302074714278,0.695302074714278,0.698751262592811,0.698751262592811,0.70240347588024,0.70240347588024,0.70675478884281,0.70675478884281,0.70675478884281,0.70675478884281,0.712328771245013,0.712328771245013,0.718070713181944,0.718070713181944,0.718070713181944,0.718070713181944,0.718070713181944,0.718070713181944,0.724985990084442,0.724985990084442,0.732261725481086,0.732261725481086,0.732261725481086,0.732261725481086,0.732261725481086,0.732261725481086,0.740185907599161,0.732261725481086,0.732261725481086,0.732261725481086,0.732261725481086,0.740185907599161,0.740185907599161,0.740185907599161,0.740185907599161,0.740185907599161,0.740185907599161,0.740185907599161,0.740185907599161,0.740185907599161,0.741331731737036,0.742027955477513,0.743273020031537,0.744242255038491,0.745509255057505,0.746596621802662,0.747847778934051,0.748985346631585,0.75021376779606,0.751371201039907,0.752578828718061,0.753741926875035,0.754932124213215,0.756093867340676,0.757269422139458,0.758426168172739,0.759589020519715,0.760738812132377,0.761890222612164,0.763031986883172,0.764172752673715,0.765305899604661,0.766436522969521,0.767560733671293,0.768681535619859,0.76979664623332,0.770907838483925,0.77201377486476,0.773115503965095,0.774212244291343,0.775304618197743,0.776392171327093,0.777475275257138,0.778553668114232,0.779627573945859,0.780696844140243,0.781761615963985,0.782821807457047,0.783877504847434,0.784928665403408,0.7859753453423,0.78701752502561,0.788055243030271,0.789088493317373,0.790117304099955,0.791141677352416,0.792161635203545,0.793177184353575,0.794188343363593,0.795195121724612,0.796197535909345
"101",100,0.639000706724361,0.63776543005803,0.640263971607849,0.640263971607849,0.645619417148332,0.647009929222719,0.648494776059925,0.648494776059925,0.650041901905962,0.651621402222806,0.651621402222806,0.654945361356809,0.654945361356809,0.654945361356809,0.656679005296876,0.65850392583734,0.65850392583734,0.660380434876707,0.660380434876707,0.662344546197538,0.660380434876707,0.664401849342688,0.666526313872956,0.666526313872956,0.671137205542343,0.671137205542343,0.673612866718879,0.673612866718879,0.67624098587895,0.676240985878951,0.678974234564764,0.678974234564764,0.682310362722652,0.682310362722652,0.685848918980175,0.685848918980175,0.690099488970367,0.690099488970367,0.690099488970367,0.690099488970367,0.695604472724249,0.695604472724249,0.701283407536809,0.701283407536809,0.701283407536809,0.701283407536809,0.701283407536809,0.701283407536809,0.708177101076917,0.708177101076917,0.715451583820325,0.715451583820325,0.715451583820325,0.715451583820325,0.715451583820325,0.715451583820325,0.723409617313747,0.715451583820325,0.715451583820325,0.715451583820325,0.715451583820325,0.723409617313747,0.723409617313747,0.723409617313747,0.723409617313747,0.723409617313747,0.723409617313747,0.723409617313747,0.723409617313747,0.723409617313747,0.724546071753235,0.725234485641171,0.726464450133738,0.727422067417601,0.728674107914644,0.729748961861955,0.730986111692785,0.732111324635822,0.733326817657647,0.734472467342766,0.735668214699278,0.736820273263013,0.737999585337809,0.739151107305595,0.740316727947328,0.741464102228808,0.742617939081834,0.743759218746813,0.744902508479892,0.746036620753851,0.747170142051071,0.748296491793409,0.749420731650605,0.750538992042812,0.751654258057255,0.752764255827999,0.753870747354507,0.754972398159306,0.756070249970731,0.757163521374252,0.758252829984239,0.759337720021177,0.76041855939614,0.761495084069605,0.762567514952098,0.763635700912473,0.764699776333553,0.765759656579108,0.766815425109465,0.767867036456304,0.76891454411993,0.769957925710321,0.770997217108597,0.772032409529546,0.773063528499718,0.774090573260495,0.775113563259793,0.776132502480702,0.777147406808884,0.778158283034409,0.779165144961182
"102",101,0.624869599017156,0.62371414737468,0.626051807582268,0.626051807582268,0.631069211352592,0.632369402310938,0.633765030563009,0.633765030563009,0.635220997945471,0.636707001985939,0.636707001985939,0.639837085175729,0.639837085175729,0.639837085175729,0.641469834325373,0.643191664443259,0.643191664443259,0.644961992920932,0.644961992920932,0.646817099232614,0.644961992920932,0.648762411367278,0.650771209157988,0.650771209157988,0.655141219038797,0.655141219038797,0.657490803208864,0.657490803208864,0.659989385597131,0.659989385597131,0.66258836952063,0.66258836952063,0.665794186316373,0.665794186316373,0.669200264684593,0.669200264684593,0.673327187886229,0.673327187886229,0.673327187886229,0.673327187886229,0.67873352906076,0.67873352906076,0.684318177617049,0.684318177617049,0.684318177617049,0.684318177617049,0.684318177617049,0.684318177617049,0.691152524942453,0.691152524942453,0.698385536166687,0.698385536166687,0.698385536166687,0.698385536166687,0.698385536166687,0.698385536166687,0.706333553267816,0.698385536166687,0.698385536166687,0.698385536166687,0.698385536166687,0.706333553267816,0.706333553267816,0.706333553267816,0.706333553267816,0.706333553267816,0.706333553267816,0.706333553267816,0.706333553267816,0.706333553267816,0.707454033631917,0.708130584341567,0.709338155390972,0.710278451537216,0.711508043205531,0.712563928031577,0.713779609046953,0.71488565312114,0.716080827738049,0.717207700490442,0.718384239795961,0.71951817137062,0.720679315455257,0.721813478318087,0.722961912643162,0.724092750363699,0.72523034055583,0.726355930336271,0.72748388353702,0.728603161213428,0.72972223473156,0.730834605574582,0.731945270004846,0.733050403163933,0.734152952634856,0.735250668360347,0.736345290453434,0.737435496563676,0.738522315247671,0.739604970712555,0.740684072247641,0.741759166085055,0.742830614496595,0.743898153459315,0.744961999727017,0.746022001088021,0.747078288583486,0.748130775897075,0.749179543593803,0.750224544200294,0.751265828565239,0.752303372119566,0.753337208225777,0.754367325828238,0.755393748007858,0.756416471689249,0.757435513915463,0.758450876330912,0.759462572440138,0.760470606685878,0.761474990505837
"103",102,0.610889515974835,0.609816352317884,0.611988049418197,0.611988049418197,0.616655224975655,0.617861536014864,0.619164192634413,0.619164192634413,0.62052490884089,0.621913101246999,0.621913101246999,0.624839690372598,0.624839690372598,0.624839690372598,0.626366270366183,0.627979215149808,0.627979215149808,0.629637211558436,0.629637211558436,0.63137662635299,0.629637211558436,0.633202678905775,0.63508805655602,0.63508805655602,0.639199358295632,0.639199358295632,0.641412771962071,0.641412771962071,0.643770690502786,0.643770690502786,0.646223428753244,0.646223428753244,0.649283553350427,0.649283553350427,0.652540245781419,0.652540245781419,0.656522393297424,0.656522393297424,0.656522393297424,0.656522393297424,0.661801799459082,0.661801799459082,0.667262122628147,0.667262122628147,0.667262122628147,0.667262122628147,0.667262122628147,0.667262122628147,0.673999949089675,0.673999949089675,0.681151466341847,0.681151466341847,0.681151466341847,0.681151466341847,0.681151466341847,0.681151466341847,0.689045142004175,0.681151466341847,0.681151466341847,0.681151466341847,0.681151466341847,0.689045142004175,0.689045142004175,0.689045142004175,0.689045142004175,0.689045142004175,0.689045142004175,0.689045142004175,0.689045142004175,0.689045142004175,0.690143214038719,0.690803985896703,0.691982134523157,0.692899609448184,0.694099524684498,0.695130202941828,0.696317198569287,0.697397475589237,0.698565167297089,0.699666475263378,0.700816685661575,0.701925594684315,0.703061476713614,0.704171319115446,0.705295485939249,0.706402782847817,0.707517048829738,0.708619914896563,0.70972545222568,0.710822840129327,0.711920381955147,0.713011702798718,0.714101702229282,0.715186624951202,0.716269362611784,0.717347703874496,0.71842335617421,0.719495018299147,0.720563699380767,0.721628634752965,0.722690421821024,0.723748612249569,0.724803560710699,0.725855005379569,0.726903157840264,0.72794786624457,0.728989257839636,0.730027245633473,0.731061907174368,0.732093193725684,0.733121153557619,0.734145760506162,0.735167045601861,0.736184996007362,0.737199632610066,0.738210950448037,0.739218964448512,0.740223674310859,0.741225091467506,0.742223218383867,0.743218064450332
"104",103,0.597108346623408,0.596119037519227,0.598121508365153,0.598121508365153,0.602430247207918,0.603540203807279,0.604747245669548,0.604747245669548,0.606009769097307,0.607297029770946,0.607297029770946,0.610013039678623,0.610013039678623,0.610013039678623,0.611429521837698,0.612929185648006,0.612929185648006,0.614470160246688,0.614470160246688,0.616088723279165,0.614470160246688,0.617789842981568,0.619545720175325,0.619545720175325,0.623384072461154,0.623384072461154,0.625453149914903,0.625453149914903,0.627661298852712,0.627661298852712,0.629957942083878,0.629957942083878,0.632859156636577,0.632859156636577,0.635951800303412,0.635951800303412,0.639770246566746,0.639770246566746,0.639770246566746,0.639770246566746,0.644896362955184,0.644896362955184,0.65020419977991,0.65020419977991,0.65020419977991,0.65020419977991,0.65020419977991,0.65020419977991,0.65680971585723,0.65680971585723,0.663840781888912,0.663840781888912,0.663840781888912,0.663840781888912,0.663840781888912,0.663840781888912,0.671636297896285,0.663840781888912,0.663840781888912,0.663840781888912,0.663840781888912,0.671636297896285,0.671636297896285,0.671636297896285,0.671636297896285,0.671636297896285,0.671636297896285,0.671636297896285,0.671636297896285,0.671636297896285,0.672705840970301,0.673347143700999,0.674489263469411,0.675378744642327,0.67654218141666,0.677541776513913,0.678693280029603,0.679741559105299,0.680874994147328,0.681944311908842,0.683061444646623,0.684138787985864,0.685242668381592,0.686321568866764,0.687414724691776,0.688491802573975,0.68957598820015,0.690649408147793,0.69172575567279,0.692794494991151,0.69386371075799,0.694927191519343,0.695989710110597,0.69704760467064,0.698103693169699,0.699155817354218,0.700205641567392,0.701251894434528,0.702295559612279,0.703335888886413,0.704373464325993,0.705407846344042,0.706439380105967,0.707467808103944,0.708493335763835,0.709515813006373,0.71053536284153,0.711551898581497,0.71256549463786,0.713576101736147,0.714583765639056,0.715588459160516,0.716590211182395,0.717589007566506,0.718584867255463,0.719577783825667,0.720567770374824,0.721554825047527,0.722538957511336,0.723520168622661,0.724498466042907
"105",104,0.583571194443748,0.582666420437645,0.58449820136904,0.58449820136904,0.58844425661267,0.589456470336595,0.590566368527841,0.590566368527841,0.591728917531834,0.592913333253993,0.592913333253993,0.595414248786781,0.595414248786781,0.595414248786781,0.596718075204656,0.598101494985995,0.598101494985995,0.599522258576179,0.599522258576179,0.601016383435871,0.599522258576179,0.602588549808456,0.604210585201375,0.604210585201375,0.607765506464474,0.607765506464474,0.609684120048299,0.609684120048299,0.611735546258355,0.611735546258355,0.613868526297456,0.613868526297456,0.616599997149328,0.616599997149328,0.619516432211987,0.619516432211987,0.62315480915938,0.62315480915938,0.62315480915938,0.62315480915938,0.628103739333403,0.628103739333403,0.633233382520801,0.633233382520801,0.633233382520801,0.633233382520801,0.633233382520801,0.633233382520801,0.639672937411632,0.639672937411632,0.646546500214084,0.646546500214084,0.646546500214084,0.646546500214084,0.646546500214083,0.646546500214084,0.654201505329466,0.646546500214084,0.646546500214084,0.646546500214084,0.646546500214084,0.654201505329466,0.654201505329466,0.654201505329466,0.654201505329466,0.654201505329466,0.654201505329466,0.654201505329466,0.654201505329466,0.654201505329466,0.65523684644704,0.655855295877758,0.656955347736619,0.657812104098074,0.658932836456632,0.65989596333519,0.661005729972186,0.662016287448795,0.663109235698743,0.66414064600855,0.665218478249313,0.666258215050395,0.667323863797779,0.668365693885331,0.669421589518237,0.670462252007101,0.671510080876018,0.672547801974371,0.673588651335732,0.674622440121676,0.675656987047732,0.676686281282663,0.677714940847535,0.678739419640597,0.679762445328048,0.680781926199839,0.681799473721483,0.68281385452401,0.683826021087428,0.684835246659088,0.685842094707277,0.686846137517551,0.687847708937863,0.688846557776013,0.689842882355533,0.690836535692724,0.691827636132493,0.692816098216425,0.693801993098629,0.694785271651988,0.695765977193274,0.696744082055727,0.697719613142033,0.698692555468066,0.699662926264664,0.70063071804914,0.701595942359707,0.702558596156747,0.7035186876342,0.70447621639013,0.705431188659954
"106",105,0.5703198307968,0.569499416435433,0.571160783934809,0.571160783934809,0.574743761353281,0.575657905356927,0.576670221970178,0.576670221970178,0.57773215460683,0.578812999922308,0.578812999922308,0.581096845877265,0.581096845877265,0.581096845877265,0.582286817877075,0.583552457490133,0.583552457490133,0.584851318704962,0.584851318704962,0.586218996096142,0.584851318704962,0.587659851582892,0.589145458020345,0.589145458020345,0.592410288415047,0.592410288415047,0.594174395980963,0.594174395980963,0.596064362630691,0.596064362630691,0.598028469076187,0.598028469076187,0.600581889437052,0.600581889437052,0.603312632824612,0.603312632824612,0.606757396006023,0.606757396006023,0.606757396006023,0.606757396006023,0.61150813536644,0.61150813536644,0.616436819363185,0.616436819363185,0.616436819363185,0.616436819363185,0.616436819363185,0.616436819363185,0.622679577842682,0.622679577842682,0.629361263849337,0.629361263849337,0.629361263849337,0.629361263849337,0.629361263849337,0.629361263849337,0.636835785886849,0.629361263849337,0.629361263849337,0.629361263849337,0.629361263849337,0.636835785886849,0.636835785886849,0.636835785886849,0.636835785886849,0.636835785886849,0.636835785886849,0.636835785886849,0.636835785886849,0.636835785886849,0.63783181803591,0.638424406047433,0.639477043181971,0.640296883481831,0.641369391678807,0.642291270075549,0.643353749188311,0.644321490553764,0.645368399042494,0.646356620441631,0.64738959029941,0.648386313872743,0.649408147358445,0.650407406953911,0.651420426397122,0.652419097492317,0.653424914060397,0.654421294634442,0.655420946481982,0.656414083737468,0.657408216435533,0.658397568020016,0.659386576225202,0.660371830967669,0.661355954484173,0.662336933850294,0.66331631872498,0.664292921189079,0.665267657326398,0.666239826418848,0.66720997033397,0.668177676085069,0.669143264530312,0.67010649262076,0.67106755069906,0.672026296090058,0.672982842069375,0.673937105253267,0.674889153417392,0.675838938207212,0.676786500541553,0.677731812766391,0.678674899953804,0.679615746688077,0.680554368696568,0.681490757804245,0.682424924233392,0.683356864098104,0.684286584382905,0.685214083747791,0.686139367278279
"107",106,0.557392241999931,0.556655203498508,0.55814807867745,0.55814807867745,0.561371243551949,0.562188003966859,0.563103343605475,0.563103343605475,0.564065110450156,0.565042800030028,0.565042800030028,0.567110048425733,0.567110048425734,0.567110048425733,0.568186280586574,0.569333988240563,0.569333988240563,0.570510711406374,0.570510711406374,0.571751470074462,0.570510711406374,0.573060284604177,0.574408595351429,0.574408595351429,0.577380448453169,0.577380448453169,0.578988078721322,0.578988078721322,0.580714061421368,0.580714061421368,0.582506444898786,0.582506444898786,0.584876095998997,0.584876095998997,0.587414426821011,0.587414426821011,0.590655024959203,0.590655024959203,0.590655024959203,0.590655024959203,0.595189791006288,0.595189791006288,0.59989807344033,0.59989807344033,0.59989807344033,0.59989807344033,0.59989807344033,0.59989807344033,0.605916587485817,0.605916587485817,0.612375374035592,0.612375374035592,0.612375374035592,0.612375374035592,0.612375374035592,0.612375374035592,0.619632642519809,0.612375374035592,0.612375374035592,0.612375374035592,0.612375374035592,0.619632642519809,0.619632642519809,0.619632642519809,0.619632642519809,0.619632642519809,0.619632642519809,0.619632642519809,0.619632642519809,0.619632642519809,0.620584922161583,0.621149072845188,0.622149740122393,0.622929091382236,0.623948665926231,0.624825211217151,0.625835652624611,0.626756210928621,0.627752311999986,0.628692802528499,0.629676119164421,0.630625164864065,0.631598358158443,0.632550287014446,0.633515562143862,0.634467400930931,0.635426287731971,0.636376414950748,0.637329898796233,0.638277405214376,0.639226098229582,0.640170464978571,0.641114740592716,0.642055668764467,0.642995753007903,0.643933069941709,0.644869099544834,0.645802705903897,0.646734764087121,0.647664603445797,0.648592741580327,0.649518782754205,0.650443033341143,0.651365260050945,0.652285644453474,0.653204049253875,0.654120582287958,0.655035162992537,0.655947855646859,0.656858613219598,0.657767474265004,0.658674411575447,0.659579448516392,0.6604825696041,0.661383789240671,0.662283098880272,0.663180507639876,0.664076011083601,0.664969615216469,0.665861318041528,0.666751123735735
"108",107,0.544822278250593,0.544166886222623,0.54549470837295,0.54549470837295,0.54836471954916,0.549085725817432,0.549905664962385,0.549905664962385,0.550768738220688,0.551644754040133,0.551644754040133,0.553498175637662,0.553498175637662,0.553498175637662,0.554462019034243,0.555492951489671,0.555492951489671,0.556548678858242,0.556548678858242,0.557663508011081,0.556548678858242,0.558841101873125,0.560052891855659,0.560052891855659,0.562732503938361,0.562732503938361,0.56418368362884,0.56418368362884,0.56574530274016,0.56574530274016,0.567365408411538,0.567365408411538,0.569548140680221,0.569548140680221,0.571890097938436,0.571890097938436,0.574919043197096,0.574919043197096,0.574919043197096,0.574919043197096,0.579223492816596,0.579223492816596,0.583695516857901,0.583695516857901,0.583695516857901,0.583695516857901,0.583695516857901,0.583695516857901,0.589466170446247,0.589466170446247,0.595674930289538,0.595674930289538,0.595674930289538,0.595674930289538,0.595674930289538,0.595674930289538,0.602682074325226,0.595674930289538,0.595674930289538,0.595674930289538,0.595674930289538,0.602682074325226,0.602682074325226,0.602682074325226,0.602682074325226,0.602682074325226,0.602682074325226,0.602682074325226,0.602682074325226,0.602682074325226,0.603586894194909,0.604120504077278,0.605065508320946,0.605801471431102,0.606764287049384,0.607592175151024,0.608546705494994,0.609416512388979,0.610357902168979,0.611246934994177,0.612176659299634,0.613074183967035,0.613994753903979,0.614895414476659,0.615808910677491,0.616709897376672,0.617617763329224,0.61851754232135,0.619420707594456,0.620318417667353,0.621217459330418,0.62211260805234,0.623007877625862,0.623900180442191,0.624791890090435,0.625681181801038,0.626569459212364,0.627455643959292,0.628340566170577,0.629223588686293,0.630105202564163,0.630985031459556,0.631863365978666,0.63273998396314,0.633615057524421,0.634488455658986,0.635360280436766,0.636230454748559,0.637099039267548,0.637965988752395,0.638831339413395,0.639695064856154,0.640557186838603,0.641417690115974,0.642276587911481,0.643133871579711,0.643989549307248,0.644843616358122,0.645696077950049,0.646546931666336,0.647396180978059
"109",108,0.532639408131784,0.532063262400779,0.533230837677518,0.533230837677518,0.535757422367122,0.536385160252848,0.537112158361666,0.537112158361666,0.537878941281499,0.53865573880842,0.53865573880842,0.540300207809134,0.540300207809134,0.540300207809134,0.541154147246299,0.542070665725487,0.542070665725487,0.543007809267726,0.543007809267726,0.543999047891066,0.543007809267726,0.545047678540379,0.546125246505998,0.546125246505998,0.548516735825639,0.548516735825639,0.549813365144214,0.549813365144214,0.551212260974819,0.551212260974819,0.552661699343161,0.552661699343161,0.554656839326421,0.554656839326421,0.556801137320334,0.556801137320334,0.559613979163199,0.559613979163199,0.559613979163199,0.559613979163199,0.563677310038812,0.563677310038812,0.567900942601373,0.567900942601373,0.567900942601373,0.567900942601373,0.567900942601373,0.567900942601373,0.573404256320059,0.573404256320059,0.579340155465361,0.579340155465361,0.579340155465361,0.579340155465361,0.579340155465361,0.579340155465361,0.586068749958248,0.579340155465361,0.579340155465361,0.579340155465361,0.579340155465361,0.586068749958248,0.586068749958248,0.586068749958248,0.586068749958248,0.586068749958248,0.586068749958248,0.586068749958248,0.586068749958248,0.586068749958248,0.586923184962795,0.587424646193482,0.588311195419176,0.589001576369275,0.589904733861064,0.590681438372464,0.591577105309461,0.59239343263553,0.593277117480824,0.594111826149759,0.594984919524637,0.595827950000052,0.596692806397405,0.59753913540447,0.598397705335596,0.599244695792543,0.600098332586939,0.600944543802306,0.601794118917726,0.602638741136364,0.603484795351885,0.604327364870469,0.605170227274593,0.606010475523157,0.606850344345448,0.607688114828411,0.608525108931912,0.609360310285197,0.61019450091751,0.611027079911039,0.611858509938746,0.612688435777976,0.613517131222566,0.614344386358064,0.615170363274775,0.61599493799958,0.616818206565357,0.617640095831098,0.618460662769078,0.619279864306795,0.62009773432246,0.620914247532422,0.621729424163628,0.622543249459046,0.62335573557884,0.624166873997695,0.624976672111594,0.625785125086915,0.62659223750855,0.627398006732375,0.628202435687171
