"","edad","1950","1951","1952","1953","1954","1955","1956","1957","1958","1959","1960","1961","1962","1963","1964","1965","1966","1967","1968","1969","1970","1971","1972","1973","1974","1975","1976","1977","1978","1979","1980","1981","1982","1983","1984","1985","1986","1987","1988","1989","1990","1991","1992","1993","1994","1995","1996","1997","1998","1999","2000","2001","2002","2003","2004","2005","2006","2007","2008","2009","2010","2011","2012","2013","2014","2015","2016","2017","2018","2019","2020","2021","2022","2023","2024","2025","2026","2027","2028","2029","2030","2031","2032","2033","2034","2035","2036","2037","2038","2039","2040","2041","2042","2043","2044","2045","2046","2047","2048","2049","2050","2051","2052","2053","2054","2055","2056","2057","2058","2059","2060","2061","2062","2063","2064","2065","2066","2067","2068","2069","2070"
"1",0,0.847348418592078,0.846161299800579,0.855180288131298,0.851951658887942,0.868554479777365,0.87482012110985,0.880710769942961,0.885777750434701,0.889826933575864,0.893350096896704,0.896278502147209,0.898939592867894,0.901430556538445,0.903971410701595,0.906564942430505,0.909050090281197,0.911068870945047,0.912836153852834,0.914728718670691,0.91700626728653,0.915605715338736,0.921461504940721,0.92337846575167,0.925255125376811,0.927386922313316,0.929772948846049,0.932349682599854,0.934914918971151,0.937569196208376,0.940317729654061,0.943047225442266,0.945556098099886,0.947714421621042,0.949708949023415,0.951649462721492,0.953644778857606,0.95565816106717,0.957671105550311,0.959780032969297,0.958592215144855,0.960973485658187,0.965431424072214,0.966922502631768,0.96819704575192,0.969333283567136,0.970387956754752,0.971416678673775,0.972417701561242,0.973451141059848,0.974569030181939,0.975848671070701,0.977141264256234,0.978293259128995,0.97920667395338,0.979950984957366,0.980583408107091,0.98109317017327,0.981471069278784,0.981820490925285,0.982197210704674,0.982613433888594,0.982989402294821,0.983240285413299,0.983387163639674,0.983560856820155,0.983687745131466,0.983806215059585,0.983796156062321,0.984010918387168,0.984332570156808,0.984714365194445,0.985031950712195,0.98558318522173,0.985999577817889,0.986527624282382,0.986966654299312,0.987456112833957,0.987886963326877,0.988337494751442,0.988748381529041,0.989163406197286,0.989550284411935,0.989933496227656,0.990295519981761,0.990650092465885,0.990987770860174,0.99131632706073,0.991630743138892,0.991935480579447,0.99222794305784,0.992510752175297,0.992782633115654,0.993045181105201,0.993297838332838,0.993541623515721,0.993776363744166,0.994002750128162,0.994220812418486,0.994431052047392,0.994633601665966,0.994828849697093,0.995016977326024,0.995198302811629,0.995373026478511,0.995541420581196,0.995703688911481,0.995860071542862,0.996010767589024,0.996155993034621,0.996295938284753,0.996430800136901,0.996560758493739,0.99668599407904,0.996806675702773,0.996922970115027,0.997035035078889,0.997143024886116,0.997247086623907,0.997347363294333,0.997443991835165,0.997537104913488
"2",1,0.941940747077959,0.940355205274591,0.948721988670138,0.946633500751867,0.955381220065203,0.958872773718473,0.961824957016826,0.964676828194615,0.967066865932054,0.968740799069961,0.969876560248207,0.970744475209614,0.972173672620987,0.973672717452803,0.975174480264163,0.976543923984523,0.977898541417416,0.978911323336062,0.980529600691281,0.981850211236922,0.979887245179445,0.984790510114732,0.986850690182744,0.987856841669194,0.989121509742101,0.990004110166782,0.991422648929607,0.992188649868865,0.992333744417246,0.993010879442796,0.993625155964594,0.993920789348478,0.994181419037816,0.994499272244987,0.994949636824175,0.995383318859861,0.995607376995322,0.99589211366668,0.996211233366595,0.996455746729757,0.996724306225386,0.996757085099574,0.996845186487582,0.997072108647143,0.997195630057266,0.997426567390357,0.997603023727956,0.9977363322766,0.997892469689278,0.998017001394399,0.998159087582277,0.998313230254793,0.998446893870529,0.998524885038872,0.998585203017444,0.998638774777819,0.998664067879054,0.99867097019176,0.998704232853525,0.99898269352818,0.99905063344502,0.999067558868272,0.999056831448275,0.999059537169656,0.999033542878015,0.999015403292047,0.999030407474158,0.999008901299536,0.999038643398516,0.999049638267403,0.999097810154619,0.999129563084346,0.999184081862071,0.999224326738943,0.999274171667804,0.999314549915774,0.999358411339574,0.999395999290549,0.999434270769933,0.999468244360507,0.999501650713838,0.999531960767448,0.999561185944244,0.999588059222396,0.99961367968243,0.999637429630186,0.999659923731906,0.99968087706719,0.999700645793691,0.999719113936318,0.99973649823629,0.999752766916188,0.999768060164066,0.999782386695751,0.999795843467709,0.999808457303019,0.999820299731377,0.999831404362711,0.999841826943721,0.999851602280682,0.999860775674771,0.99986938049065,0.999877454635575,0.999885028902457,0.999892135630558,0.99989880266863,0.999905057945881,0.999910926364121,0.99991643222711,0.999921597657017,0.999926443900254,0.999930990535281,0.999935256187236,0.999939258144856,0.999943012762447,0.999946535286792,0.999949840092391,0.999952940614806,0.999955849495799,0.999958578569424,0.999961138957428
"3",2,0.968834750632039,0.967184975668444,0.972556551058893,0.97117523949111,0.976593624587481,0.978058370102972,0.980251459069556,0.981378085475784,0.982706855737559,0.983629610506047,0.984358140326612,0.984956414404435,0.985669400256892,0.986438309171992,0.987183777991347,0.987986945846179,0.988586483411711,0.989259469892035,0.989828356934187,0.990597930949,0.989656372768412,0.992157877814155,0.993033206607611,0.993839139055726,0.994544795584759,0.995070362591074,0.995534953536687,0.995827129588113,0.996066892427938,0.996345507780184,0.996646943511538,0.996875493405294,0.99705417004219,0.997211358975488,0.997381369470611,0.997550685031877,0.997705443916319,0.997829766248631,0.997959303308528,0.998073185188688,0.998193636468081,0.998323680980268,0.998427772614762,0.998507641218722,0.998586766592261,0.998656209217888,0.998723530904906,0.998801742296127,0.998874658135095,0.99895023969527,0.999031230892617,0.999104763863773,0.999158668206619,0.999195748623989,0.999219430790091,0.999237475362625,0.999254758845022,0.999268492798608,0.999281457047337,0.999408494832427,0.999457137352295,0.999468042887565,0.999471394746985,0.999468171064231,0.999468120125156,0.999477208574481,0.999491519267788,0.999533527174728,0.999506045035412,0.999510436086691,0.999536243943597,0.99955267717036,0.999580808371716,0.999601561370834,0.999627251217188,0.999648055774492,0.999670649067612,0.999690006315873,0.999709711150625,0.999727199265579,0.999744391656527,0.999759987170518,0.999775021249093,0.999788842491149,0.999802016584106,0.999814226255491,0.99982578785588,0.999836555250443,0.999846711764935,0.999856198088838,0.999865125817169,0.999873478871296,0.999881329459208,0.999888682266295,0.999895587253281,0.9999020583689,0.999908132483496,0.999913826998255,0.999919170652827,0.99992418143459,0.99992888269808,0.999933291666965,0.999937427881163,0.999941307224519,0.999944946362778,0.999948359652282,0.999951561481611,0.999954564681103,0.999957381767145,0.99996002413238,0.999962502714511,0.999964827591598,0.999967008348121,0.999969053879589,0.999970972598521,0.999972772346418,0.999974460514397,0.999976044009519,0.999977529329297,0.999978922554934,0.999980229400356
"4",3,0.980869627631165,0.979393192382852,0.983001741981968,0.982019376134971,0.985705442718279,0.986274337095834,0.987971417977514,0.988377484942396,0.989203846770472,0.989781805985657,0.990300667262266,0.990754954100913,0.991148403141015,0.991591210465402,0.992011023548902,0.992541424757384,0.992832025070435,0.993325060673308,0.993502390661955,0.994018411351972,0.993498186010057,0.994994057543141,0.995425788167166,0.996079923351347,0.996549298166451,0.9969134398945,0.997071921677849,0.997210895419545,0.99744398643918,0.99758937154184,0.997773256245844,0.997958455939396,0.998095617746451,0.998192696111411,0.998273343668195,0.998355738211872,0.998477217540979,0.998545866693437,0.998610675062909,0.998676681232868,0.998747845601627,0.998886474891022,0.998981726342304,0.999017525489663,0.999075724674017,0.999097822093768,0.999130832459427,0.999185718248723,0.999229923082809,0.999283947916983,0.999340473449441,0.999385345234597,0.999413305413032,0.999436429027573,0.999448608237826,0.999456515078326,0.999471078278279,0.999484774395266,0.999491031255934,0.999564773804705,0.999602428767776,0.999610036639601,0.999615203601694,0.999612053506056,0.999616853804012,0.999630687681262,0.999640040361244,0.999681016907437,0.999654440595421,0.999654405981786,0.999673455053425,0.99968463104573,0.99970378873163,0.999717949781026,0.999735514886886,0.999749770717556,0.999765285851324,0.999778608486251,0.999792200493444,0.999804290649495,0.999816203016621,0.999827033345632,0.999837497288188,0.999847138824115,0.999856349642465,0.999864905472379,0.999873025460886,0.999880604754975,0.999887770192004,0.999894477938387,0.999900804968218,0.999906738113153,0.999912326961632,0.999917573273985,0.999922511199374,0.999927149316558,0.999931512730118,0.99993561270408,0.999939468763448,0.999943092794259,0.999946500656613,0.999949703868123,0.999952715714012,0.999955546904826,0.999958208798409,0.999960711139529,0.999963063765241,0.999965275434329,0.999967354735523,0.999969309486726,0.999971147223586,0.999972874896006,0.999974499135218,0.999976026104857,0.999977461650611,0.999978811231159,0.999980080005138,0.999981272802908,0.999982394179659,0.99998344840766,0.999984439510745
"5",4,0.987288897815673,0.986021099820037,0.988555365503386,0.987822518944067,0.990481653468136,0.990630020072886,0.991972472699175,0.992049773117237,0.992601337783379,0.9929940936088,0.993385716852019,0.993744522265324,0.993975532747597,0.994247538806593,0.994503907663484,0.994879644272767,0.995021356818702,0.995403904551619,0.995406247809308,0.995780873330597,0.995470064490215,0.996449549667145,0.99666939805669,0.99721125802562,0.997554984015093,0.997825886220076,0.997856095155805,0.997927908401967,0.998141008335108,0.998224524709457,0.9983503482093,0.998505415590156,0.998617298913964,0.998685106761039,0.99872472696368,0.998768689771523,0.998868220928987,0.998910728791346,0.998944546730041,0.998986982859733,0.999035291049936,0.999167063608462,0.999252713583799,0.999269008310399,0.999316182934808,0.999318570677306,0.999335710775171,0.999377592344223,0.999408189070869,0.999450040211668,0.999493541397131,0.999523331248083,0.99953881045194,0.999556170117976,0.999563681738908,0.999568033468162,0.999580947889089,0.999593074383004,0.999595975084843,0.999644019681488,0.999673547652163,0.999678962022744,0.999684219104405,0.999682284299634,0.999687779546838,0.999700887538872,0.9997071706585,0.999738806859144,0.9997195199428,0.999717590852102,0.999733192871566,0.99974183687063,0.999756709430911,0.999767737445627,0.999781459131866,0.999792631362434,0.999804829136634,0.999815337256632,0.999826092425612,0.999835690468056,0.999845178101212,0.999853832175843,0.999862220749555,0.999869975332629,0.999877407688372,0.999884334122206,0.999890929203386,0.999897105278317,0.999902963209823,0.999908464913048,0.999913671325656,0.99991856959315,0.999923198711464,0.999927558334074,0.999931675115718,0.999935554598505,0.999939216251216,0.999942668091469,0.99994592519858,0.999948996334566,0.999951893731572,0.999954626044509,0.99995720353107,0.999959634344841,0.999961927281797,0.999964089835214,0.999966129656298,0.999968053537772,0.999969868194559,0.999971579736436,0.999973194088735,0.999974716722136,0.999976152882412,0.999977507455045,0.999978785093324,0.999979990153333,0.999981126767646,0.99998219881674,0.999983209973307,0.999984163692261,0.999985063238944
"6",5,0.991071387584409,0.989998130387032,0.991840165297939,0.991277375813803,0.993271040560091,0.993219199422771,0.994301232004153,0.99422238623521,0.994609441933835,0.994892570113585,0.99519639396888,0.995491806549971,0.995629355852498,0.995803807306103,0.995968851505652,0.996247751956369,0.996311067584918,0.99661884408079,0.996538914537907,0.99682269712304,0.996626649698042,0.997307292963715,0.997409844234713,0.997865314450478,0.99813458855442,0.998343959007687,0.998317671232473,0.99835311529296,0.998547452545575,0.998598804405581,0.998690554351845,0.998822493662218,0.998918111284301,0.998968873558579,0.998988848019461,0.999011673016941,0.999098069542823,0.999125903151146,0.99914275066881,0.999171651851077,0.999206140689124,0.999329337337694,0.999405848735623,0.999413527537955,0.999453210568102,0.999446749654219,0.999455795365825,0.999488314810412,0.999511254896179,0.999544872401137,0.999579977948842,0.999602021863556,0.999609417197081,0.999624293058199,0.999630271168242,0.999631696006256,0.999644182124789,0.999654801532137,0.99965516117355,0.999688799407943,0.999713660548029,0.999717177187632,0.99972047208589,0.999720265331309,0.999724958489105,0.999737319033709,0.999740601881197,0.99976326346985,0.999751576187207,0.999747557980268,0.999761673369433,0.999768884878747,0.999781357272825,0.999790640232743,0.999802233456243,0.999811707855374,0.999822090029294,0.999831067642297,0.999840290543553,0.99984855221189,0.999856749463978,0.999864254759397,0.999871557162502,0.999878333157488,0.999884852054467,0.999890950146738,0.999896778403749,0.999902256977078,0.99990747293548,0.999912390195166,0.999917061087397,0.999921472115055,0.999925656494539,0.999929612142386,0.999933361546017,0.999936908161423,0.999940268268717,0.999943447796115,0.999946459274224,0.999949309521916,0.999952008674227,0.999954563643691,0.999956982931541,0.999959273159546,0.999961441637586,0.999963494527519,0.999965438216606,0.999967278348479,0.999969020560656,0.999970669975884,0.999972231600727,0.999973710061056,0.999975109819719,0.999976435041261,0.999977689712789,0.999978877576851,0.999980002200295,0.999981066942898,0.999982074998091,0.999983029380153,0.999983932949544
"7",6,0.993440447233554,0.992538429869475,0.993909889465286,0.99347488760096,0.995007048681816,0.994871605394421,0.995751810648588,0.99560228214599,0.995886431421157,0.996097985564213,0.996341788511738,0.9965890795287,0.996674287421898,0.996786525055207,0.996900473997058,0.997113218761081,0.99713323859722,0.997385113371183,0.997267196861931,0.99748808938801,0.997360945092134,0.997850408387586,0.997884057430142,0.998266118816026,0.998490279769695,0.998655476899217,0.998607437985096,0.998618165834916,0.998800644798038,0.998832955963916,0.998903312090427,0.999015708609235,0.999100719837487,0.999144027103968,0.999152035437545,0.999164363604906,0.999242245500546,0.999261870707234,0.999267500381134,0.999287372745133,0.99931403375555,0.999427102769354,0.999498106591896,0.999501397943634,0.999535953125261,0.999524657236626,0.999529087666217,0.999556177239871,0.999573098253873,0.999601698647841,0.99963193278079,0.999647454322934,0.999651109796085,0.99966405637049,0.999669636813357,0.999670383816439,0.999681180542904,0.999690751962795,0.999691006896164,0.999714188236657,0.999736076527457,0.999739390518993,0.99974097466672,0.999741458720717,0.999745320042844,0.999755810871691,0.999757203946975,0.999770275953851,0.999767235917773,0.999761799872045,0.999775017451553,0.999781330056152,0.999792308318013,0.999800510950762,0.999810794300159,0.99981923048679,0.99982851003256,0.999836565211945,0.99984487220231,0.999852342300551,0.999859782757047,0.999866621612995,0.999873301351731,0.999879523656784,0.999885533080963,0.999891176430925,0.999896590994426,0.999901700468024,0.99990658390085,0.999911205560142,0.999915612705854,0.999919790825483,0.999923769653294,0.999927545593749,0.999931138557448,0.99993455039318,0.999937795360744,0.999940877861154,0.999943808778227,0.999946593551024,0.999949240940511,0.999951756644295,0.999954148002527,0.999956420582408,0.999958580706931,0.99996063363044,0.999962584899836,0.999964439382306,0.999966202000186,0.999967877214894,0.999969469425582,0.99997098269709,0.999972420977935,0.999973787958614,0.999975087192347,0.999976322022845,0.999977495652554,0.999978611107297,0.999979671276035,0.999980678894952,0.99998163657164
"8",7,0.994974387751808,0.994220153904645,0.995261301211586,0.994931011777809,0.996127261140252,0.995967768244544,0.996690371148199,0.996514520060226,0.996728870751935,0.9968964942854,0.997096247565849,0.997308914816804,0.997362319206508,0.997435524764627,0.997519374061605,0.997682703721494,0.997681140299616,0.997887569940658,0.997756886292717,0.997930811675658,0.997846608346159,0.998207174065626,0.998195035355489,0.998514162351921,0.998709301772109,0.998840602176374,0.998790634801552,0.998782235723497,0.998955945256597,0.998977234756585,0.999035394020676,0.999129911170652,0.99920739847741,0.99925082713482,0.999253026260564,0.999258379684603,0.999329654910971,0.99934540965065,0.999345128939173,0.999359941397467,0.99937984050862,0.999484730247401,0.999551048433951,0.999552528128676,0.999583324290892,0.999571809930133,0.99957292479889,0.999594461355969,0.999608200718187,0.999632103648776,0.999659296955112,0.999670303758746,0.999672165322825,0.999684602764813,0.999690116112554,0.99969066967452,0.999700039470727,0.999709297412409,0.999709041944479,0.999724924130584,0.999745833734046,0.999748029104364,0.999748640738081,0.999750959430947,0.999753037933545,0.999761852632873,0.999762088403345,0.999764436710354,0.999771645656337,0.99976513910688,0.999777868034052,0.999783614255644,0.999793660861161,0.999801196322616,0.999810679350607,0.999818488847485,0.999827111667599,0.999834625760295,0.999842404514994,0.999849426798988,0.99985644826542,0.999862927138372,0.999869279817781,0.999875220505406,0.999880980236773,0.999886410163925,0.999891640211635,0.99989659477831,0.999901348574462,0.999905865056963,0.999910188661703,0.999914303533901,0.999918237376645,0.999921985154089,0.999925565194869,0.999928977988326,0.999932236496486,0.999935343904715,0.999938310001408,0.999941139166174,0.999943839223263,0.999946414958981,0.999948872909238,0.999951217863059,0.999953455453455,0.999955590273421,0.999957627279824,0.999959570779977,0.999961425193974,0.999963194511132,0.999964882705429,0.9999664934454,0.99996803032187,0.99996949669444,0.999970895817535,0.99997223076038,0.99997350447785,0.999974719769886,0.999975879322281,0.999976985687163,0.999978041307312
"9",8,0.995972472996678,0.995349296334291,0.996148957079896,0.995907304448982,0.996850371993811,0.996706502305448,0.997301092248404,0.997126728369018,0.997294924324776,0.997430553224473,0.997599824587507,0.997786250614021,0.997822944037221,0.997869736050153,0.997936873519966,0.998062758204594,0.99805233779485,0.998221049379204,0.998092725644536,0.998227656165296,0.998170812610057,0.998438848136554,0.998395305121269,0.998658819667519,0.998834056290757,0.998940484230948,0.99889831465928,0.998872566341898,0.99904189066908,0.999057106832985,0.999107099434885,0.999183701850196,0.999258433908039,0.999308097626032,0.999306982613417,0.999309237738274,0.999375040687455,0.999390682834625,0.999385807907723,0.999398976053699,0.999412442821349,0.999511232631625,0.999574235822477,0.999575528135852,0.999604989075754,0.999593758881076,0.999594194647263,0.99961046159443,0.999620479986687,0.999643000392699,0.999667696140683,0.999675322913898,0.999676636483279,0.999689584287566,0.999696241175998,0.999696772165398,0.9997018367882,0.999711416294764,0.999711561926005,0.999721611926179,0.99974441046997,0.999745720632881,0.999744348239155,0.999749181162986,0.999749711736966,0.999757703232857,0.999757079133183,0.999744568339716,0.99976580866568,0.999758342070697,0.999770963464254,0.99977639359296,0.999785934132248,0.999793117021182,0.999802190298211,0.999809690819351,0.999818003723195,0.999825275653654,0.999832832489937,0.999839680838246,0.999846554742749,0.999852922036102,0.999859189413644,0.999865073046702,0.999870799517989,0.999876219009103,0.999881459203048,0.999886442613976,0.999891242593746,0.999895820619633,0.9999002201069,0.999904423415964,0.999908457364269,0.999912315397064,0.999916015029409,0.999919555486421,0.999922948977185,0.999926197641665,0.999929310579386,0.999932291305256,0.999935147023436,0.999937881803197,0.999940501631107,0.999943010700197,0.999945414163759,0.999947716118897,0.999949921108908,0.999952033028872,0.999954055946546,0.999955993509595,0.999957849395272,0.999959626990467,0.999961329639087,0.999962960470379,0.999964522535984,0.999966018718769,0.999967451809617,0.999968824459902,0.999970139225294,0.999971398541816,0.999972604751533
"10",9,0.996610610701014,0.996098029892709,0.996721641190668,0.996559621850787,0.997305303437514,0.997197948547503,0.997685664628491,0.997528854739492,0.997667354443025,0.997780635678853,0.997928274154301,0.998095142613665,0.998125106848245,0.998155244884997,0.998212820340922,0.998309900433922,0.99829973148294,0.998436219447524,0.998318021252517,0.998420875580008,0.998381957215627,0.998581708963056,0.998514548229315,0.998729867860203,0.998888581469686,0.998976029574743,0.99894843185738,0.998906710485103,0.999073705868343,0.999084212847024,0.99912932958378,0.999189419086934,0.999262648659737,0.999324161508456,0.999322098696648,0.9993227276956,0.999384599318211,0.99940218203557,0.999394457089727,0.999408997730774,0.999417436916312,0.999509474643683,0.999570603166666,0.999575044535153,0.999602147338694,0.99959367060436,0.999593819401952,0.99960632641276,0.999612916185147,0.99963467731679,0.999658037532281,0.999662933218854,0.999664128364946,0.999678078895886,0.999686830547395,0.999687573891762,0.999688271672525,0.99969875394849,0.999698384311213,0.99970129690453,0.999727434635101,0.999726405336886,0.999725729299978,0.999733656404655,0.99973235641983,0.999739728686611,0.999738285026546,0.999706108026293,0.999746779133232,0.999738880967515,0.999751502771118,0.999756844654898,0.999766276755362,0.999773405436116,0.999782444904337,0.999789946705809,0.999798293245556,0.999805623496365,0.999813270855831,0.999820228799945,0.999827240329559,0.999833760967101,0.999840204746655,0.999846278072139,0.999852212655082,0.999857851465323,0.999863325401113,0.999868551824006,0.999873605893984,0.99987844544792,0.99988311476634,0.999887593629776,0.999891909132057,0.999896052866315,0.999900042281009,0.999903875245814,0.999907563721074,0.999911108832683,0.999914519349685,0.999917798011688,0.999920951670547,0.999923983791569,0.999926900021119,0.999929704075035,0.999932400796272,0.999934993901613,0.999937487661911,0.999939885668218,0.999942191756083,0.999944409330823,0.999946541876872,0.999948592589673,0.999950564657182,0.999952461059845,0.999954284726933,0.999956038428593,0.999957724863368,0.999959346600632,0.99996090613022,0.999962405832383,0.999963848006506
"11",10,0.996985980408873,0.996570649294848,0.997062120182923,0.996973922180797,0.997571216962307,0.997508031130588,0.997906851410789,0.997778398028357,0.997895939427757,0.997996346024578,0.998126150736313,0.998279420827211,0.998309309549245,0.998329644474441,0.998385075375085,0.998458589277061,0.998454225634037,0.998562411625277,0.998459122516394,0.998534896400913,0.998507947031422,0.998657552009771,0.99857062292253,0.998744508796921,0.998887769356951,0.998961029136691,0.99894897582702,0.998894871576456,0.99905809812132,0.999067924350238,0.999107447345842,0.999152042582733,0.999226437598074,0.999304894159575,0.999302634774334,0.999304410347341,0.999361955647977,0.999382911133117,0.999374230981946,0.999390812515523,0.999396084818814,0.999482515900116,0.999543148351313,0.999551474244114,0.999577795652195,0.999572025824675,0.999572559752032,0.999580666897871,0.999586171492629,0.999608320587866,0.999631129892033,0.999633743111488,0.999635702347785,0.999650439555453,0.999661838946793,0.999662082134418,0.999658572671181,0.999669699581447,0.999667578178183,0.999662472288208,0.99968933360365,0.999685827119386,0.999685232678307,0.99969957678202,0.999697775183706,0.99970410388817,0.999701982595437,0.999642134173815,0.999709139580826,0.999702783089471,0.999714708957893,0.999720171604327,0.999729878341399,0.999737245589268,0.999746626605666,0.999754444139128,0.999763177596785,0.999770879640307,0.999778948112295,0.999786319931728,0.999793779444255,0.999800745769795,0.999807658725882,0.999814201559814,0.999820621656426,0.999826747342345,0.999832718798312,0.999838444129363,0.999844003827957,0.999849349847879,0.999854529409686,0.999859518511909,0.999864345768847,0.999869000299486,0.999873500250362,0.999877841835068,0.999882037250548,0.999886086484076,0.999889998294677,0.999893774616763,0.999897422171359,0.999900943839114,0.9999043450869,0.999907629196732,0.9999108008236,0.999913863357674,0.999916820894737,0.999919676778577,0.999922434692996,0.999925097857063,0.99992766963098,0.999930153072436,0.999932551273385,0.999934867116086,0.999937103460888,0.999939263012655,0.999941348426019,0.999943362232783,0.999945306901418,0.999947184798116,0.999948998220888
"12",11,0.997167586370824,0.99683774598953,0.997230173147695,0.997208554866245,0.997693809438637,0.997679808682529,0.998004344608627,0.99790629994347,0.998012767289605,0.99810512567931,0.998226969523336,0.998369215182162,0.998403325034464,0.998420521346713,0.998473566888318,0.998530632187418,0.998533756914669,0.998619384691567,0.998533667638171,0.998585358153316,0.998567135809433,0.998678519353105,0.998577963841388,0.998714851682794,0.998841780680195,0.998906725349253,0.998910782658426,0.998844326103437,0.999002977563619,0.999011794446679,0.999046267724146,0.999077104261841,0.99915382229764,0.999253003119376,0.999253102395807,0.999255323841637,0.999309106307859,0.999333959973809,0.999326658221682,0.999346996774089,0.999351433881791,0.999429989490431,0.999490513728885,0.999505224679688,0.999530479979173,0.999529148721675,0.999530948870741,0.999535240624057,0.999539917052608,0.999563909807423,0.999587249672151,0.999587455725774,0.999589144744817,0.999606705917304,0.999619816896736,0.999620219063396,0.999612774361067,0.999622890867188,0.999617770569367,0.99960385847006,0.999623114828044,0.999616366499565,0.999616909544885,0.999643005687141,0.999642261579195,0.99964691823381,0.999644435789581,0.999547041320765,0.999645959622127,0.999641778582225,0.999652861516389,0.999658616726523,0.999668947029701,0.999676826646908,0.999686908619922,0.99969534830727,0.999704818653095,0.999713207960703,0.999722035363822,0.999730136724602,0.999738370974383,0.999746095291378,0.999753794670876,0.999761114493635,0.999768329130947,0.999775243778065,0.999782014502395,0.99978853525108,0.999794895709154,0.999801039117478,0.999807017896237,0.999812802629338,0.999818424776321,0.999823870041123,0.999829158046074,0.999834282806972,0.999839257214223,0.999844079804681,0.999848759595539,0.999853297536246,0.999857700373921,0.99986197030037,0.999866112694119,0.999870130342287,0.999874027764096,0.999877807986599,0.999881474959672,0.999885031757367,0.999888481927389,0.999891828488227,0.999895074683719,0.999898223424367,0.999901277709714,0.999904240317554,0.9999071140408,0.999909901515021,0.999912605351677,0.999915228042821,0.999917772036422,0.999920239684084,0.999922633283989
"13",12,0.997204797156543,0.996944461514936,0.997267505648773,0.997302136481738,0.99770774089351,0.99773866851376,0.998001692393849,0.9979398582335,0.998041099552535,0.998130881547748,0.998247315160057,0.998383672707825,0.998423337156511,0.998441549327028,0.99849487004851,0.998538857842254,0.998552846773867,0.998619645446073,0.99855206717092,0.998582114202384,0.998570851775389,0.998655145896183,0.998543925955469,0.998649528148389,0.998758281398584,0.998818338923954,0.998836308879674,0.998760012364142,0.998912774206873,0.998921164216316,0.998950857852225,0.998967783298606,0.999049581878417,0.999172801888077,0.999176024486102,0.9991795078208,0.999227484041259,0.999257078638745,0.999251907447572,0.999278321398243,0.999283510665232,0.999355149209207,0.999416160672583,0.9994368763663,0.999462408945515,0.999465330144879,0.999468276235033,0.999469644805845,0.999475987132672,0.999502097889685,0.999526521204929,0.999526168274955,0.999527343849573,0.999546915763449,0.999562291914042,0.999561200484455,0.999549815538825,0.999559312715362,0.99954965522891,0.99952372770488,0.999523726828966,0.999512019089267,0.999515993203561,0.999557872270911,0.99956123826601,0.999564754060136,0.999559333716055,0.99941657196846,0.999552466366544,0.999551269608718,0.999561071041419,0.999567199891075,0.999578365800018,0.999586930825029,0.99959794843622,0.999607214200126,0.9996176583901,0.999626951976716,0.999636774313676,0.999645829154933,0.999655073491405,0.99966378417731,0.999672505479283,0.999680833972842,0.999689079458437,0.999697017468064,0.999704825001853,0.999712377935571,0.999719778151997,0.999726957823664,0.999733976348876,0.999740797468782,0.999747456528856,0.999753934941255,0.999760254400704,0.999766406175868,0.99977240417971,0.999778245143338,0.999783938509995,0.999789484003622,0.999794888468202,0.999800153234008,0.999805283603631,0.999810281736832,0.99981515199464,0.999819896932578,0.999824520311708,0.999829024842643,0.999833413882416,0.999837690164604,0.999841856755925,0.99984591634176,0.999849871765739,0.999853725628059,0.999857480590145,0.999861139149115,0.999864703810083,0.999868176959798,0.999871560964359,0.999874858098692,0.999878070602211
"14",13,0.997124381871156,0.996923972478271,0.997200371560944,0.997283468022239,0.997641962255171,0.997711760760642,0.997924006360926,0.997897549493641,0.997999167923199,0.998087497011714,0.998201539546134,0.998336781650198,0.998382354381958,0.998405095177915,0.998458915814134,0.998497574000458,0.99852218906458,0.998572773621818,0.998521401381001,0.998534626672603,0.998528430328335,0.998595228367206,0.998475868530801,0.998557191256946,0.998642219351711,0.998704217607249,0.998731778861412,0.998647643352268,0.998790252377764,0.998799571575253,0.998822227895498,0.998829232982085,0.998915896076295,0.999066186877523,0.999073515196232,0.999078948413171,0.999121144922619,0.999153786804052,0.999153681721707,0.999185533560752,0.999196720035094,0.999258840985237,0.999318528191975,0.999349799710864,0.999373997197086,0.999381659499256,0.999386318213357,0.999386316499287,0.999394546216908,0.999423610425289,0.999450324897248,0.999449205110881,0.999449063363854,0.999471188438966,0.999488915589316,0.999486189320976,0.999472816574918,0.999480256984047,0.999462470179893,0.999423235869922,0.999386433810255,0.999371152232345,0.999379127849703,0.999442317886444,0.999454342397596,0.999454996041009,0.99944533835442,0.999250337935643,0.99942349162602,0.999423937569452,0.999432811709287,0.999439279930709,0.999451325681391,0.999460625035175,0.999472658285291,0.999482825250996,0.999494336187,0.999504623546969,0.999515542729312,0.999525652025994,0.999536016985092,0.999545825566401,0.999555688134512,0.999565146943527,0.999574551607453,0.999583644446447,0.99959262617643,0.999601352317875,0.99960993869341,0.999618304931434,0.999626518478072,0.999634535268614,0.999642395172054,0.999650074668446,0.99965759788593,0.999664952907306,0.99967215485268,0.999679198333553,0.999686093291565,0.999692837988019,0.999699439364893,0.999705897700622,0.999712218177981,0.999718402167511,0.999724453799904,0.999730375014614,0.999736169294232,0.999741838852096,0.999747386754345,0.999752815322691,0.999758127340475,0.99976332514576,0.999768411316982,0.999773388158197,0.999778258089063,0.999783023352858,0.999787686238469,0.999792248914947,0.999796713558041,0.999801082256619,0.999805357084957
"15",14,0.996958796547874,0.996809817823807,0.997055025846531,0.997178913751857,0.997509172493307,0.997613047225235,0.997784170835669,0.997792338463555,0.997898772624294,0.997988613424555,0.99810113013384,0.998238387309039,0.998290569567434,0.99832422522763,0.998375947765002,0.998411731951145,0.998445771235952,0.998487386913025,0.998448274137023,0.998450201690233,0.998447310805487,0.998504408312543,0.998381090645831,0.998438909189646,0.998500525669606,0.998565891526009,0.998601354143488,0.99851164744745,0.998642996422671,0.998651676457777,0.998665650354624,0.998666553165622,0.998757505809605,0.998937289829604,0.998949048857656,0.998957091165394,0.998991891124241,0.999028895503375,0.99903392692299,0.999071984355761,0.999090819666182,0.999143933176994,0.999202597363965,0.999243775162567,0.999267200745013,0.999280831506592,0.999286453316208,0.999285301704449,0.999297998006241,0.999331562079234,0.999361022942535,0.9993599896593,0.999357888895213,0.99938267772563,0.999401206985686,0.999395847504347,0.999382306094168,0.999386614605369,0.999358693572051,0.999303088275485,0.999210516029574,0.999191770725108,0.999205794085319,0.999295994224244,0.999321433764538,0.99931775352675,0.999300064797682,0.999048907565867,0.999255078160095,0.999259241788547,0.999265558342792,0.999272204523645,0.9992849733147,0.999294902386024,0.999307833947878,0.999318808816577,0.999331286475758,0.999342482265197,0.999354412029243,0.999365500078651,0.99937691256955,0.999387754475915,0.999398698304118,0.999409234918716,0.999419751858976,0.99942995961982,0.99944008178696,0.99944995413052,0.999459706069783,0.999469244910176,0.999478646028242,0.999487857593073,0.999496923968121,0.999505816659246,0.999514562222443,0.999523145477988,0.999531582742937,0.999539866418992,0.999548006921067,0.999556000952608,0.999563855511444,0.999571569726802,0.999579148603761,0.999586592624719,0.999593905618831,0.999601088808853,0.999608145316933,0.999615076756546,0.999621885812488,0.999628574289942,0.999635144591882,0.999641598602378,0.999647938532724,0.999654166282366,0.999660283923593,0.999666293335904,0.999672196483762,0.999677995207503,0.999683691382604,0.999689286800209,0.999694783258546
"16",15,0.996725958883985,0.996618392537751,0.996847041525232,0.997005423178624,0.997331560193397,0.997459170277938,0.99759755975625,0.997639347756581,0.997749343126755,0.997845014117792,0.99796123918659,0.998098996930153,0.99815869035695,0.998206253744022,0.998254960802718,0.998292864302111,0.998334417150888,0.998370436034566,0.99834102468281,0.998333018173406,0.998331995782782,0.99838788495544,0.998262470495164,0.998303288040983,0.998337163937392,0.998409767992914,0.998449177294791,0.998355556091205,0.998472834524043,0.998481115220141,0.998485604408926,0.998482105399326,0.998578434035294,0.998788111803993,0.998806914211008,0.998816318623183,0.998843631494915,0.998884716000172,0.998896842895435,0.998941608481218,0.998971051239418,0.999014336657284,0.999070752442916,0.999122379422035,0.99914398660305,0.999163272600467,0.999171621402151,0.999170847374922,0.999188264187915,0.999226447281635,0.999258995079062,0.999260145596039,0.99925574404821,0.999282070034381,0.999302116941466,0.999293591509443,0.999281408784259,0.999281526243537,0.999240962146501,0.999167457383319,0.998999153129571,0.998977894824689,0.998998543611093,0.999119634734725,0.999163369290167,0.999155248815878,0.999125606909072,0.998817329989034,0.999049472605001,0.99905620228032,0.999059732602509,0.999066291795576,0.999079456612443,0.999089778592743,0.999103318481455,0.999114858530687,0.999128029417058,0.999139888974546,0.999152569319107,0.999164395127035,0.999176607997829,0.999188249520911,0.999200040064606,0.999211430245213,0.999222837480891,0.999233946759153,0.999245000039552,0.999255816918464,0.999266537923719,0.999277060059905,0.999287465271951,0.999297695104497,0.99930779767862,0.999317740168961,0.999327551165048,0.999337212584178,0.999346741730113,0.999356128992009,0.999365385143813,0.999374505434081,0.999383496849766,0.999392357417714,0.999401091919779,0.999409699962335,0.999418185034674,0.999426547632401,0.999434790478874,0.999442914561664,0.999450922142349,0.999458814472072,0.99946659352653,0.999474260689358,0.999481817752321,0.99948926615655,0.999496607569183,0.999503843446153,0.999510975364691,0.999518004771442,0.999524933174251,0.999531761997103,0.999538492690786
"17",16,0.996443643053543,0.996371193662293,0.99659297516056,0.996776347458811,0.997112225566934,0.997261690700326,0.997371729271011,0.997443940978273,0.997564785452217,0.997664391649873,0.997783572855227,0.997924704135101,0.997995226387324,0.998055494279115,0.998098627710167,0.998142663465078,0.998190770316005,0.998223303976152,0.998200786874934,0.998188046383667,0.99819081929111,0.998251182932112,0.99812412440698,0.998151302822995,0.998156393982394,0.998239288435947,0.998280352185039,0.998183050618635,0.99828332247101,0.998292363420295,0.998285468807179,0.998281049623253,0.998382914320969,0.998622177311931,0.998648357080314,0.99865912801106,0.998680992166565,0.998724503925394,0.9987462534527,0.998795906080674,0.9988385042804,0.99887190378584,0.99892467283911,0.998987804678955,0.999008588596984,0.999033422200391,0.999042842186385,0.999044796867169,0.999067455512902,0.999112179069622,0.999148633051322,0.999151431140417,0.999145201811213,0.999173062228889,0.999194439194818,0.999181315400923,0.999172334440417,0.999166501169202,0.99911158386382,0.999018916620732,0.998756940947006,0.99873364379209,0.998763314420841,0.998918025956116,0.998984938934082,0.998970009921607,0.998926121245699,0.998561608122119,0.998809124179871,0.998817461513074,0.998817771521117,0.99882392326724,0.998837063125363,0.998847466581368,0.998861225242566,0.998872999764812,0.998886486168986,0.998898667208577,0.998911729616291,0.998923946987379,0.998936600266395,0.998948696093115,0.998960981622455,0.998972883852955,0.998984837841271,0.998996512797391,0.99900816199137,0.999019594547759,0.999030958059649,0.99904214258347,0.999053234342602,0.999064170240151,0.999075000877386,0.999085690281482,0.999096268378926,0.999106714900516,0.999117047770418,0.999127255807212,0.999137349962925,0.999147324310506,0.999157185746966,0.999166931378207,0.999176565737857,0.999186087677492,0.999195500348367,0.999204803601851,0.999213999775834,0.999223089289383,0.999232073997159,0.999240954635732,0.99924973276818,0.999258409303802,0.999266985625454,0.999275462731504,0.999283841889397,0.999292124138321,0.999300310668134,0.999308402531123,0.999316400861726,0.999324306709505,0.999332121166568
"18",17,0.996123492969332,0.99607867514999,0.996303069308397,0.996510744589079,0.996869313462737,0.997028449841334,0.997121387437782,0.997218206478264,0.997347791784869,0.997452998848951,0.997577655191381,0.997728811953568,0.997803371973114,0.99788227122176,0.997919374585703,0.99796962728158,0.998022201296707,0.998056129802924,0.998036840386961,0.998020466225758,0.998028458429034,0.998096824075175,0.997971666320212,0.997986796567869,0.997961471307667,0.998055698151951,0.998095932619141,0.997997522861614,0.998081557414867,0.998089323438001,0.998070568005792,0.998066621904151,0.998173814820292,0.998443535859695,0.998478068173945,0.99848986763963,0.998506696374238,0.998551981864456,0.998584007903713,0.998638800502159,0.998696999795567,0.998719873004889,0.998768449285852,0.998842365003928,0.998861972429385,0.998892484819841,0.998905505792755,0.998909367640826,0.998939610783684,0.998989950609787,0.999029538724224,0.999036884043458,0.999027846870692,0.999056254600292,0.99907904693354,0.999061064197336,0.999057800588287,0.999045515212546,0.998973860563134,0.998861499566481,0.998490400318388,0.998466710519831,0.998506892719898,0.998696986109837,0.998789344668706,0.998767593171997,0.998704804605408,0.998289667239923,0.99854005070318,0.99854892698905,0.998545664189541,0.998551079220979,0.998563740421676,0.998573884761678,0.998587430171262,0.99859906917471,0.998612445057069,0.998624558549247,0.998637581016877,0.998649790482435,0.998662465603175,0.998674611046561,0.998686976055293,0.99869898359263,0.99871107176838,0.998722905654266,0.998734741266567,0.998746384191326,0.998757984094252,0.998769428230502,0.99878080422025,0.998792046822566,0.998803207480233,0.998814248593921,0.998825200517093,0.99883604173615,0.998846790310516,0.998857434086205,0.998867983953926,0.998878433203397,0.998888788542767,0.998899046425339,0.99890921111636,0.998919280904998,0.998929258627064,0.998939143634462,0.998948937923997,0.998958641460154,0.998968255744747,0.998977781092782,0.998987218711564,0.998996569114107,0.999005833330092,0.999015011981819,0.999024105989535,0.999033116033267,0.999042042963653,0.999050887488522,0.999059650412203,0.999068332453008,0.999076934382636
"19",18,0.995776910718384,0.995757171678688,0.995991085260783,0.99621442281601,0.996603960960203,0.996769998142034,0.99685198127269,0.996970516635109,0.997109636925482,0.997223397615971,0.997352108954386,0.997510265807873,0.997589984066973,0.997689075102547,0.997714744303376,0.997778867270023,0.99783119928157,0.997871729550146,0.99785118207323,0.997836542389499,0.997845328198558,0.997926584153179,0.997806922871032,0.997813783773153,0.997754754882353,0.997862833212013,0.997901771583526,0.99780081191138,0.99786689129977,0.997874434395728,0.997843216013945,0.997844147077077,0.997956169730214,0.998254240068908,0.998298682415721,0.998311751463524,0.998323782608593,0.998371927359535,0.998414048352927,0.998475175393335,0.998547667176955,0.998561539058225,0.998605707650191,0.998689639113808,0.998709017630526,0.998744257464519,0.998760951560072,0.998767327290248,0.998804457932255,0.998862309823325,0.998906035005849,0.998919027691194,0.998907763218458,0.998935934682017,0.998959210747479,0.998937107166264,0.998939263804535,0.998920702750562,0.998831207303608,0.998699604162323,0.998207763324178,0.998186451084556,0.998238852698999,0.998462191364354,0.998582476913135,0.998554582827816,0.998469230886647,0.998008707465788,0.998249102600522,0.998257913269583,0.998250614054085,0.998255003717826,0.998266783504562,0.998276364080687,0.998289306853334,0.998300474566762,0.998313350696061,0.998325038852575,0.998337630715074,0.998349460028657,0.998361764391415,0.998373577370395,0.998385626988365,0.998397350744238,0.998409175852732,0.998420774428337,0.998432396932422,0.998443852158805,0.998455286940102,0.998466589817243,0.998477846936265,0.998488993405657,0.99850007985418,0.998511068594725,0.998521989475608,0.998532820705355,0.998543579975275,0.99855425478189,0.9985648557039,0.998575375664035,0.998585821078606,0.998596188039233,0.998606480525086,0.998616696477112,0.998626838446196,0.99863690545121,0.998646899204683,0.998656819352467,0.998666667113709,0.998676442497642,0.998686146431775,0.998695779134652,0.998705341360148,0.998714833446083,0.998724256041736,0.998733609551609,0.998742894560793,0.998752111509766,0.998761260943102,0.998770343319344,0.998779359156431
"20",19,0.9954158087238,0.995418752430666,0.995661681159826,0.995901561906856,0.996326469454307,0.996493659779644,0.996569997109548,0.99670669404312,0.996856846693761,0.996973612020601,0.997112212992179,0.997275829877106,0.997364790081881,0.997480841446044,0.997497049005547,0.997570924310298,0.997625345097206,0.997670256389699,0.997650252286272,0.99763596057217,0.997648166608829,0.997746469255097,0.997630569338585,0.997630220919537,0.997541506816604,0.997661737977109,0.997699078770385,0.997595193039659,0.997645812864452,0.997651533640629,0.997607935260307,0.997614777220622,0.997731936494222,0.998057176438702,0.998112810132658,0.998125693010386,0.99813626818394,0.99818696281219,0.998239900500738,0.998305424998375,0.99839406861033,0.99840075393029,0.99843816440664,0.998532820174786,0.998550512731048,0.998591177433493,0.998611943761951,0.998623230000759,0.998665920498744,0.998731364902747,0.998779399524631,0.998799359447177,0.998785386696582,0.998813817617422,0.998837754573327,0.998811147310669,0.998819251925403,0.998794504369216,0.998687230314455,0.998534548339125,0.997919224710025,0.997901768080484,0.997967458579401,0.998220598281698,0.998370333301098,0.998335455111624,0.998225524985406,0.99772747780699,0.997944773283618,0.997952126418606,0.99794092846829,0.997944077949634,0.997954671028034,0.99796345476203,0.997975494294942,0.997985929539054,0.997998000971095,0.998008981529707,0.998020832511928,0.998031984060983,0.998043601742733,0.998054772824186,0.998066185245313,0.998077306148422,0.998088540420737,0.998099576426741,0.998110652183415,0.998121585313227,0.998132515693287,0.998143336594192,0.998154130244969,0.998164834227484,0.99817549692968,0.998186081901048,0.998196617670626,0.998207083009269,0.998217494794096,0.998227840719019,0.998238130824767,0.998248358035957,0.99825852838192,0.998268637853033,0.9982786901243,0.99828868298237,0.998298618719861,0.998308496175256,0.998318316828847,0.998328080134402,0.998337787094244,0.998347437521427,0.998357032136412,0.998366570961428,0.998376054550105,0.998385483045826,0.998394856902872,0.998404176334178,0.998413441734266,0.998422653355379,0.998431811555517,0.998440916608508,0.998449968849476
"21",20,0.995044397080864,0.995067794833506,0.995323674214768,0.995576442610536,0.996038160053473,0.996206302301566,0.996280487196292,0.996432820003473,0.996592478797821,0.996712961682964,0.996858523267493,0.997033507487069,0.997127817731651,0.997262386472968,0.997268423610964,0.997353547579727,0.997407509721839,0.997457023204053,0.997434946056319,0.997424349017069,0.997439392062115,0.997557362758522,0.99744865664956,0.997443277916935,0.997321718883265,0.997456969722105,0.997489893877788,0.997383560123499,0.997419020288386,0.997423967785835,0.997366702971886,0.997381707120945,0.997503150129275,0.997854869621789,0.99792284542917,0.997935020749198,0.997946500386648,0.997999710999255,0.998065118843798,0.998133902689149,0.998237350587921,0.998237913689809,0.998269406213794,0.998372396012205,0.998389211076804,0.998435587104968,0.998461742875569,0.998476739242039,0.998525393017923,0.998598113765393,0.9986524039616,0.998679244246417,0.998664734717059,0.998690559141764,0.998717530758983,0.99868593889264,0.99870031248751,0.998668956758532,0.998544389704762,0.998371827409988,0.997632226783084,0.997618624489071,0.997699249258645,0.997979200102213,0.998156217771264,0.998115467511872,0.997979514275934,0.997452359564627,0.997635779822974,0.997640540081336,0.997625730218129,0.997627529987633,0.997636778383027,0.997644642470028,0.997655617540152,0.997665177770163,0.997676275318111,0.997686389178046,0.997697321764322,0.997707622824485,0.99771836797269,0.99772871273845,0.997739293777982,0.997749616985302,0.997760057968978,0.997770327031854,0.997780645466751,0.997790843278196,0.997801050777021,0.997811168189019,0.997821272252497,0.997831304424953,0.997841309921056,0.997851254420096,0.997861164594049,0.997871020355166,0.997880837470388,0.997890604216458,0.997900329947522,0.997910007856168,0.997919643525411,0.997929233036754,0.997938779755338,0.997948281460153,0.99795774021169,0.997967154786074,0.997976526476052,0.997985854643187,0.997995140128134,0.998004382635879,0.998013582740564,0.998022740348328,0.998031855875909,0.998040929346972,0.998049961084991,0.998058951182005,0.998067899905945,0.99807680738833,0.998085673863727,0.998094499486157,0.998103284469869
"22",21,0.994672424516235,0.994711157328811,0.994981323912636,0.995247520425647,0.995746521262032,0.995915555423108,0.99599088243529,0.996149905091465,0.996322408723955,0.996444450118571,0.996600749323872,0.996786848945797,0.996883789871734,0.997039440102542,0.997028411852753,0.997128356083846,0.997180374474233,0.997237192340911,0.997210338274233,0.997203377663457,0.997223608315932,0.997361453058949,0.997261582406064,0.997250047384642,0.997098090223968,0.997247586133039,0.997277441329433,0.997167261027809,0.997191175402772,0.997191864254104,0.997123902698331,0.997147762035544,0.997273794675137,0.99765092857585,0.997730898220588,0.997742493583802,0.997757601723432,0.997813317748571,0.99789056183507,0.997963498079834,0.998080123418894,0.998076140750257,0.998101575041295,0.998211422192596,0.998227276565547,0.998279619792659,0.998311735090888,0.998331375930181,0.998383912338405,0.998466703916232,0.998524675821417,0.998560563060506,0.998545950269705,0.99856980867206,0.998597985503922,0.998562808419215,0.998583719533457,0.998545856315993,0.998403738694372,0.998212061370922,0.99735376714552,0.997346851885063,0.99744340874072,0.997743580089491,0.997945753384679,0.997901499789888,0.997737237965094,0.997189816261291,0.997329074977314,0.997330476878728,0.997312393931489,0.997312824672823,0.997320697198495,0.997327614441295,0.997337485607556,0.997346132795955,0.997356207871167,0.997365406273682,0.997375362900582,0.997384754561136,0.997394560881158,0.997404010824939,0.997413685659221,0.99742313353874,0.99743269806497,0.997442113825184,0.997451583611359,0.997460951364621,0.997470336694988,0.99747964780963,0.997488955246939,0.997498205018694,0.997507438734738,0.997516624656779,0.997525787347249,0.997534908166696,0.997544001633679,0.99755305682135,0.997562082331294,0.997571071778139,0.997580030277816,0.997588954119152,0.997597846364648,0.997606704877709,0.997615531511023,0.997624325054987,0.997633086649374,0.997641815630185,0.997650512716949,0.997659177566651,0.997667810650955,0.997676411815548,0.997684981385756,0.997693519318055,0.997702025851238,0.997710501006684,0.997718944971878,0.997727357806081,0.997735739666216,0.997744090633514,0.99775241084656
"23",22,0.994301462381128,0.994358301173544,0.994641630234102,0.994922525387373,0.995456583909837,0.995621801552926,0.995702241378396,0.995868055074112,0.996050840764137,0.996173922820384,0.996335864098552,0.996533871396618,0.99663852289172,0.996810892391154,0.996786413734936,0.996894970574431,0.996949997713843,0.997008315315727,0.996981416847467,0.996978155778187,0.997000994791971,0.99716004169097,0.997069734679502,0.997052552867683,0.996869929279895,0.997033996434847,0.997063225654981,0.996947626011787,0.996961897439897,0.996957981446912,0.996881490602621,0.996915517041021,0.997046125517288,0.997444114097091,0.997539025095978,0.997549700859915,0.99757037680165,0.997630380216265,0.997717512168164,0.997794446582953,0.997923275363919,0.997918084935203,0.997936355662094,0.998051412725774,0.998067552448846,0.998125034090289,0.998164451850582,0.998188491089304,0.998244109415907,0.998335115503507,0.998397498104054,0.998443608733937,0.998431089420961,0.998451778027245,0.99848200877473,0.998443777770588,0.998468789574956,0.998426373808881,0.998268929917921,0.998058839878887,0.997089798114946,0.99709145037516,0.997204251958537,0.997519464750229,0.997743399487731,0.997695377433604,0.997504363845812,0.996943182294644,0.997031653193414,0.997030357974175,0.997008918721174,0.997008073334536,0.997014697374546,0.997020760181641,0.997029640377989,0.997037467213666,0.997046622001337,0.997054994096883,0.997064067097246,0.997072632670018,0.997081583287612,0.997090214807478,0.997099057892644,0.997107699486441,0.997116453759442,0.997125077764873,0.997133757173852,0.997142348930916,0.99715096268347,0.99715951415709,0.997168068087587,0.997176574825239,0.997185072593433,0.997193532148719,0.997201976069656,0.997210387142799,0.997218778716763,0.997227140671201,0.997235480909981,0.997243793495306,0.997252083119346,0.997260346310674,0.997268585866988,0.997276799771202,0.997284989703486,0.997293154504281,0.997301295194473,0.997309411120062,0.997317502912924,0.997325570217042,0.997333613434685,0.997341632385403,0.99734962733587,0.997357598209004,0.997365545191336,0.997373468266572,0.997381367573802,0.997389243132409,0.997397095053331,0.99740492337682,0.99741272819704
"24",23,0.99393913849785,0.994008506037567,0.994306806931433,0.994597305624031,0.995165171072742,0.995329631633962,0.995414637161802,0.995584327572985,0.995777788651758,0.995898795954846,0.996072783523026,0.996280669868882,0.996390364005782,0.996579200376624,0.996543823195511,0.996660707417177,0.996713620280378,0.996775728749029,0.996745602280977,0.996748686870765,0.996774084052334,0.996955005717057,0.996872209484735,0.996851827267727,0.996642236039228,0.996821601478928,0.996848799208017,0.996726068830213,0.996733756287519,0.996726775817907,0.996639525299018,0.996687032697244,0.996820856523326,0.99723917782748,0.997348689424918,0.99735720741399,0.997386262252808,0.99745106332032,0.997549232686281,0.997628985417384,0.997768886964179,0.997762037714094,0.99777375346794,0.997894766457917,0.997910303233172,0.99797330621703,0.998021395677049,0.998048733676138,0.998106395882039,0.998207531826691,0.998273813041664,0.998329039729621,0.9983189138763,0.998335938949098,0.998369622812238,0.998328959385478,0.99835864315988,0.998310792543263,0.998139910742931,0.997912730617379,0.996847147933578,0.996856603134813,0.996986552668127,0.997309001840724,0.997551314498078,0.997501520368486,0.997283715395703,0.996716343404984,0.996750301189973,0.996744590538062,0.996721124533477,0.996719185281053,0.996724818165099,0.996730217707118,0.996738346563241,0.996745554850573,0.996754017838571,0.996761768667252,0.996770176719549,0.996778119754688,0.996786424495915,0.996794437229032,0.996802650361234,0.996810680204812,0.996818818615786,0.996826839727067,0.996834916188391,0.996842914871793,0.996850937824862,0.996858906539547,0.996866881313571,0.996874815842299,0.99688274575394,0.996890643741042,0.996898530860725,0.996906391015505,0.996914236657954,0.9969220583065,0.996929863333156,0.996937646161277,0.996945411163239,0.996953155067305,0.996960880474858,0.99696858547465,0.99697627162245,0.996983937810026,0.996991584975778,0.996999212485406,0.997006820912753,0.997014409903195,0.997021979815264,0.997029530459338,0.997037062066742,0.997044574545163,0.997052068050732,0.99705954254848,0.997066998150054,0.997074434854239,0.997081852746321,0.997089251844914,0.997096632219648
"25",24,0.993581604686392,0.993668935050247,0.993976127616852,0.9942816843112,0.994875920732993,0.995039359120277,0.995136401160988,0.995305482617276,0.995506861920475,0.99562918129036,0.995809033822165,0.996030026701597,0.996145818180035,0.996348707918859,0.996299762347465,0.996426486985934,0.996473871094595,0.996542222397712,0.996510256757108,0.996514827919629,0.996542588027187,0.996746392312052,0.996675881021862,0.996650764287801,0.996416443242222,0.996606333520573,0.996636813025075,0.996503973052901,0.996507605338787,0.996496160236239,0.996402404579033,0.996460829897039,0.996598037843969,0.997034799196974,0.997161552651894,0.997167869797534,0.99720773733852,0.997278152861591,0.997386874953018,0.997468822235316,0.997616219514853,0.997612620790415,0.997616744800333,0.997741197443907,0.997756621922775,0.997824489906975,0.997882869926968,0.99791330940361,0.997970820679984,0.998081505738603,0.998152632557439,0.99821918762794,0.998212011702978,0.998225263939349,0.998262263922562,0.998218403782247,0.99825328930941,0.998200512543668,0.998017947436925,0.997775205315114,0.996628222561766,0.996646093393399,0.996792116553745,0.997117344011804,0.997372252076436,0.997322124920236,0.997079181794254,0.996512787781921,0.996490196602439,0.996478955053951,0.996454693371433,0.996451917325311,0.996456919049411,0.996461923744652,0.996469639158694,0.996476515229792,0.996484612718042,0.996492037134926,0.996500096931451,0.996507714363363,0.996515681576902,0.996523371112814,0.996531255360913,0.996538965951017,0.996546783087493,0.996554489811806,0.996562251982865,0.99656994164837,0.996577656896557,0.996585322223815,0.996592995618131,0.996600632516678,0.996608267198628,0.996615873364084,0.99662347128039,0.996631045430646,0.996638607803099,0.996646149248518,0.996653676863926,0.996661185260725,0.996668678646429,0.996676153853504,0.996683613382528,0.996691055377758,0.996698481331423,0.996705890162534,0.99671328276763,0.996720658523277,0.996728017974084,0.996735360766812,0.996742687238124,0.996749997194315,0.99675729084915,0.996764568103089,0.996771829097241,0.996779073787619,0.99678630227235,0.996793514540196,0.996800710663829,0.996807890651289,0.99681505456015
"26",25,0.993235901336521,0.993340310991578,0.993656866045792,0.993979580570502,0.994595667621405,0.994758567499184,0.994864260128874,0.995032514450867,0.995237620582339,0.995358335083311,0.995547900861863,0.995782741842068,0.995904612299352,0.996119725714963,0.996056159773469,0.996191090126122,0.996236861325935,0.996303109917456,0.996270389649124,0.996280711317402,0.996311602659501,0.996536522694925,0.996476079376376,0.996445238282857,0.996188850548497,0.996391109312287,0.996423041262102,0.996279541226751,0.996284619108047,0.996267842559479,0.996168749529026,0.996239242200625,0.996379693876048,0.996833825533848,0.996976321920129,0.996979932249868,0.997033443990581,0.99711000642989,0.997228883639171,0.997313302332976,0.997465088669115,0.997466731086564,0.997466237752252,0.997590938787588,0.997607447586232,0.997680818420072,0.997748967054508,0.997782383146112,0.997839426612504,0.997959201739813,0.998034461493987,0.998111222684455,0.998108684762465,0.998118520991773,0.998158975970113,0.99811472185449,0.998151360096543,0.998095962548452,0.997902172166129,0.997646369152562,0.996433903546636,0.996461321341997,0.996622679088721,0.996943750691115,0.997206505437491,0.997158248573404,0.99689139428978,0.996331481613606,0.99625248017431,0.996237854393489,0.996212536767348,0.996209233432328,0.996214035620462,0.996218967733932,0.996226676053519,0.996233565112153,0.996241691523837,0.996249146944007,0.996257243457956,0.996264897288874,0.996272903986105,0.996280632801767,0.996288558454671,0.996296310613031,0.996304170967695,0.996311921356422,0.996319728566747,0.996327463901904,0.99633522602516,0.996342938971503,0.996350661083005,0.996358347510555,0.996366032750187,0.996373690324022,0.99638134063133,0.996388968044125,0.996396584630138,0.996404181170308,0.996411764808836,0.996419330112695,0.996426881316717,0.996434415224561,0.996441934351931,0.996449436823877,0.996456924140289,0.996464395206863,0.996471850923238,0.996479290656281,0.996486714950921,0.996494123446442,0.99650151647814,0.996508893846197,0.996516255761994,0.99652360212072,0.996530933060489,0.996538248532569,0.996545548631728,0.996552833342313,0.996560102733428,0.996567356808908,0.996574595622641
"27",26,0.992901304707396,0.993021970745252,0.993340950039308,0.993682148501943,0.994313791365698,0.994486715678173,0.994602028400782,0.99476168368926,0.994978235863734,0.995092736134191,0.995293122526474,0.995538831631077,0.99566748185038,0.995891532369925,0.995816973548899,0.99595667173289,0.996001160349727,0.996066803824277,0.996034116016817,0.996047249949947,0.996076892899176,0.996325397756147,0.996275164030983,0.996240277411427,0.995964674529086,0.996174160890242,0.996213494852075,0.996057320494351,0.996065249561375,0.996042448147725,0.99594132822598,0.996024079294644,0.996168254575552,0.996633965037028,0.99679420417862,0.996796867742635,0.996866453068465,0.996949819245584,0.997076446961217,0.997162174945158,0.997318843430656,0.997325545017746,0.997319136997641,0.997445890901122,0.997463000997904,0.997542033229597,0.997620784863756,0.997656005544615,0.997709855997785,0.997840300049182,0.997918919372511,0.998007692853049,0.998010215358158,0.998014856126055,0.998060435542859,0.998015405415463,0.998053802854422,0.997996139139068,0.997794162797398,0.997526646087663,0.996266019516491,0.996302167831613,0.996479661981788,0.996790711398986,0.997056546831672,0.997010790632914,0.996723274768416,0.99617258946918,0.996039892063189,0.996021443012863,0.995996140098676,0.995992632727009,0.995997686190658,0.996002882587431,0.996011008939442,0.996018272505073,0.996026841324463,0.996034702829413,0.996043240486893,0.996051311417226,0.996059754505822,0.996067904618535,0.996076262347177,0.996084437169623,0.996092726134014,0.996100899181947,0.996109132196048,0.996117289460362,0.996125475019483,0.996133608764273,0.996141752219532,0.996149858088885,0.99615796275055,0.996166038281454,0.996174106194053,0.996182150007107,0.996190182446946,0.996198193790978,0.996206191573305,0.996214170064017,0.996222133729036,0.996230079197241,0.99623800912157,0.996245921524448,0.996253817987524,0.996261697356505,0.996269560580008,0.996277406990102,0.996285237161316,0.996293050713023,0.996300847998664,0.996308628807306,0.996316393361701,0.996324141551119,0.996331873521042,0.996339589219885,0.996347288747415,0.996354972086936,0.996362639311148,0.996370290423913,0.996377925481881
"28",27,0.992575128866918,0.992711873218734,0.993040314130097,0.993393885639223,0.994042106226587,0.994217880580411,0.994345220971997,0.994500407081624,0.99472141333671,0.994833264011051,0.995040527313594,0.995298297513897,0.995434413735584,0.995668022239594,0.995582010219598,0.995720727476329,0.995766387446756,0.995828291341586,0.995801038017505,0.995812591247901,0.995845084717945,0.996111550759895,0.996075909176022,0.996030852306902,0.995739440222015,0.99595817189687,0.996003092135189,0.995835520132795,0.995849880147401,0.995822094506388,0.99571709854985,0.995813818194082,0.995959669127486,0.996439155349835,0.996616448990306,0.996615228949155,0.996704159309364,0.996796099890226,0.996929680986759,0.997018350414074,0.997174282338811,0.997189376577306,0.99717933915946,0.997304160968939,0.997322576403655,0.997406956271974,0.997498096942898,0.997534093696813,0.997584434128441,0.997723539840205,0.997806770240591,0.997905787129635,0.997914970934209,0.997915209958948,0.997965414528181,0.997920833870869,0.997960051638545,0.997900954151339,0.99769286563535,0.997414656435777,0.996124632902026,0.99616957946252,0.99635892979113,0.996656316185681,0.996919726997328,0.996879789013365,0.996573692692544,0.996036008545846,0.995853568276129,0.99583081570997,0.995806687247629,0.995803322155513,0.995809106889224,0.995814925833411,0.995823921907706,0.995831944009415,0.995841394419089,0.99585006040471,0.995859468783581,0.995868361209959,0.995877662325523,0.995886639576266,0.995895844439284,0.99590484683575,0.995913973908438,0.995922972341508,0.995932035790257,0.995941014851446,0.995950024058651,0.995958975244466,0.99596793612271,0.995976854652637,0.995985770864711,0.995994654043386,0.99600352785736,0.996012374182909,0.996021207020553,0.996030015682858,0.996038808458119,0.996047579050908,0.996056332374806,0.996065064728503,0.996073779031893,0.996082473115892,0.996091148722579,0.996099804587873,0.996108441758013,0.996117059503427,0.996125658459237,0.996134238211531,0.996142799152503,0.996151341054631,0.996159864166531,0.996168368370712,0.996176853830903,0.996185320494532,0.996193768475112,0.996202197758348,0.996210608428016,0.996219000492356,0.996227374017506
"29",28,0.992260015117158,0.992416708714417,0.992744261435416,0.99312220052431,0.993772008436756,0.993960011412769,0.994096701649175,0.994244062508405,0.994470697913653,0.994575991999294,0.994790706251153,0.995064165844028,0.995205378250591,0.995445526287706,0.995348409764098,0.995489263309516,0.995533648526305,0.995590438350811,0.995565452219643,0.995578251616788,0.995612688629055,0.995899055913402,0.995873659255264,0.995822057895901,0.995515898299934,0.995743776935337,0.995795961265701,0.99561405702226,0.995639800880146,0.995604944257683,0.9954983109969,0.995608485216754,0.995758103687734,0.996248445292528,0.996441523869658,0.996438296399934,0.996548573748858,0.996649594723112,0.996788464028275,0.996877275971345,0.997034005201101,0.997058115915106,0.997044127585557,0.997166829178496,0.99718843522798,0.997276149852904,0.997379715624835,0.997415021278629,0.99746046404248,0.997610013475993,0.997696747558552,0.997807582705798,0.997822247550949,0.997818602344726,0.997874548775634,0.99783069367587,0.997868945191143,0.997809638350045,0.997596308589978,0.997309338648643,0.996006734114552,0.996059533123404,0.996261397269627,0.99654121170818,0.996797723933483,0.99676325344253,0.996441530449956,0.995920202791353,0.995693687908309,0.995666338954003,0.995644455624889,0.995641575748654,0.995648561598725,0.995655352804077,0.995665658387889,0.99567481248869,0.99568557115322,0.995695428338557,0.995706124098826,0.995716229958006,0.995726797437586,0.995736994570462,0.995747447929865,0.995757669152204,0.995768029719153,0.995778242087991,0.995788526062013,0.995798712123191,0.99580893021711,0.995819080351784,0.995829239324029,0.995839348142592,0.995849452192283,0.995859516673982,0.995869568414857,0.995879586894376,0.995889587978612,0.995899559575865,0.995909511078809,0.99591943537183,0.995929338024789,0.9959392148599,0.995949069189542,0.995958898570406,0.995968704981756,0.995978487004279,0.995988245829957,0.995997980643985,0.996007692173368,0.996017379960126,0.9960270444566,0.996036685415388,0.996046303126542,0.996055897466889,0.996065468630546,0.996075016567579,0.996084541415352,0.996094043167069,0.99610352192647,0.996112977712126,0.996122410607815
"30",29,0.991952942777936,0.992124803310735,0.992454284676565,0.992852112760685,0.993507967600686,0.993713687886199,0.993856109193294,0.993995977304794,0.994225505268289,0.994324284416864,0.994547288746923,0.994833520244402,0.994983306126396,0.995223678659508,0.995119669986334,0.995259390975773,0.995302503193778,0.995351253609694,0.995334084772864,0.995347137249917,0.995377672523979,0.995683714345276,0.995669966919714,0.995611413715392,0.995294544225928,0.995526003095319,0.99559047521674,0.995392071592224,0.995431481020269,0.995390514841183,0.995287832294169,0.995408748586387,0.995559966218108,0.996059590944961,0.99627017772705,0.996264519108308,0.996398087939273,0.996507420363163,0.996650022178013,0.996741901933787,0.996894775377857,0.996930291037193,0.996913284747567,0.997033902083104,0.997056085548563,0.997149077264527,0.997264856301456,0.997301454006775,0.997340137795639,0.997498236392693,0.997588700684562,0.997709400827811,0.997730510933821,0.997722775834662,0.997785402661119,0.997742599995864,0.997779954458655,0.99772083839495,0.997504855373672,0.997211895329017,0.99591162798386,0.995972121274123,0.996184724640148,0.996442760351373,0.996689010209512,0.996659740889537,0.996325090072073,0.995822281830829,0.995556687068233,0.99552706815457,0.995507114147243,0.995505031604812,0.995513641899898,0.995521719485159,0.995533728445774,0.99554434839894,0.995556796084581,0.995568189049923,0.99558054288671,0.995592210349915,0.995604406387305,0.995616171236303,0.995628228018557,0.995640013523059,0.995651956154883,0.995663724474661,0.99567557181202,0.995687302887361,0.995699067383447,0.995710750186849,0.995722439713554,0.995734068098373,0.995745687568995,0.995757258122282,0.995768810619144,0.995780321491338,0.995791808986856,0.995803259233408,0.995814683034399,0.995826072238256,0.995837433254581,0.995848761307207,0.995860060212548,0.995871327186028,0.995882564513547,0.995893770585577,0.995904946784642,0.995916092194431,0.995927207664187,0.995938292686492,0.995949347795713,0.995960372725544,0.995971367824361,0.995982332967964,0.995993268394794,0.996004174064332,0.996015050149972,0.9960258966604,0.996036713730448,0.996047501397663,0.996058259773949
"31",30,0.991655349041018,0.991848120392114,0.99217814342464,0.992594955001644,0.99325065833941,0.993470446107608,0.993619199324278,0.99375127956348,0.993980611870372,0.994073247612836,0.994306125191934,0.994606336064613,0.99476140251188,0.995005179884116,0.994895641101868,0.995027389635879,0.995076852620431,0.995113537871825,0.995105709213961,0.995114054839954,0.995145429252147,0.995466541306139,0.99546171881365,0.995398037493236,0.995074234665962,0.99531041229407,0.995387080588511,0.995172845608832,0.995225227317894,0.995181247358418,0.995079042414974,0.995211996743186,0.995365754262837,0.995872375007467,0.996102629328681,0.996091971934371,0.996250964390081,0.996369489233231,0.996516309712371,0.996607781596994,0.996757747179206,0.996804255731873,0.996785627092981,0.996902143313228,0.996927959453846,0.997025374500986,0.997152931883469,0.997188560147111,0.997220779661592,0.997387702496329,0.997482347645393,0.997612316072717,0.997641121881925,0.997629803431949,0.997698158526821,0.997657127949912,0.997693022879525,0.997633788228511,0.997417043800873,0.99711898368526,0.995835286979066,0.995902421893371,0.996123274382509,0.996359415335039,0.996591427020556,0.996568418970645,0.996224590054368,0.995740249905339,0.995443415523826,0.995410359037924,0.995393734536377,0.995392742811582,0.995403369754325,0.995413023428815,0.995427097463437,0.995439489035655,0.995453973618612,0.99546721647054,0.995481565552727,0.995495110606426,0.995509263194668,0.995522910052146,0.995536890246566,0.995550550786299,0.995564388330881,0.995578018867492,0.995591735868093,0.995605313250207,0.995618924296812,0.995632435845818,0.995645950189527,0.995659388891568,0.995672812343496,0.995686174356685,0.995699510601272,0.995712793896406,0.995726045329707,0.995739248925816,0.995752417171478,0.99576554069773,0.995778626918717,0.995791670360486,0.995804675445483,0.995817638996136,0.995830563670378,0.99584344764442,0.995856292535373,0.995869097317423,0.995881862993622,0.995894589008397,0.995907276002402,0.995919923697051,0.995932532518998,0.995945102352694,0.995957633498303,0.995970125936118,0.995982579891422,0.995994995400727,0.996007372644864,0.996019711693207,0.996032012700082
"32",31,0.991362267192737,0.991572493585975,0.99190261818899,0.992338750352412,0.992992361925669,0.993230464374526,0.993391003788778,0.993509915407017,0.993743697761445,0.993830770066844,0.994066284459367,0.994382506222297,0.994547291147849,0.994786882998619,0.994675245650843,0.994799975918847,0.994846015977719,0.994874028531215,0.994876599746637,0.994880822893206,0.994911110300191,0.995250155271008,0.995255396985929,0.995180196312911,0.994852150517809,0.99509043521276,0.995183749810671,0.994949083945031,0.995022362243146,0.99497356970018,0.994874673938366,0.995018396404038,0.995177363935388,0.995689145817479,0.995934300288091,0.995922032370894,0.996107227621974,0.996235742577206,0.996383453581425,0.996476749223804,0.996619816481462,0.996681251123802,0.996661283951189,0.996773218674397,0.996802398278715,0.996904617616646,0.997041988988245,0.99707702176233,0.997101380408183,0.997276937136129,0.997375876471367,0.99751465567818,0.997550301216935,0.99753605407888,0.997611249557257,0.997572853827867,0.997606031687849,0.997547934821869,0.997331700359549,0.997030127112865,0.99577630453379,0.995849067988797,0.996076440404777,0.996287609537102,0.996502171196256,0.996487137185208,0.996135590601138,0.99567049786095,0.995349593529617,0.995313997656999,0.995300955199702,0.995301304766374,0.995314279653935,0.995325753060101,0.995342195020367,0.995356613349147,0.995373424135409,0.995388777242794,0.995405400149271,0.995421083012171,0.995437461365757,0.995453247335226,0.99546941182059,0.995485199874807,0.995501185632703,0.995516925486391,0.995532758400421,0.995548423442303,0.995564120600691,0.995579696335556,0.995595268620467,0.995610747111025,0.995626201414751,0.995641578394054,0.99565691914483,0.995672192441345,0.995687422575469,0.995702591227745,0.99571771278723,0.995732776536898,0.995747791030185,0.995762750028311,0.995777658645783,0.995792513281633,0.995807317023646,0.995822067824419,0.995836767577107,0.995851415149095,0.995866011729176,0.995880556723185,0.995895050904413,0.995909493995428,0.995923886524211,0.995938228399439,0.99595252000406,0.9959667613559,0.995980952751964,0.995995094273886,0.996009186167541,0.996023228551666,0.996037221641519
"33",32,0.991080388003122,0.991303329916716,0.991628180321234,0.992090015728555,0.992740055388371,0.992995703289084,0.993162149474134,0.99327246516098,0.993506024965726,0.993587501720454,0.993827106445201,0.994161682694045,0.994328969308745,0.994568554385923,0.994455074080131,0.994568324757004,0.994620185472986,0.994632564173849,0.994646711965577,0.994646949361412,0.994673466301942,0.99502923537355,0.995043727531268,0.994957534655175,0.994633208169246,0.994868652034361,0.994976211050898,0.994729296559511,0.994823707257042,0.994765976177455,0.994674230878229,0.994827500073655,0.994990093476296,0.99550443466482,0.995768624589046,0.995753395914867,0.995964787553457,0.996104455386467,0.996252976047808,0.996346674558107,0.996482546985312,0.996556569871595,0.9965380857904,0.996643994244949,0.99667673181965,0.996783537688395,0.996933080171578,0.996966240607693,0.996982775659524,0.997164830660955,0.997267701092851,0.99741575818648,0.997457598946871,0.997440218378918,0.997523590381212,0.997486896278575,0.997518610421836,0.997461582119471,0.997247234797605,0.996942493385756,0.995730588601826,0.995808567420929,0.99603916433936,0.996227099178785,0.996420979567047,0.996413252628598,0.996056742670531,0.995610863496321,0.995272487949218,0.99523416391474,0.995225395499498,0.995227292384989,0.995242880070724,0.995256366201509,0.995275413841416,0.995292058079651,0.995311419689053,0.995329084200368,0.995348195092162,0.995366214819117,0.995385023845546,0.99540314361793,0.995421688921668,0.995439793684403,0.995458116444505,0.995476148771599,0.995494279104579,0.995512208686273,0.995530166501316,0.995547976944466,0.995565774991252,0.99558345743757,0.995601103872425,0.995618653677706,0.995636153822991,0.995653568745867,0.995670926208828,0.995688205393197,0.995705422752966,0.995722566145724,0.995739645367533,0.99575665338165,0.995773596064072,0.995790469382305,0.995807276903997,0.995824016364082,0.995840689970597,0.995857296497939,0.995873837352999,0.995890311921165,0.995906721136918,0.995923064744441,0.995939343399311,0.995955557056068,0.995971706205296,0.995987790924526,0.996003811606402,0.99601976840003,0.996035661639587,0.996051491515497,0.996067258326713
"34",33,0.99079073974582,0.99103553494986,0.991360205649008,0.991838835174117,0.992484790647739,0.992768817628109,0.99293426727434,0.993033670592138,0.993272284654115,0.993347631939805,0.993591841186737,0.993938231682989,0.994118201042799,0.994349953885653,0.994234443024101,0.994340232538308,0.994394165578155,0.994392145956592,0.994416002238075,0.994408805948389,0.994431740853859,0.994805374466098,0.994827979956743,0.994734365510583,0.994409984966965,0.994646649702617,0.994770430245539,0.994505510394707,0.99462191016369,0.994559354369398,0.994473899980005,0.994638337464091,0.994803132556209,0.995321379673712,0.995601969585033,0.995584049500725,0.995824261043338,0.995973469956859,0.996120931727981,0.99621714739163,0.996345457947078,0.996433658862376,0.99641295577117,0.996515323751339,0.99655248117012,0.996660864622926,0.996822959744461,0.996854077109998,0.996862784522676,0.997052082292658,0.997158078679486,0.997315331681729,0.99736233042335,0.997343256840377,0.997432582230808,0.997399534099437,0.997429079439388,0.997373921055339,0.997161435546296,0.996856955740779,0.995694132068843,0.995777469425215,0.996009706810775,0.996172537258235,0.996345611407561,0.996344167091928,0.995985585725378,0.995558599411605,0.995208506059377,0.995168742483026,0.995164086930611,0.995167694506334,0.995186099984741,0.995201746761808,0.995223580519508,0.995242600695106,0.995264681127297,0.995284806431223,0.995306563237711,0.995327065552537,0.995348454148895,0.995369048113883,0.995390114836561,0.995410670562449,0.995431463172222,0.995451915742917,0.995472468985082,0.995492784271422,0.995513121169388,0.995533280876631,0.99555341627483,0.995573410681323,0.995593354186626,0.995613178360863,0.995632936351543,0.995652588089182,0.995672164990141,0.995691643655817,0.995711042720606,0.995730348585801,0.995749572367609,0.995768706227895,0.995787756860391,0.995806719812688,0.995825599176554,0.995844392488987,0.995863102310358,0.995881727346063,0.995900269254616,0.995918727427078,0.9959371029903,0.995955395737172,0.995973606480575,0.995991735248341,0.996009782667402,0.996027748902412,0.996045634469644,0.99606343961289,0.996081164782046,0.996098810266136,0.996116376474727
"35",34,0.990512013318229,0.990766967077432,0.991087344028521,0.991583906474925,0.992226196251876,0.992535519125683,0.992709560429379,0.992795059763002,0.993037371757465,0.993102478160273,0.993355889623713,0.993719990296195,0.993901139874294,0.994126278547127,0.994016645516561,0.994107007766923,0.994164115296644,0.99414705905367,0.994183583288442,0.994169862355443,0.99418918175315,0.994577871564227,0.994610046052963,0.994502960529094,0.994185237053963,0.994419834374583,0.994562682080639,0.994278320960377,0.994419730529427,0.994354517093425,0.994274564067297,0.994449868538857,0.994617989667069,0.9951364832494,0.995434034280414,0.99541223313224,0.995684917173982,0.995843300986783,0.995987125360532,0.996083911385109,0.996204059575457,0.996306341689707,0.996289571178831,0.996385904485651,0.996425547598806,0.996537993176626,0.996710227493933,0.996738520802927,0.996738865161684,0.996934951452697,0.997046169465269,0.997209375469095,0.997262746256578,0.997241901948173,0.997339146841198,0.99730963120191,0.997335055914136,0.997283240879082,0.997073745707989,0.996768973986605,0.995663778621393,0.995751373733206,0.995982871428028,0.996122461311395,0.996271553095374,0.996278427635676,0.995919858457511,0.995510318282351,0.995156171131833,0.995113794241376,0.995114272082106,0.99511973146478,0.995141127045647,0.995159057469812,0.995183825742483,0.995205344250208,0.995230279484887,0.995252985564205,0.995277514132753,0.995300614209967,0.995324699067359,0.995347876277658,0.995371572632732,0.995394681655248,0.99541804435562,0.995441012559122,0.995464081356949,0.995486870754433,0.995509672078916,0.995532262529829,0.995554813556665,0.995577194579855,0.995599506569135,0.995621673074074,0.995643753641988,0.995665703601638,0.9956875581599,0.995709291305245,0.995730923942654,0.995752441017122,0.995773855029888,0.995795157358822,0.995816355566477,0.995837444806875,0.995858429739416,0.995879307733914,0.995900081742333,0.995920750433826,0.995941315755301,0.995961777136984,0.995982135933319,0.996002392019463,0.996022546399769,0.996042599208655,0.996062551242765,0.996082402786738,0.996102154513167,0.996121806792887,0.996141360223593,0.996160815224727,0.996180172347983
"36",35,0.990224967143422,0.99049801646884,0.990812852101777,0.991330230087,0.99196810710755,0.992306226952089,0.992478553415486,0.992553475222702,0.992797864194209,0.992860390744132,0.993114586667514,0.993492779268223,0.993685180917262,0.993899645821928,0.993792497641279,0.993867212738687,0.993928608813985,0.993896889985315,0.993947043522608,0.993925383329924,0.993938638158616,0.994342562981455,0.994382052800066,0.994265468880191,0.99395601967523,0.994188106882132,0.994348006777277,0.994049422421093,0.994218623041536,0.994145301897507,0.994074453551913,0.994260102150724,0.994433617903746,0.994951343137007,0.995264144617107,0.995240859413142,0.995539711220719,0.995710091205929,0.995851340072874,0.995946337653257,0.996057800624375,0.996175574247783,0.996160092784697,0.99625213011487,0.996297801910624,0.996412352406903,0.996592844974446,0.996619716473422,0.996611832051121,0.996814037274996,0.996928176447704,0.997098129056892,0.997157464389186,0.997135705968172,0.997239930479972,0.997212860483507,0.997237904490207,0.997187226777706,0.996982412087973,0.996679210447024,0.995636558666066,0.995727204765544,0.995956896779639,0.996074760789553,0.996198875161528,0.99621239748841,0.995854394247736,0.995463666991918,0.995111287238056,0.995066368000589,0.995072277312331,0.995079694499063,0.995104205590704,0.995124507787638,0.995152315137944,0.995176417022169,0.995204300210377,0.995229668065701,0.995257052069706,0.995282825249006,0.995309681392418,0.99533551067153,0.995361903609069,0.995387627895043,0.99541361999552,0.995439158866615,0.995464795226818,0.995490106892847,0.995515417621668,0.995540480214419,0.995565485052728,0.995590287480431,0.995614999550915,0.995639536727182,0.995663965078122,0.995688235322194,0.995712386536448,0.99573639011608,0.995760269295193,0.99578400759534,0.995807618950888,0.995831093994223,0.995854441199703,0.995877655368261,0.995900741767357,0.995923697640347,0.99594652636985,0.995969226628976,0.995991800691242,0.996014248065414,0.99603657037109,0.996058767604164,0.996080840997419,0.996102790829424,0.996124618102897,0.99614632325916,0.996167907162869,0.996189370347773,0.996210713594479,0.996231937487934,0.996253042756419
"37",36,0.989928738594231,0.990220779220779,0.990536942321322,0.991062555859026,0.991703519608201,0.992073773061476,0.992240376404784,0.992304213817459,0.992555264395619,0.992613039523106,0.992866563217489,0.993264799716412,0.993460435635595,0.993664202745512,0.993565833224597,0.993627666149105,0.993690103123802,0.993644024018812,0.993705959922012,0.993676343776947,0.993682247348176,0.99410276409154,0.994150286353517,0.994020856382854,0.993722124754275,0.993951130057547,0.994129080620659,0.993815835384806,0.994011517275131,0.993932983172843,0.993872224088051,0.994067288011539,0.994242712471326,0.994761798604149,0.995086929223668,0.995063024520837,0.995394806393638,0.99557353239421,0.995706692108491,0.995804053746405,0.995908063828864,0.99603866231613,0.996027290432425,0.996113232140853,0.996163907163899,0.996280501257154,0.996469599425871,0.996493933794432,0.996478829968778,0.996685486005518,0.996804620392149,0.996980623023768,0.997043856843486,0.997021780940266,0.997134339363131,0.99710989894382,0.997133278001048,0.997084733722259,0.996884164946987,0.996583226950884,0.995608599238148,0.995702371632836,0.99592815664258,0.99602434586508,0.996124630832073,0.996143117607642,0.995789647114248,0.995414135929163,0.995069701873735,0.99502319040067,0.995034295402365,0.995043741822008,0.995071446228277,0.995094172865888,0.995125079264207,0.995151811726877,0.99518269282583,0.995210764352149,0.995241045385925,0.995269527482221,0.995299188823595,0.995327699521181,0.995356815727629,0.995385178074875,0.995413819388874,0.995441945240118,0.99547016239062,0.995498006291002,0.995525833313622,0.995553371838094,0.995580831261235,0.995608052891594,0.995635159907772,0.995662059750163,0.995688825037215,0.995715401945346,0.995741833447878,0.995768088412134,0.995794192429693,0.995820127659097,0.995845909499312,0.995871527892678,0.995896992259532,0.995922297098865,0.995947448322302,0.995972443094416,0.995997285265768,0.996021973558356,0.996046510610157,0.996070896051235,0.9960951318043,0.996119218026985,0.996143156218245,0.996166946840353,0.996190591139404,0.996214089751714,0.996237443770731,0.996260653930328,0.996283721230087,0.996306646456676,0.996329430550305
"38",37,0.989631745904003,0.989934390831326,0.990251646592668,0.990792383728053,0.991434716519392,0.991830165730924,0.991998378210785,0.992052169191759,0.992299325282204,0.992361987616669,0.992612869159517,0.993030967807765,0.993230090141474,0.993423131949923,0.993334922482251,0.993375623017671,0.99344262295082,0.993382047042509,0.993458313393396,0.993418078290655,0.993416784604299,0.993857013178076,0.993906957595718,0.993764809512499,0.993482848738669,0.993705305452269,0.993902428527407,0.99357913284921,0.993798048133102,0.99371811455314,0.993663905524579,0.993866904714594,0.994051352142364,0.994565599966211,0.994905787339327,0.994879744014135,0.995241000287864,0.995429312581063,0.995557419654047,0.995654818805944,0.995749816842936,0.995894657125566,0.995890033865609,0.995968126656223,0.9960250211956,0.996141978983788,0.996340223652999,0.996361367025946,0.996337588560751,0.996550717803539,0.996674694553572,0.996854465352449,0.99692065566207,0.996898999046817,0.997019478226684,0.996998710472561,0.997021857885295,0.99697409056477,0.996779543856043,0.996482077907014,0.995577909802863,0.995673346683071,0.99589414154231,0.995970891854635,0.996045670490312,0.996070012864629,0.99571990661377,0.995360872461541,0.995028181276635,0.994979852374888,0.994996402950055,0.995007914809944,0.99503884608616,0.995064017640152,0.995098043449083,0.995127420428781,0.995161311767203,0.995192095042452,0.995225278565641,0.995256471684222,0.995288937308798,0.995320125564916,0.995351958085293,0.995382948792514,0.995414226593026,0.995444924061181,0.995475703736123,0.995506059046099,0.995536378771556,0.995566367147052,0.995596252441605,0.995625862141955,0.995655330463636,0.995684556987169,0.995713620833993,0.995742463763287,0.995771132627911,0.995799593864953,0.995827875427152,0.995855958188711,0.995883859030347,0.995911567269968,0.995939093299619,0.995966431372998,0.995993588076877,0.996020560547506,0.996047353137389,0.996073964663533,0.996100398163943,0.996126653432974,0.996152732732649,0.996178636422994,0.996204366305378,0.996229923064599,0.996255308226044,0.996280522658347,0.996305567719101,0.996330444378356,0.996355153889322,0.996379697275303,0.996404075722327
"39",38,0.989318626797741,0.989633722605468,0.989949343887529,0.990498151313959,0.991154791154791,0.991583139558926,0.991744417572685,0.991789385105488,0.992039992197213,0.992102526233311,0.992349592497031,0.992792630583924,0.992993710788811,0.993170173593503,0.993094080397346,0.993117311702924,0.993186677284437,0.993112596861027,0.99319705965143,0.993151947964863,0.993141216285509,0.993598378684853,0.993653970010971,0.993500335391946,0.993237442578507,0.993449312911826,0.993667632822651,0.993330434526521,0.993579653785098,0.993496485951954,0.993451016486519,0.993663760374938,0.993849644712486,0.994362991968279,0.994718469489528,0.994689069673425,0.99508310474559,0.995278362705177,0.995399287320118,0.995493072638515,0.995583206336154,0.995742827088653,0.995742628033209,0.995815248924051,0.995875982547158,0.995996031817034,0.996200429724699,0.996219845260268,0.996189774062463,0.996405652663439,0.996534934432595,0.996718566345179,0.996788190302462,0.996767517673345,0.996895456709408,0.996877686441807,0.996900140655042,0.996854732153764,0.996664492929398,0.996370240816165,0.995538778311599,0.995638033587532,0.995850531335976,0.995909704107763,0.99595962737346,0.995988363771356,0.995644236830982,0.995299866667542,0.994985171626382,0.994932943736989,0.994956098050341,0.994969707831971,0.995003900275805,0.995031538668446,0.995068707087506,0.995100745217669,0.995137662450204,0.995171168707221,0.995207263713437,0.995241173401886,0.995276446104085,0.995310311747232,0.995344857522821,0.995378470814931,0.995412376476081,0.995445634363754,0.995478962619847,0.995511812925863,0.995544606321639,0.995577023131335,0.995609310390721,0.995641281952806,0.995673083006014,0.995704605418551,0.995735934784115,0.995767008560605,0.995797877474206,0.995828505624472,0.995858923336108,0.995889110275105,0.995919084826026,0.995948835746849,0.99597837443059,0.996007694942036,0.996036804576674,0.996065700493099,0.996094387581721,0.996122864801124,0.996151135626429,0.996179200059826,0.996207060740044,0.996234718270729,0.996262174792845,0.996289431253086,0.996316489492781,0.996343350650695,0.996370016384492,0.996396487936848,0.9964227668497,0.996448854418202,0.9964747521084
"40",39,0.988994685408207,0.989316268848562,0.989638228904681,0.990198173265094,0.990861103491647,0.991318794612662,0.991479970231221,0.991513384061523,0.99176919813322,0.991827820634753,0.992076844378766,0.992540415259393,0.992741982826251,0.992904348546686,0.992847849447483,0.992846948692402,0.992924181562087,0.992833419525369,0.99292775376982,0.992874458874459,0.99285656988698,0.993329806754501,0.993391749404772,0.993225851230491,0.9929819658259,0.993186019395387,0.993419727884873,0.993076700600534,0.993350451443643,0.993265469379195,0.993228635261619,0.993449840872291,0.993644905611806,0.994150394382455,0.994519523467307,0.994488740122571,0.994914047401078,0.99511811968516,0.995228299791088,0.995321938324141,0.995405316704956,0.995578058653858,0.995584622140983,0.995652454057427,0.99572075155244,0.995839204309988,0.996050743057588,0.996066744177772,0.996029558144956,0.996250056837584,0.996384310873435,0.99657229199798,0.996642018804047,0.99662260213797,0.996759429469236,0.996745650407696,0.99676782662834,0.996724434209001,0.996538815864019,0.996249399780137,0.995490581133173,0.995591766621693,0.995794961266631,0.995840174583078,0.995865914771554,0.995898359017977,0.995560047790605,0.995230895651547,0.994935050441483,0.994880812996531,0.994909663061565,0.994925377964337,0.994962832553905,0.994992935456185,0.995033239899779,0.99506793105402,0.995107862146573,0.995144078060583,0.995183067659833,0.995219675664228,0.99525773400833,0.995294254112446,0.995331487392807,0.995367695926101,0.995404199583313,0.995439986372482,0.99547582941925,0.995511139258472,0.995546368791419,0.995581174843969,0.995615822973034,0.995650113681651,0.995684202987635,0.995717975244744,0.995751522442376,0.995784777878351,0.995817796118683,0.995850539029521,0.995883039301252,0.995915275471628,0.995947267439631,0.995979003467525,0.996010495970049,0.996041738876938,0.99607274021908,0.996103497224354,0.996134015351014,0.996164293741424,0.996194336339343,0.996224143393633,0.996253717951806,0.996283060897465,0.996312174743172,0.996341060731902,0.996369721052468,0.996398157146552,0.996426371002753,0.996454364167783,0.996482138502351,0.996509695603656,0.996537037246928
"41",40,0.988652683967295,0.988973554144077,0.989309446117512,0.98986740358277,0.990559445350287,0.991047013307946,0.991190419415521,0.991219357531326,0.991478051100201,0.991546687285496,0.991787675592463,0.992273920469526,0.992475236536167,0.992620799449249,0.992583991127928,0.992564904931203,0.992639404837667,0.992541039810587,0.99264426595518,0.992586515010172,0.992549650819408,0.993052497676012,0.993115189457166,0.992933179192637,0.992714112811418,0.99291130925733,0.99316115950994,0.992813863441088,0.993113917088377,0.993023010714913,0.992996416454334,0.993226141147393,0.993426104726072,0.993928566966907,0.994308459698539,0.994278691802006,0.994733647401191,0.994946463926951,0.995044030196839,0.995137445168509,0.995217604286463,0.995402014294243,0.995414397100266,0.995477451096211,0.995550333724971,0.995668936917925,0.995887434394167,0.995900849539899,0.99585798816568,0.996081325982484,0.996220781038585,0.996412747317146,0.996482842736063,0.996465772446862,0.996609550057391,0.996597920162263,0.996623818619754,0.996579933342694,0.996400073903856,0.99611437575269,0.995429932289678,0.995533570813567,0.995725925468585,0.995758118366325,0.995759513111929,0.995795232644924,0.995463462802752,0.995148027457063,0.994875799617845,0.994819093142136,0.994853890756541,0.994871721638392,0.994912456408865,0.994945036068102,0.994988490400894,0.995025844433409,0.995068798423369,0.995107730071596,0.99514961856302,0.995188926804278,0.995229770618641,0.995268942943528,0.995308859356027,0.995347656859605,0.995386750180415,0.995425055747206,0.995463401509353,0.995501157096912,0.99553880714983,0.995575985192707,0.995612975222703,0.995649564547287,0.9956859199685,0.995721918445553,0.99575765834547,0.99579306889999,0.995828208516018,0.995863036901654,0.995897589126867,0.995931842663392,0.99596581894675,0.995999505796536,0.996032916676324,0.996066045427399,0.996098900845972,0.996131480271217,0.996163789760526,0.996195828678686,0.996227601469829,0.996259108665578,0.996290353753813,0.996321337932164,0.996352064115854,0.996382533876537,0.996412749780845,0.996442713604322,0.99647242769598,0.996501893936221,0.996531114533085,0.996560091414275,0.99658882669181
"42",41,0.988288013035951,0.988618868793255,0.988961457743192,0.989517331016409,0.990231956057797,0.990753323996749,0.99089196728738,0.990912067571451,0.991173897716442,0.991244678823305,0.991484586237833,0.991997133301481,0.992198696315473,0.992319590079797,0.992307713157388,0.992262476165429,0.992347779859377,0.992233917198244,0.992342331495172,0.992278605107138,0.992233590401189,0.992753973662805,0.992820633713018,0.992628745377242,0.992437111148996,0.992619035162208,0.992887495618682,0.992536782588133,0.992861706333222,0.992769204977003,0.992752597457747,0.992992594524478,0.993196939288341,0.993692873011224,0.994082263455619,0.994054888727131,0.99453890769274,0.994757509542632,0.994844058885532,0.994938722089455,0.995013184080611,0.995210551131949,0.995230877152945,0.995289005259192,0.995369281782802,0.995486234843709,0.995707981608124,0.995718124513423,0.995672454892811,0.995896404148737,0.99604506490234,0.99623763555976,0.9963074927562,0.996293170385875,0.996443984570953,0.996436627649861,0.996464849763871,0.996421563756918,0.996244907878729,0.995965459942626,0.99535448525155,0.995459750376108,0.995640504953386,0.995661628335498,0.99564074527325,0.99567762175004,0.995352482535828,0.995051245550664,0.994806099013637,0.994745830204261,0.994787143901388,0.994807098403237,0.994851124665326,0.994886188290652,0.994932800100165,0.99497282186435,0.995018802491471,0.995060451572535,0.995105238998558,0.995147245836911,0.995190871700671,0.995232691326633,0.995275284213579,0.995316662631613,0.995358335925127,0.995399149248287,0.995439985187306,0.995480172712648,0.995520228073036,0.995559761679955,0.995599075889829,0.995637944956517,0.995676546422525,0.995714749959938,0.995752660296064,0.995790202679286,0.99582743935792,0.99586432794752,0.995900905909736,0.99593714970393,0.995973082321454,0.996008691184708,0.996043990829629,0.996078975048846,0.9961136534297,0.996148023458421,0.996182091818364,0.996215858129539,0.996249327363505,0.996282500365183,0.996315381089607,0.996347971077154,0.996380273671938,0.996412290801492,0.996444025435754,0.996475479710018,0.996506656358353,0.996537557619553,0.996568186072745,0.996598543999748,0.996628633872221
"43",42,0.98789805115349,0.988225981628408,0.98858665191472,0.989139560609828,0.989891274084968,0.990439885391678,0.990563272143505,0.990581991668156,0.99084879608056,0.99092948116237,0.99115875453202,0.991694481340579,0.991892982551241,0.991999883465163,0.992014257032642,0.991949917886976,0.992029548473656,0.991909760333091,0.992024882766779,0.991955002391166,0.991890829766255,0.992443417000941,0.992507604272128,0.992304104477612,0.992141022174148,0.9923162270025,0.992595926543157,0.992244940865195,0.992595735283007,0.992503029365023,0.99249071437358,0.992740135355826,0.992954118798121,0.993441919412053,0.993841040179881,0.993814380773297,0.994329447159433,0.994553607341308,0.994624914061126,0.994720377383676,0.994793272930854,0.995001932803763,0.995030564698842,0.995086571788472,0.995169927196532,0.99528670532501,0.995510819384534,0.995519272927062,0.99547095158422,0.995695928193702,0.995850415203264,0.996045523600572,0.996113226557501,0.996101412361538,0.996261821861042,0.996256617588959,0.996289567225417,0.996245766751513,0.996073936551712,0.995800711162701,0.995260258454978,0.995367567448912,0.995535544018024,0.995548680861368,0.995505816533695,0.99554289238229,0.995226818205434,0.994937461600094,0.994720551985618,0.994657213496413,0.994704763538122,0.994726844656541,0.99477418257543,0.994811746518783,0.994861537790572,0.994904245361461,0.994953272385756,0.994997655728592,0.995045359031394,0.995090079252997,0.995136501393,0.995180980882199,0.995226261963596,0.995270231651964,0.995314494331153,0.995357823649775,0.995401157048719,0.995443782750794,0.995486248730415,0.995528142266232,0.99556978414187,0.995610935569148,0.995651784875795,0.995692194471579,0.995732275478141,0.99577194919004,0.99581128172617,0.995850228639938,0.995888829811557,0.995927060717667,0.995964945931121,0.996002472505447,0.996039656073779,0.996076490406954,0.996112985907532,0.996149140234246,0.99618496071975,0.996220447263411,0.996255605386752,0.996290436270915,0.996324944359797,0.996359131558329,0.99639300166037,0.996426556970099,0.996459800880758,0.996492735907174,0.996525365187622,0.99655769133814,0.996589717327249,0.99662144580885,0.996652879631723
"44",43,0.98747681601496,0.987806075807829,0.988187025105367,0.98872602623721,0.989529940217926,0.990105935717428,0.990213212163579,0.99022747369274,0.990499356329656,0.990593008059246,0.990817727570421,0.99138087226608,0.991571350121597,0.991659300972879,0.99169695349295,0.991611430066341,0.991694338426774,0.99156704785179,0.991679853656889,0.991609084429797,0.9915295315782,0.992115425237759,0.992180268302455,0.991961773768588,0.99182888100944,0.991992469513883,0.99228527380185,0.991939816204932,0.992311275396681,0.992214921270756,0.992212510580828,0.992472382080272,0.992695051643074,0.993172373192508,0.993583703958855,0.993558644066684,0.994101743333376,0.994331268795426,0.994385746032984,0.994481539784997,0.99455509712935,0.99477184850103,0.994810557981403,0.994861831090759,0.994953694110982,0.995067389981158,0.995295110552776,0.995301972363593,0.99524900874244,0.995477839826569,0.995639245158039,0.995834728981538,0.995899996303742,0.995892654057419,0.996061340131665,0.996056896760681,0.996095656417765,0.996051920694823,0.995881616793504,0.995615255010946,0.995143782136736,0.995255605179164,0.995409206034265,0.995417407862536,0.995352279070975,0.995389633808275,0.995079666034661,0.994804995562821,0.994618205385101,0.994550307185676,0.994604810884754,0.994629021054324,0.994679689783888,0.994719770002056,0.994772762727267,0.994818174696557,0.994870269057874,0.994917405109977,0.994968043560073,0.99501549469317,0.995064730760108,0.995111886511555,0.995159871977017,0.995206448180168,0.995253315129097,0.995299174576502,0.995345019150071,0.995390096122167,0.995434985385752,0.995479250985756,0.995523232248998,0.995566677299628,0.99560978532397,0.995652411453667,0.995694673254229,0.995736488066501,0.995777925915968,0.995818940302333,0.995859573552529,0.995899800173108,0.995939646341839,0.995979098757944,0.996018174172163,0.996056866348801,0.996095186524016,0.996133132544333,0.996170712408592,0.99620792631048,0.996244780337199,0.996281276020563,0.996317418308062,0.996353209483029,0.996388653802929,0.996423753961791,0.996458513789231,0.996492936192155,0.996527024725379,0.996560782394077,0.996594212567805,0.996627318283799,0.996660102778936
"45",44,0.987026030650707,0.987352631762829,0.987752026347296,0.988278509847108,0.989133470623503,0.98973649141149,0.989833520252851,0.989843547411185,0.99011686856289,0.990225102916703,0.990439763983821,0.991038313726148,0.991224232610073,0.991287334342213,0.991359023385792,0.991245098707511,0.99133111304263,0.991205101263641,0.991314574252298,0.991240278990037,0.991142793767831,0.991760073902455,0.991824778388313,0.991600637961495,0.991498482515152,0.991650717283279,0.991953006243505,0.991615331244875,0.992005222760196,0.991911644692697,0.991915963806817,0.992187634832333,0.992416202393764,0.992884134517017,0.993303923942683,0.993282415745337,0.993851585200171,0.994086392603175,0.994124924618742,0.994217951524393,0.994294777674525,0.994522707462523,0.994568007505208,0.994619397444145,0.994717976720172,0.994827147320787,0.995054828286993,0.995061523660179,0.99500916766433,0.995235467622232,0.995407327806775,0.995601655653662,0.995664089825474,0.995659430159621,0.995837422617282,0.99583547927003,0.995880710453062,0.995835632099865,0.995669095720393,0.995407582890154,0.995006547412588,0.995120272810933,0.995259785625628,0.995263250660241,0.995178046472329,0.995215149964454,0.994912456363489,0.994650853816317,0.994495090791111,0.994423376609562,0.994484462788246,0.994510830966542,0.994564900217296,0.994607552337071,0.994663820647198,0.994712000363033,0.994767234470613,0.994817188415368,0.994870831677082,0.994921078653702,0.994973195673516,0.995023091556432,0.995073846083457,0.995123091285909,0.995172625098864,0.9952210756631,0.995269492133639,0.995317079853353,0.995364451417962,0.995411147083058,0.995457525181171,0.995503320436703,0.995548743170877,0.995593641065235,0.995638138297473,0.99568214816329,0.995725744700255,0.99576887930915,0.995811596832399,0.995853870787644,0.995895729004733,0.995937157824713,0.995978175150229,0.996018774743535,0.996058968700898,0.996098755065646,0.996138142524486,0.996177131576769,0.99621572889395,0.996253936370922,0.996291759475247,0.996329200881402,0.996366265325448,0.99640295590393,0.996439276896687,0.996475231615073,0.996510824043371,0.996546057587833,0.996580936031194,0.996615462805473,0.996649641547099
"46",45,0.986530650262624,0.986851401678901,0.987282086775966,0.987784994210072,0.988719279499313,0.989346283434035,0.989423184201718,0.989428421141686,0.989710451823229,0.989837719739547,0.99004165236378,0.990670683455735,0.990845487963951,0.990886115989496,0.990990127480111,0.990860238326397,0.99094367612576,0.99081841180523,0.990922453742665,0.990843767011432,0.990731580868544,0.991384501366437,0.991449499227665,0.99120954447483,0.991148287263837,0.991283750485435,0.991593197528869,0.991272802832876,0.991679389312977,0.991586273915373,0.991592079730979,0.991875742921042,0.992115556019574,0.992573024095366,0.993000561998672,0.992981686976168,0.993580813039895,0.993817449972783,0.993834873537318,0.99393058200992,0.994011211498474,0.994247607864765,0.994305260613219,0.994349994621738,0.994458943096755,0.994561419252032,0.994791466283169,0.994798213165743,0.994743880743513,0.994973135500886,0.99515405724995,0.995347849131262,0.995401823129533,0.995403645989053,0.99559129650209,0.995590231291261,0.995642647167587,0.995596266392273,0.995433116160416,0.995177236945885,0.994841771133232,0.994959930141289,0.995083218880679,0.995085656782563,0.994981244192583,0.995015695496124,0.994721577365637,0.994474081865504,0.994349727643419,0.994274267021289,0.994341900626695,0.994370454465579,0.994427992152948,0.994473270854538,0.994532888220657,0.994583898981255,0.994642345769792,0.994695183804373,0.994751903203483,0.99480501305356,0.994860080785324,0.994912783820605,0.994966375833002,0.995018356678415,0.995070624657329,0.995121732442838,0.9951727871541,0.995222951122701,0.995272870495491,0.995322061109144,0.995370900804658,0.995419110541641,0.995466912075881,0.995514145428604,0.995560941569883,0.995607209630675,0.995653027770432,0.995698345224404,0.995743209418731,0.995787592846457,0.995831525033081,0.995874991943771,0.995918012661949,0.995960580940499,0.996002709755825,0.996044397346671,0.996085653102249,0.996126477829496,0.996166878795411,0.996206858261668,0.996246422225053,0.996285573755775,0.996324318076215,0.99636265869039,0.996400600335095,0.996438146731151,0.996475302298307,0.996512070848807,0.996548456583992,0.996584463335379,0.996620095143898
"47",46,0.985999183285692,0.98630986355032,0.986778437687117,0.987252722738753,0.988261079243596,0.988915733329217,0.988974322879612,0.988980426350762,0.989271096273881,0.989418767532749,0.989607956340345,0.990267413713579,0.990439274674592,0.990456481212266,0.990599334036332,0.990440929848551,0.990517244070156,0.990399362372746,0.990491079908242,0.990423034555798,0.990283845794521,0.990983387639549,0.991041683436462,0.990795178905828,0.99076926823922,0.990893517479295,0.991206706547315,0.990905742507952,0.991326223107361,0.991231634551637,0.991245046539489,0.991539145798063,0.991786349008118,0.992236621234069,0.992668771772876,0.992652169595869,0.993282551561317,0.99352279279497,0.993517914599447,0.993614447434789,0.99370141292629,0.993945015351743,0.9940123513908,0.994058399031394,0.994171521358269,0.994271147109356,0.994500744177902,0.994506257207534,0.994453153883114,0.994682625379592,0.994874445094524,0.995065953846344,0.995114363404574,0.995122281265126,0.995317248868669,0.995318589558738,0.995380805091511,0.99533161723559,0.995168601618942,0.994920445957424,0.994648552080246,0.994772067996214,0.994880744439834,0.994882084737624,0.994759781618315,0.994791989583979,0.994503567165108,0.994271435052065,0.994178918214759,0.994098188131582,0.994173145255519,0.994203926099563,0.994265029726651,0.994313013504472,0.994376085381638,0.994430018320304,0.994491783133794,0.994547601220114,0.99460750052508,0.994663571118687,0.994721691772214,0.99477730049153,0.994833830912269,0.994888646008484,0.994943748036903,0.994997611435842,0.995051403411421,0.995104241655955,0.995156807122389,0.995208590270654,0.995259989192552,0.995310710519693,0.995360987882062,0.995410653309838,0.995459844826355,0.995508467204072,0.995556602879618,0.995604198809649,0.995651305096901,0.995697893144271,0.99574399422886,0.995789593902347,0.995834712463001,0.995879343633128,0.995923501290336,0.99596718385717,0.996010401438662,0.996053155143306,0.996095452842296,0.996137297161287,0.996178694632113,0.996219648719746,0.996260165136975,0.996300247795332,0.996339901891566,0.996379131556538,0.996417941647756,0.996456336384286,0.996494320387883,0.996531897890488,0.996569073339006
"48",47,0.98542177627538,0.985720264289247,0.986225161150624,0.986666010627829,0.987773926587069,0.988448111710568,0.988488748239169,0.98849097972843,0.988789621089193,0.988958581527233,0.989132777831461,0.989833407350043,0.989994979430111,0.989982549104978,0.990167661071055,0.989989855491135,0.990065826116129,0.989957288530946,0.990029302264599,0.989966180124774,0.989801608977787,0.990551583248212,0.990601975041046,0.990350267975312,0.990362729798653,0.990476026580589,0.990790443236747,0.990513746284319,0.990943212591187,0.990852328558272,0.990867698150666,0.991174270123129,0.991435265120107,0.991868441558966,0.992309476722013,0.992296316676411,0.992951518982883,0.993195117002691,0.993171568260837,0.993266334544582,0.993363851524789,0.993611278696853,0.993690307208369,0.993737340954304,0.993857490253826,0.993950219770452,0.994178294638922,0.994182228677235,0.994136331633174,0.994361285149525,0.994564662842353,0.994759005514778,0.99479746969899,0.994810160268073,0.995015864801928,0.995016504047325,0.995090579868274,0.995038498749362,0.994876496602308,0.994632896544005,0.994424529386153,0.994554033210803,0.994646514852676,0.994649382992958,0.994509505484821,0.99453742015233,0.994256774395656,0.994039738397303,0.993981186140937,0.99389428736756,0.993977087421009,0.994010162065832,0.994074968532905,0.994125765786446,0.994192435873197,0.994249414665836,0.994314640033844,0.994373567768362,0.994436786893088,0.994495949998334,0.994557260987723,0.994615907669927,0.994675511791867,0.994733293133092,0.994791362712651,0.994848113032729,0.994904774218445,0.994960417151294,0.99501575925884,0.995070264350224,0.995124351751458,0.995177713019071,0.995230594237412,0.995282819008087,0.995334532750564,0.995385635623151,0.995436214542883,0.995486214039017,0.995535687011921,0.995584603688298,0.995632997169484,0.995680852544464,0.995728191370451,0.995775007311581,0.995821315173921,0.995867113548881,0.995912413274603,0.99595721575359,0.996001529472615,0.996045357418053,0.996088706664646,0.996131581071345,0.996173986847083,0.996215928311533,0.996257411125837,0.996298439832313,0.996339019729859,0.996379155446195,0.996418852026615,0.996458114105518,0.996496946538566
"49",48,0.984798783902712,0.985071242958545,0.985621879450268,0.986023435025863,0.987242088640472,0.987934337307568,0.987953692742922,0.987953329017794,0.988264043457282,0.988469609734724,0.98862059922389,0.989363581353569,0.989503084164494,0.98947437572537,0.989698907654999,0.989494735152152,0.989566893724184,0.989476420666757,0.989527995413721,0.989470214384956,0.989283573811845,0.990086275416564,0.990133201776024,0.989873417721519,0.989926286674695,0.990022266692973,0.990339459287721,0.990088643819362,0.99052968865593,0.990440631409484,0.990454925543082,0.990781362319472,0.991046004935575,0.991470717102381,0.991915761007903,0.991907842177151,0.992592763877969,0.992835372405532,0.992787256642292,0.992886604624583,0.992993064563905,0.99324422586232,0.993337970847626,0.993381738938781,0.993512074078557,0.99359720261546,0.993822919853828,0.993828677997711,0.993784032560358,0.994011278938491,0.994227647164933,0.99441848341648,0.994447725225628,0.994467924425297,0.994684055556102,0.994683015375404,0.994770162120915,0.994713611718583,0.994550837611963,0.99431549114355,0.994166252230768,0.994302906427639,0.994378677200317,0.994384560564025,0.994228988331235,0.994253249668603,0.993978581742279,0.993779316775489,0.993752151499949,0.993660869149657,0.993750692732212,0.993786142972351,0.99385482044469,0.993908564470211,0.993979009583646,0.994039186500888,0.994108047998367,0.994170245106523,0.994236956574929,0.994299374745539,0.994364045661334,0.99442589362385,0.994488738546322,0.994549649212216,0.994610851334996,0.994670650901307,0.994730344450904,0.994788953364418,0.994847233602654,0.99490462074325,0.994961556558437,0.995017716600792,0.9950733601226,0.995128301751194,0.995182694722425,0.995236434260042,0.995289612009167,0.995342169883742,0.995394163727934,0.995445562482259,0.995496401158751,0.995546664319544,0.995596374832155,0.99564552626535,0.995694134384383,0.995742197928187,0.995789728486619,0.995836727744183,0.995883204814713,0.995929163038796,0.995974610041381,0.996019550072132,0.996063989840978,0.996107934074379,0.996151388901294,0.99619435927527,0.996236850939188,0.996278868929875,0.99632041871827,0.996361505342086,0.996402134067574
"50",49,0.984109870482025,0.984361456226524,0.984965867738594,0.985324327147383,0.986664668222598,0.987373205943011,0.987367202678682,0.987369583846063,0.987695159563418,0.987927185096807,0.98806102488518,0.988847955330293,0.988972194882825,0.988915720478169,0.98919644899676,0.988966893450268,0.989027698886188,0.988953384655497,0.988982768944182,0.988937967625205,0.988720341067986,0.989586065709694,0.989627682873412,0.989358719874955,0.989459960502357,0.989539715390416,0.989849134640022,0.989638500464939,0.990076360003015,0.98998996168474,0.99000698041809,0.990347451327394,0.990626889961624,0.991034827241724,0.991489827585844,0.991483242776882,0.992195734654978,0.992437872811705,0.992362658789442,0.99246527733435,0.992585288618878,0.992841479610571,0.992946512719922,0.992992088309353,0.993130113523545,0.993206929602275,0.993430121805958,0.993436733365113,0.993399377509211,0.993623846033485,0.993855573229726,0.99404565175885,0.994064637910107,0.994090359839431,0.994315227722999,0.994314523717549,0.994416903714923,0.994355182681064,0.994189748019989,0.993961386736496,0.993872799905791,0.994016895838164,0.994075210453638,0.994086450153997,0.99391645077772,0.993935154977444,0.993667246339523,0.9934859669502,0.993491043026217,0.993393466039996,0.993491397858702,0.993529322703126,0.993602064451351,0.993658907558041,0.993733328833251,0.993796876998622,0.993869574231231,0.993935222381989,0.994005622524503,0.994071480855511,0.994139704919715,0.994204940346062,0.994271216671065,0.994335442779391,0.99439996584318,0.994463000099978,0.994525912492258,0.99458767182055,0.994649074927856,0.99470952734751,0.994769494680336,0.994828635407153,0.994887222761031,0.994945061765656,0.995002313950741,0.9950588692342,0.995114824269338,0.995170118135477,0.995224809784583,0.995278866741191,0.995332326023796,0.995385171590641,0.995437427675242,0.995489087705074,0.995540168436779,0.995590668729284,0.995640600942616,0.995689967026649,0.995738776732726,0.995787033745494,0.995834746245926,0.995881918868131,0.99592855882619,0.995974671249442,0.996020262736321,0.996065338649151,0.996109905175641,0.996153967760186,0.996197532299801,0.996240604234581,0.996283189241613
"51",50,0.983363261344334,0.983585817017134,0.984256736300333,0.984564835332773,0.986042156221841,0.986763589020289,0.986727870193967,0.986738222218501,0.987077031912575,0.9873389559695,0.987458890594168,0.988291569063601,0.988399821056931,0.988307600059961,0.988636191227564,0.988388926199537,0.988446153958655,0.988389477026935,0.98839028892428,0.988359339779433,0.98811473674956,0.989041976351085,0.989077300045105,0.988808216752258,0.988950529286822,0.989018901389734,0.989315621512513,0.989148823235638,0.989585443935649,0.989504058152528,0.989520719313824,0.989876307218351,0.99016901402061,0.990561533251163,0.991019031307327,0.991020718639977,0.991756236730361,0.991998692675959,0.991899216375575,0.992000410430249,0.992140181482326,0.992398933071056,0.992518172746156,0.992562635297276,0.992711027128291,0.992779464949532,0.992993595372457,0.993007097765807,0.992976433856049,0.993199426111908,0.993445319685026,0.993635222650359,0.993641968841138,0.993673950476868,0.993909705393794,0.993906967090242,0.994025009886316,0.993959173744704,0.993791667051226,0.993568271450818,0.993538089644595,0.993691253783655,0.99373401399556,0.993751021631341,0.993565913049798,0.993579257847216,0.993317189376489,0.993157928816559,0.993193327892421,0.993089768735525,0.993195781375583,0.993236285302227,0.993313295011992,0.993373397981861,0.993452008084817,0.993519110907255,0.993595855749697,0.993665148162618,0.993739446198143,0.993808942316254,0.993880926220367,0.993949748641146,0.994019661002281,0.994087402725012,0.994155449702598,0.994221918777077,0.994288251586224,0.994353361013449,0.994418087316861,0.994481804011083,0.994545002017308,0.994607321574645,0.994669050773388,0.994729984338732,0.994790292607335,0.994849859777114,0.99490878780828,0.994967012697266,0.995024596676232,0.995081505703587,0.995137778902348,0.995193399534827,0.995248393254954,0.995302753291358,0.995356497420949,0.995409624585629,0.995462147929615,0.995514069643433,0.995565400121388,0.99561614337491,0.995666308141578,0.995715899427238,0.995764924948018,0.995813390226286,0.995861302326438,0.995908667011577,0.995955490910063,0.996001779867115,0.996047540201414,0.996092777749586,0.996137498595161
"52",51,0.982551072221738,0.98274193866872,0.983471390584049,0.983724528794347,0.985363738044694,0.986096927349279,0.986034035442593,0.986041288762201,0.986399406087602,0.986707170210727,0.986797841434782,0.987683983121,0.987766828580195,0.987653640522516,0.988033363418505,0.987758125112729,0.98780427945191,0.987782994609274,0.987745124588826,0.987731440028371,0.98745710083347,0.988456454595498,0.988484101113034,0.988208499372825,0.988399272790235,0.98845014893229,0.988739441469551,0.988621061688267,0.98905572591731,0.988977712248153,0.988984066860112,0.989359475048186,0.989666844824514,0.990045053922625,0.99050317046966,0.990515377947486,0.991276119611137,0.991517923460453,0.991385802858643,0.991493736962303,0.991649125228614,0.99191194074448,0.992044127423325,0.9920940346056,0.992248652141771,0.992306647665079,0.992516450632228,0.992530686378559,0.99250979314344,0.992733395365324,0.992996915170071,0.993182492550006,0.993176841151709,0.993214395956967,0.993464370318202,0.993458397209826,0.993595638160522,0.99352348211489,0.993351333434168,0.993133011829685,0.993161318137141,0.993326670137609,0.993351990237624,0.993376516628164,0.993177488109434,0.99318455098365,0.992926961925072,0.992791612577328,0.992856943293256,0.992746410596891,0.992861182009686,0.992904400357678,0.9929859373142,0.99304950394096,0.99313257135651,0.993203459725435,0.993284518190355,0.993357696842895,0.993436154144294,0.993509534343211,0.993585535067707,0.993658191977319,0.99373199361216,0.993803498098521,0.993875319032044,0.993945468910611,0.994015469356097,0.9940841732504,0.99415246737774,0.994219690831752,0.994286361682213,0.994352100512773,0.994417211344241,0.994481477770728,0.994545079565181,0.994607894714696,0.994670030854836,0.994731420609378,0.99479212970592,0.994852122365317,0.994911439940473,0.994970064896056,0.99502802437913,0.995085311358892,0.995141944674463,0.995197923314455,0.995253261231299,0.995307960834344,0.995362033174501,0.99541548257678,0.99546831834306,0.99552054584292,0.995572173298872,0.9956232066215,0.995673653343654,0.995723519626404,0.995772812540294,0.995821538329853,0.995869703736516,0.995917314992803,0.995964378589629
"53",52,0.981661384723639,0.981819226090089,0.982626695002537,0.982813708183184,0.984620705666081,0.985361017687226,0.98526726917662,0.985285068357546,0.985660539328402,0.986004963206042,0.986070105635736,0.987016600974378,0.987068806870463,0.986933590518581,0.987375841843143,0.987074007412163,0.987113922870067,0.987123314905298,0.987044953038891,0.98704912338434,0.986744417579292,0.987818337334106,0.987844662525935,0.987560977968938,0.987804003156611,0.987839466458856,0.98811015966357,0.988048329779673,0.988473227606786,0.988398699798982,0.98840315599826,0.988799160564611,0.98912059788056,0.989479720027865,0.989940532429278,0.989958037648296,0.990746221669449,0.990984531605044,0.990821483557446,0.990933638011319,0.991114233592668,0.991378943417545,0.991525820409554,0.991576597148221,0.991738080624937,0.99178499055001,0.991988781654706,0.992009808472292,0.991999076336426,0.99222019914218,0.992501661495912,0.992686692172776,0.992666884198595,0.992711797672802,0.992971207273952,0.992962607886679,0.993120820198568,0.99304048185955,0.99286396684503,0.992653466200768,0.992739648091593,0.992916738357921,0.992925229366128,0.992959634439014,0.992746640066263,0.99274548275154,0.992493414357329,0.992385179596593,0.992479869915167,0.99236254097496,0.99248626068413,0.992532368506789,0.992618748954268,0.992686025367076,0.992773871692107,0.99284882115267,0.992934509723856,0.993011861787652,0.993094787824469,0.993172343069535,0.993252663546168,0.993329446068097,0.99340743422684,0.993482990972937,0.993558878141525,0.993632995772932,0.99370695165738,0.993779533930495,0.993851679530351,0.99392269035471,0.993993113749941,0.994062549022066,0.994131317371272,0.994199190313243,0.994266357790995,0.994332691028612,0.99439830376914,0.994463124942948,0.994527224028615,0.994590563324268,0.994653186564921,0.994715075311875,0.994776258297125,0.994836728171297,0.994896504892224,0.994955587463419,0.995013990681428,0.995071717158677,0.99512877862659,0.995185179717469,0.995240930314433,0.995296036150099,0.995350505966277,0.995404346064392,0.995457564456357,0.995510167705823,0.99556216333482,0.995613557993004,0.995664358853148,0.995714572550225,0.995764205990729
"54",53,0.980686345316031,0.980814121517974,0.981692171036185,0.981817624019553,0.983809514384395,0.98455550156129,0.984440736127106,0.984458967433886,0.98484903337919,0.985247067188055,0.9852810944514,0.986289866497575,0.986320224600866,0.986141387684733,0.986650415947518,0.986330696956722,0.986359155688408,0.986407415282601,0.986278816615725,0.986310158803676,0.985965276285467,0.987132306561082,0.987148325091498,0.986862058367585,0.98716064862888,0.987178920376674,0.987426922042024,0.987427721252249,0.987840073661646,0.987772798810266,0.987763646887628,0.988181179996019,0.988517334457392,0.988864695968803,0.989325156313633,0.989350671843878,0.99016100588599,0.990397577896514,0.990204078061116,0.990319325723331,0.990523805669529,0.990790208197722,0.99095436170836,0.991006174752292,0.991178632688067,0.991211091694535,0.991409780323028,0.991436079301972,0.991437158725878,0.991658975578564,0.991959496038191,0.992143019299667,0.992106471398467,0.992160145481836,0.992432829747118,0.992416855656803,0.992598102451001,0.992509863414429,0.992327446964448,0.992122325042073,0.992266947658109,0.992458213581056,0.992452392011147,0.992494038534451,0.992267991022928,0.992260820403292,0.992015051766531,0.991935585978352,0.992056571426691,0.991933304159802,0.992065795657798,0.992114967236971,0.992206514685531,0.992277753998734,0.992370711441292,0.992450007325478,0.992540654429804,0.992622478474382,0.992710195574402,0.992792229448886,0.992877186283785,0.992958399194683,0.993040885582082,0.993120798657767,0.993201059548391,0.993279447292156,0.993357662350288,0.993434423094818,0.993510720439683,0.993585816139038,0.993660289060336,0.993733715499351,0.993806435152644,0.993878206438562,0.99394923024226,0.994019370425245,0.994088747290172,0.994157285720908,0.994225059211439,0.994292027929015,0.994358238145178,0.994423670395016,0.994488355085505,0.994552284476132,0.9946154796959,0.994677939720368,0.994739680220786,0.994800703987423,0.994861023450153,0.994920643533856,0.994979574713583,0.995037823076613,0.995095397890665,0.99515230584351,0.995208555430497,0.995264153615796,0.995319108376136,0.995373426765812,0.99542711639161,0.995480184291531,0.995532637790146
"55",54,0.979633401221996,0.979707734347155,0.980684870949094,0.980721612059016,0.982939099459426,0.983675891514582,0.983524215299222,0.983557091839658,0.983961800435363,0.984422316066152,0.98442884722949,0.985491842482861,0.985487220933163,0.985289786091463,0.985866883021343,0.985521187494817,0.985532179840084,0.985633404963962,0.985443075878865,0.985503545542045,0.985124501455212,0.986385864151823,0.986391973967255,0.986107720017126,0.986459381567508,0.986463777704267,0.986686414192628,0.98675291618541,0.98714720086926,0.987083242298449,0.987065073717758,0.987511297346151,0.987862076279613,0.988185020826535,0.988650279262866,0.988685836945224,0.989522846869282,0.989755127644258,0.98952301429441,0.989643904186215,0.989880938265963,0.990149725018398,0.990324320473811,0.990381676680002,0.990565083943284,0.990582910807134,0.990770768010343,0.990805436151274,0.990823391447374,0.99103864604283,0.99136609170903,0.991548237456647,0.991492692635597,0.991551207256756,0.991838660631586,0.991818879072806,0.992024911197715,0.991927430747578,0.991735094720197,0.991535880147684,0.991741431394372,0.991949670141886,0.991926676411782,0.991979728496567,0.991741442581308,0.991726888174575,0.99148492672803,0.99143949839633,0.991585793007105,0.991455612787072,0.991597697815193,0.991650138584069,0.991747222724027,0.991822712628701,0.991921157065656,0.992005121536388,0.992101097340443,0.99218772939469,0.992280599836465,0.992367453108244,0.992457401238676,0.992543385788018,0.992630718982952,0.992715328016053,0.992800305662044,0.992883300431324,0.992966112712466,0.99304738553714,0.993128168053583,0.993207678606813,0.993286530083726,0.993364273857973,0.993441269588333,0.993517261477074,0.993592462211996,0.993666727638126,0.993740185123526,0.993812755124166,0.993884515447502,0.993955423908313,0.994025529491154,0.994094811577074,0.994163302353423,0.994230993615784,0.994297907728213,0.994364043597933,0.994429417810592,0.994494033313006,0.994557903259148,0.99462103285647,0.994683433189493,0.994745110696871,0.994806075185125,0.994866333729124,0.994925895317922,0.994984767319421,0.995042958173876,0.995100475344963,0.995157326881551,0.99521352023039,0.995269063141837
"56",55,0.978489188056644,0.97850583776359,0.979575004851543,0.979540883556419,0.981978199256366,0.982719254099012,0.982528510016204,0.982574831858055,0.983001732833061,0.98351904539875,0.983483111972176,0.984619051110948,0.984591180833371,0.984352259396142,0.985005417118093,0.984637365918154,0.984632216798519,0.984784615000873,0.984534452525369,0.984633339817156,0.984211281756854,0.985576415680664,0.985569501564638,0.98528997852011,0.985702186302235,0.985689797561297,0.985875819886524,0.986020515347607,0.986392935372719,0.986334070251515,0.986304847021599,0.986773351687745,0.987145167509508,0.987446373247566,0.987909435218712,0.987955175722954,0.988819089932767,0.98904550329401,0.988780322267339,0.98890986692298,0.98917478408814,0.989443817310919,0.989634670881731,0.989693986239456,0.989889251852442,0.989889454438969,0.99007156452085,0.99011147199456,0.990143461929166,0.99036316406051,0.990713681743336,0.990894135489095,0.99082131661442,0.99088699413245,0.991187842280667,0.991160341180845,0.991393183619248,0.991287406505311,0.991083902694109,0.990892776298645,0.991157494893966,0.9913848040758,0.991347309739891,0.991412220809859,0.991160912857335,0.991136683218565,0.99090066098972,0.990894398567634,0.991065335836595,0.990926212439837,0.991079330310158,0.991135282892157,0.991238329991306,0.991318400709796,0.991422761914167,0.991511762610524,0.991613488821597,0.991705311152873,0.991803746506701,0.991895805798749,0.991991147405847,0.992082289772166,0.992174863752295,0.992264552125226,0.992354633276609,0.992442614457492,0.992530404167543,0.992616563834804,0.992702205637033,0.992786500855391,0.992870099206813,0.992952525011991,0.993034159540971,0.993114731539698,0.993194466468167,0.993273211435288,0.993351101446714,0.993428052115248,0.993504145901691,0.99357933803105,0.993653680404996,0.99372715111731,0.993799784260485,0.993871571093846,0.99394253529494,0.994012675665905,0.994082009758182,0.994150540659229,0.994218282282732,0.994285240115018,0.99435142587649,0.994416846360639,0.994481511933841,0.99454543006572,0.99460861025698,0.994671060289372,0.994732789082814,0.99479380452193,0.994854115112758,0.994913728723216,0.994972653543925
"57",56,0.977221730667139,0.977195618621538,0.978381118903846,0.978244853737811,0.980931028379255,0.981660872402426,0.981447844295562,0.981502096359721,0.981953564550128,0.982529516623624,0.982466835031496,0.983676841340607,0.983601901471732,0.983332039473384,0.984063245074664,0.98367357715885,0.983649526252172,0.98386772733296,0.983550631628724,0.983679190968485,0.983222332902503,0.984699914099094,0.984679284504338,0.984396213935102,0.984873545244038,0.984846002322982,0.984996497305213,0.985231443216566,0.985572243996107,0.985516837630768,0.985465376207493,0.98596944883398,0.986354928824123,0.986637171375326,0.987102810347125,0.987155102922504,0.988046192817002,0.988268514061407,0.987962108496039,0.988099975366191,0.988402414002325,0.988669388124343,0.988875421469026,0.988942607376879,0.989145640068427,0.989129603311042,0.989299107090704,0.989352202466401,0.989404486823247,0.989617965248924,0.989998094384615,0.99017834237872,0.990083567448783,0.990156831944057,0.990474245181417,0.990440416115938,0.990701484408737,0.990581165512086,0.990370906660726,0.990182376727335,0.990511906899351,0.990761285915471,0.990710056646277,0.990785354264272,0.990522521022218,0.990491264169504,0.990257497345287,0.990296660192696,0.990487291529712,0.990341730162169,0.990505048773328,0.990564770703888,0.990674237904694,0.990759244253162,0.990869984745978,0.990964417625476,0.991072348731672,0.991169773548472,0.991274217850431,0.991371900492834,0.991473069913349,0.991569787354224,0.99166802800819,0.991763210353904,0.991858813483159,0.991952191772684,0.992045370687313,0.992136823264574,0.992227729902902,0.992317210854052,0.992405955708839,0.992493459419256,0.992580126652566,0.992665669347787,0.992750326786571,0.992833936555847,0.992916641917295,0.992998353185198,0.993079157839979,0.993159008254995,0.993237959467839,0.993315988136433,0.993393130391035,0.993469376872477,0.993544752654083,0.993619256389571,0.993692906649091,0.993765706640235,0.993837671072213,0.993908805703137,0.993979122915167,0.994048629857448,0.994117337476335,0.994185253641709,0.994252388382733,0.994318749903299,0.994384347617915,0.994449189842119,0.994513285552985,0.994576643050588,0.994639270979095
"58",57,0.975859508038079,0.975773382597986,0.977063326374391,0.976826691824234,0.979799002607397,0.980514559953812,0.980255656588228,0.980330677443977,0.980805002782268,0.981446398418517,0.981342420861104,0.982632851788186,0.982523221906803,0.982225799578608,0.983035730875713,0.982626441153561,0.982576323666937,0.982863662594767,0.982470853557322,0.982645433585079,0.982142023932233,0.983743650517799,0.983717350323924,0.983438838542779,0.9839740944656,0.983930255016547,0.984036555474633,0.984368019841965,0.984671789879239,0.984626266131077,0.984553890262881,0.985086349597745,0.985493650056319,0.985755976770922,0.986217981601176,0.986283546871899,0.987194412107101,0.987413584648294,0.987066171556632,0.987213393063045,0.987555291160131,0.987823261462287,0.988043687231647,0.98811644545716,0.988328779115752,0.988295193209194,0.988456205858221,0.988515932371602,0.98858850388959,0.988804741521238,0.989214573968491,0.989394839099499,0.989279417188297,0.98935749528668,0.989689665330379,0.989647547469592,0.989940647371964,0.989811116072365,0.989584929226253,0.989404553907,0.989798494754202,0.990073865643866,0.990007522263473,0.990096497456611,0.989821483795497,0.989780892856758,0.989552289826068,0.989641168233846,0.989850877091815,0.989698269294376,0.989872639196926,0.989936437385137,0.990052856910073,0.990143210013618,0.990260863495629,0.990361184406414,0.990475842579171,0.990579342629125,0.990690304257908,0.990794087252775,0.990901580111731,0.991004347985599,0.991108739722876,0.991209886892755,0.99131148645801,0.991410726765172,0.991509760287253,0.991606964014885,0.99170359244371,0.991798710342828,0.991893050618477,0.991986076267623,0.992078217374126,0.992169167572278,0.992259181154455,0.992348085322593,0.992436032298788,0.992522926605986,0.992608861165712,0.992693785222714,0.99277775720685,0.992860752189052,0.992942808497257,0.993023916075987,0.993104101497912,0.993183363233194,0.993261720941305,0.99333917793964,0.99341574978423,0.993491442509017,0.993566269197859,0.993640237367889,0.993713358578665,0.993785641117398,0.993857095570922,0.993927730585014,0.993997556095541,0.994066580870161,0.994134814382233,0.994202265385948,0.994268943003286
"59",58,0.974371158841792,0.974211703918991,0.975643082041229,0.97529949715816,0.978549033210232,0.979256006199948,0.978965443228161,0.979053919792409,0.979556745433873,0.980277626182667,0.980128628833423,0.981506431765905,0.981349082996581,0.981018288696986,0.981918735565124,0.981482269201866,0.981416741624088,0.981772221083555,0.981289307471277,0.981526537906872,0.980972857698476,0.982711622783334,0.982670896046665,0.982390652985387,0.982993824504465,0.982937661756718,0.982993118109381,0.983432201638747,0.983698394890954,0.983653404488827,0.98355778158824,0.984126151182011,0.98455316323386,0.984789937199943,0.985246872588258,0.985325662744644,0.986264750293608,0.986474308492933,0.986082603778327,0.986246173125022,0.986631920268953,0.986895700273168,0.987135316618901,0.987212495510006,0.987436374922408,0.987380167518736,0.987530800624737,0.987602522359148,0.987699288472618,0.987914486597278,0.988355494610482,0.988538702773023,0.98839942243036,0.988481461286805,0.988833011517306,0.988778690847266,0.989105117432286,0.988963427829474,0.98872323811945,0.988547790949308,0.989013498390887,0.989315717826481,0.989236995991238,0.989337522193074,0.989054746254689,0.989001346242466,0.98877744770271,0.988922770291419,0.989149704480957,0.988989415437527,0.989175683061964,0.989243859852623,0.989367759989771,0.989463868927129,0.989588967644462,0.98969563200109,0.989817539797967,0.989927588956137,0.990045578321589,0.990155941344414,0.990270256832055,0.99037955467161,0.990490586917241,0.990598175376526,0.990706252231117,0.99081182645212,0.990917187695511,0.991020609108271,0.99112342524863,0.991224640848243,0.991325035626698,0.991424037966717,0.991522105421372,0.99161891176979,0.991714727521517,0.991809368591779,0.991902996874331,0.991995510578677,0.992087008488983,0.992177436421458,0.992266856450341,0.992355241889709,0.992442633418252,0.992529020190488,0.992614430373652,0.992698862205282,0.992782336495618,0.99286485664896,0.992946439109927,0.993027090180759,0.993106823677324,0.993185647486258,0.993263573803988,0.99334061134191,0.993416771264359,0.993492062669019,0.993566496030743,0.993640080581224,0.993712826306485,0.993784742427885,0.993855838560896
"60",59,0.972764850990066,0.972521218822152,0.974093223349252,0.97363373420612,0.977200861722715,0.977886960812248,0.977553577316189,0.977664338730387,0.978201699933149,0.978992629695067,0.978798586572438,0.980278372591006,0.980078100528327,0.979702175934916,0.980696373804799,0.980236338811234,0.980147090696297,0.980588946851138,0.980011506839146,0.980307675437594,0.979698177163154,0.981588257835685,0.981532941714446,0.981262241944151,0.981936231488898,0.981856990394877,0.981853421479275,0.982407191820015,0.982625969362418,0.98259290428312,0.982475402823328,0.983074675414174,0.983520878886459,0.983733014879127,0.984187694445662,0.98428487685163,0.985240935562653,0.985447180071998,0.985007068253249,0.985186602057298,0.985616939245393,0.98587855557797,0.986138930977986,0.986221301396399,0.986455324644828,0.986376264791631,0.98651699374289,0.986604323091483,0.986723104262681,0.986937878132666,0.98741793882677,0.987600835719613,0.98743795327684,0.98752637215243,0.98789685929193,0.987828796442419,0.98819135704348,0.988034792176078,0.987778067709692,0.987610010475368,0.988150243829803,0.98848327810963,0.988393534793366,0.9885074077111,0.988212083419511,0.988151470009523,0.987930837054849,0.988141430299505,0.988379610671458,0.988214794674381,0.98841205072717,0.988484973554941,0.988616980701529,0.988719327959778,0.988852496754174,0.988966037775576,0.989095805571271,0.989212956167588,0.989338566965949,0.989456066841315,0.989577783291775,0.989694165565727,0.989812403128655,0.989926981668631,0.990042088599367,0.990154538192971,0.990266768991204,0.990376941388178,0.990486476849429,0.990594314893015,0.990701286059492,0.990806781115269,0.990911287434378,0.991014457205335,0.991116578540478,0.99121745507091,0.991317259184047,0.99141588220857,0.991513429284466,0.991609842482539,0.991705187822703,0.991799436691186,0.991892632306693,0.991984762947612,0.992075858499532,0.99216591693055,0.992254960287139,0.992342992052265,0.992430029622088,0.992516079575411,0.992601156509781,0.992685268699056,0.992768429018297,0.992850646626151,0.992931933301452,0.993012298619805,0.993091753629113,0.993170308052676,0.993247972421366,0.993324756452032,0.99340067028457
"61",60,0.970995212547152,0.970694087403599,0.972409410899119,0.971815006604592,0.975734075487038,0.976402722877702,0.976025864212882,0.97615065019155,0.976720200383085,0.977593634444295,0.977359813084112,0.97893242603817,0.978675522733728,0.978261564527988,0.979370470660051,0.97888151775036,0.978762108554791,0.979299159581265,0.97862148068897,0.978975281750166,0.978315589282718,0.98035840842361,0.980303752639106,0.98003512670705,0.980777894578766,0.980683790350573,0.980622096923482,0.981295106932398,0.981465487806348,0.981430648760877,0.981284256160004,0.98192902242543,0.982395440061416,0.98257745237611,0.983032769399911,0.983138632256751,0.98412546501397,0.984320692512683,0.983835288153559,0.984033550178877,0.984512856487602,0.984770548349443,0.985045906304056,0.985138975324101,0.985379938542046,0.985279655588707,0.985404574346464,0.985510479551298,0.985655683935241,0.985872821495006,0.986391266465071,0.986580162997665,0.986387126429707,0.986479203149507,0.98686894004829,0.986788962594371,0.987190182545006,0.987017618945716,0.986744207872568,0.986583588605534,0.987203589803102,0.987572738334759,0.987472100640598,0.987599228347155,0.987291338043561,0.987219245840238,0.987008142173958,0.987290203164352,0.987538017294317,0.987363834888869,0.98757523130103,0.987653295260061,0.987794088855752,0.98790319850152,0.98804511682435,0.988166114531485,0.988304406437388,0.988429259512598,0.988563137874486,0.988688380666351,0.988818127615745,0.988942197938617,0.989068255747087,0.989190421912195,0.989313160869322,0.989433075504425,0.98955276598861,0.989670270258929,0.989787104142618,0.989902136304692,0.990016252471656,0.990128802521852,0.990240306211807,0.990350392247348,0.990459367852727,0.990567023286916,0.990673542326056,0.990778808798594,0.990882934737101,0.990985858120604,0.991087649242342,0.991188277373346,0.991287788477884,0.991386169863417,0.991483453268068,0.99157963634949,0.991674742482789,0.991768775219789,0.991861752976071,0.991953682615203,0.992044579569826,0.992134452519558,0.992223315062905,0.99231117683016,0.992398050254282,0.992483945416443,0.992568873974026,0.992652846171309,0.992735873118416,0.992817965057892,0.992899132687113
"62",61,0.969095003906788,0.968698725230342,0.970564085358855,0.969854603922513,0.974132970872491,0.974765074863611,0.974351518861428,0.974508476550273,0.975100179632444,0.976073040193095,0.975779669904367,0.97746468770361,0.977161801270835,0.976709652207894,0.97791493928515,0.977407873143076,0.977263113919423,0.977898402294142,0.977102416744046,0.97753982248579,0.976818436889259,0.979030843722597,0.978964963517359,0.978700636942675,0.979525305314368,0.979409671869793,0.979277637190536,0.980092566534903,0.980196683703591,0.980164950985408,0.979985738055622,0.980673073241701,0.981165687252837,0.98132028537065,0.98176711317226,0.981892080540499,0.982900116869705,0.983089149184588,0.982546935411541,0.982769782381355,0.983305925715906,0.983559810921374,0.983851626828683,0.983955676712343,0.98420480961517,0.984078887058211,0.984189608656552,0.984310401657485,0.984485693887638,0.98470691964137,0.985268960887219,0.98545947880513,0.985242302715907,0.985335589396503,0.985750052514747,0.985649879745041,0.98609224789983,0.985904922925634,0.98561320318788,0.985454712306139,0.986166748321277,0.986575162641043,0.986463084465475,0.986604247075916,0.986286990884189,0.98620494631774,0.985997325445981,0.986362444909081,0.986615393822616,0.986436174112334,0.98666034890748,0.986743991348299,0.986894313514414,0.987010756675928,0.987162163610292,0.987291248496901,0.987438786030967,0.987571994336851,0.987714841748586,0.987848485239308,0.987986945739684,0.988119358844046,0.988253903707296,0.98838430526762,0.988515328609022,0.988643347150082,0.988771136503093,0.98889660164088,0.989021360828732,0.989144205777656,0.989266082128246,0.989386295334866,0.989505400311226,0.989623000238324,0.98973942308765,0.989854444573937,0.989968260832891,0.990080747527328,0.990192024165686,0.990302024264847,0.990410822748546,0.990518386573939,0.990624764676022,0.990729943292469,0.990833956161947,0.990936800590746,0.991038501385423,0.99113906215928,0.991238502423572,0.991336829338573,0.991434059232571,0.991530201213912,0.991625269655733,0.991719274689144,0.991812229446729,0.991904144547795,0.991995032301172,0.992084903506438,0.992173769892663,0.992261642263215,0.992348531911097
"63",62,0.967024673439768,0.966528784486357,0.96857605599717,0.96772374142605,0.972392393279844,0.973004202579751,0.972538353451605,0.972721919045189,0.97335086042065,0.974421653027243,0.974073103364852,0.97586506961507,0.975496822416187,0.975008395341028,0.976331496261062,0.975796206735162,0.975627974940978,0.976377531933088,0.97545838766949,0.975975914261347,0.97519665794871,0.977590425900792,0.97750620770242,0.977252994478742,0.978158269703238,0.978023619474397,0.977819057953688,0.978775982254589,0.978814008552143,0.978789039139171,0.97856898265307,0.979307919026769,0.979821328168926,0.979941678659966,0.980392941458925,0.980529411557893,0.981557851183428,0.981744368434234,0.981147684985546,0.981388230647709,0.981981122228352,0.982241966191658,0.982547876212069,0.982659961851916,0.982918266042855,0.982760933034839,0.982859402270134,0.983004364408446,0.983211138956907,0.983437768310247,0.984038661307077,0.984240261671127,0.983992628239675,0.984087721952157,0.9845232973347,0.98440781799769,0.984892374883016,0.984689490932768,0.984373086437896,0.984223259617678,0.985029631623906,0.985480201602565,0.985361463282226,0.985515151608801,0.985187432969341,0.985097396313626,0.984897267871927,0.985353665447427,0.985608808674251,0.985424261911583,0.985662269102352,0.985751968668827,0.985912626520283,0.986037023624131,0.986198721255053,0.986336577259533,0.986494142813036,0.986636413964368,0.98678899066184,0.986931747533818,0.987079661454118,0.987221126350636,0.987364880172627,0.987504218241075,0.98764423186653,0.987781045437944,0.987917624955153,0.988051731066256,0.988185093211516,0.988316419556312,0.988446720769148,0.988575254063531,0.988702612511344,0.98882837156691,0.988952881718194,0.989075902873975,0.989197644580724,0.989317973621123,0.989437017612035,0.98955470521212,0.989671116363987,0.989786215500009,0.989900054771762,0.990012619243791,0.990123944817848,0.990234028407877,0.990342896365624,0.990450552360919,0.99055701708572,0.990662298012763,0.990766412434004,0.990869369914059,0.990971185658533,0.991071870333479,0.991171437822738,0.991269899321432,0.991367267837587,0.991463554765563,0.991558772498586,0.991652932441109,0.991746046525224
"64",63,0.964777431389584,0.964192428169691,0.966423844960631,0.965402579429911,0.97050114216419,0.971065226309312,0.970553053757388,0.970769620680916,0.971442639094042,0.972605682977923,0.972206264135027,0.974123832984868,0.973701986450949,0.973169431465396,0.974615607774877,0.974054877155993,0.973855985197622,0.974724580652734,0.973668507863864,0.974278150389587,0.97343469494122,0.976028406183617,0.975936831649047,0.975679620598096,0.976682195506291,0.976518869111569,0.976232520402806,0.977344436973051,0.977310280529119,0.977289139225881,0.977027460668428,0.977815619545131,0.978356819336006,0.97844593948283,0.978880822002092,0.979036448667508,0.980091757270096,0.980266010023064,0.979615481487701,0.979888923272366,0.980540989433751,0.980797627656277,0.981126088540504,0.981244090866503,0.981515854388399,0.981326400855985,0.981403407450188,0.981573199618544,0.981812496091063,0.982048376287089,0.982701724378913,0.982911795180474,0.982630272952854,0.982728857683982,0.983185868310789,0.983047191699776,0.983583308264214,0.983357223689174,0.98301825108807,0.982876712328767,0.983785635443231,0.984290050590219,0.984163879158216,0.984329997873725,0.983990717438515,0.983889284894468,0.983698675463198,0.984260014668677,0.984509695812026,0.984319444340041,0.984572423766461,0.984668689898759,0.98484054909677,0.984973566525613,0.98514641739678,0.985293780412383,0.985462216195009,0.98561431218959,0.985777437119472,0.985930075350409,0.98608824022543,0.986239521434688,0.986393262890034,0.986542293958836,0.986692059769328,0.986838414562717,0.98698453085737,0.987128012702683,0.987270710147214,0.987411240682522,0.987550685527921,0.987688249523879,0.987824567141598,0.987959183721537,0.988092474178268,0.988224181243918,0.988354529009517,0.988483374599009,0.988610854418637,0.988736891835034,0.988861572226408,0.988984857267245,0.98910680258815,0.989227391964143,0.989346663632344,0.989464614065718,0.989581271280667,0.989696638994156,0.989810739167283,0.989923579598462,0.990035178613422,0.990145546259188,0.990254698632994,0.990362646969258,0.990469405955615,0.990574987400417,0.99067940505931,0.990782670960929,0.990884798208435,0.990985798847824,0.991085685494269
"65",64,0.962337014297182,0.961641977663339,0.964060667088831,0.962899752123207,0.968462549277267,0.968968523002421,0.968405342744774,0.968666467320883,0.969369996519318,0.970652751927679,0.970190706885805,0.972230118949652,0.971744367294885,0.971166412913136,0.972745790681484,0.972151066508711,0.971916700242346,0.972915114867361,0.971726625719021,0.972423410859688,0.971523540209356,0.974326100715688,0.974227104442196,0.973979027407719,0.97507110505165,0.974888162854989,0.97450714137039,0.975781101045705,0.975674765455858,0.975649151309637,0.975347185339473,0.976188547825383,0.976752205397714,0.976810835679404,0.977241337163112,0.977411875663143,0.978495439288491,0.978660144120921,0.977947292968266,0.978254457150305,0.97897383536267,0.979228581882137,0.979571725185162,0.979696921588421,0.979977482627181,0.979752214777173,0.979820013372941,0.980014558222184,0.980288588446531,0.980527646202075,0.981240138649041,0.981460520949225,0.981148275434504,0.981242540161393,0.981728440479475,0.981565142283738,0.98214754744238,0.981904084495289,0.981539688901759,0.981404555828114,0.982428380477584,0.982987834139293,0.982857319040914,0.983036417676782,0.982688389372131,0.982575931451304,0.982393976983825,0.983070788076406,0.983311526540587,0.98312056079105,0.983387127922948,0.983490543898088,0.983674580729536,0.983816967718854,0.984001939026753,0.984159633088341,0.984339881041219,0.984502653214484,0.98467724042041,0.984840616323648,0.9850099205633,0.985171868896575,0.985336463717881,0.985496028051746,0.985656391513813,0.985813114775873,0.9859695947785,0.986123265392338,0.986276107731184,0.986426640747683,0.986576022329225,0.986723400399002,0.986869454417149,0.987013696996359,0.987156529595552,0.987297676278435,0.987437376941255,0.987575478209673,0.987712126040758,0.987847238048488,0.987980905517192,0.988113087122797,0.98824384227573,0.988373153348313,0.988501061114617,0.988627561567169,0.988752684530447,0.988876433771521,0.988998832629759,0.989119889256466,0.989239623099884,0.989358044730316,0.989475171213075,0.989591014399326,0.989705589849361,0.989818910037087,0.989930989529796,0.990041841044594,0.990151478455374,0.990259914504538,0.990367162548845
"66",65,0.959711963694459,0.958894688778904,0.961538037668478,0.960200719316004,0.966217570661406,0.966698871461755,0.966080690778625,0.966370429237374,0.96713153931775,0.96850987432675,0.967982193305368,0.970180818441366,0.969614875473324,0.968991117399105,0.9707067973829,0.970081986227374,0.969817822161248,0.970964627837323,0.969614392167266,0.970426949843871,0.969463882944885,0.972476803904321,0.9723781757601,0.972126610223868,0.973323378043252,0.973113521269855,0.972633532687152,0.974084621643613,0.973898187902987,0.973873291876458,0.973520769495152,0.974409970830019,0.9750063383041,0.975023912324457,0.975451425805392,0.975644543793946,0.976744466655137,0.976904523704272,0.976126040134305,0.976468372812243,0.977262124002455,0.977514189579581,0.977875845065343,0.978012519066576,0.978297835900322,0.978038469605703,0.97808807240463,0.978314702631616,0.978625086420563,0.978872750759311,0.979647066484339,0.979876745701183,0.97953276824478,0.979622765795459,0.980134791378342,0.979945924101731,0.980583613916947,0.980319206748656,0.979921255063186,0.979799321175951,0.980947337563476,0.981565990262873,0.981434068056013,0.981627840914042,0.981268526427918,0.981146313469608,0.980974694039138,0.981784881576727,0.982008892499922,0.981814856352111,0.98209738529596,0.982208559764527,0.982405787891918,0.982558322191305,0.982756417900384,0.982925298807277,0.983118337743569,0.983292671340826,0.983479671910548,0.983654677115676,0.983836046402585,0.984009548976214,0.984185900455045,0.9843568753725,0.984528719836471,0.984696676468522,0.984864385334503,0.985029095907547,0.985192931300116,0.98535430367467,0.985514453986246,0.985672468461981,0.985829075306369,0.985983751646917,0.986136927700698,0.986288307282376,0.986438147408477,0.986586283310808,0.986732871288306,0.986877822705407,0.987021235237953,0.987163064298308,0.987303373383713,0.987442143333508,0.987579417661443,0.987715191827457,0.987849497605754,0.98798233880653,0.98811374025316,0.988243710468831,0.988372270108779,0.988499430300375,0.988625209148772,0.988749619163954,0.988872676842896,0.988994395371628,0.989114790188275,0.989233874747271,0.989351663749284,0.989468170682991,0.989583409700623
"67",66,0.95684168655529,0.955913757947951,0.958771857618269,0.957270247346583,0.963798672169388,0.964210457359348,0.963558276991113,0.963880096816235,0.964681461276963,0.966188247127548,0.965592673612398,0.96794452208679,0.967312094860334,0.966623265267236,0.968503937007874,0.967844096053074,0.967542451057433,0.968834724013582,0.967327218606786,0.96825910125496,0.967223486184955,0.970475917704902,0.970361118082753,0.970126405858195,0.971415625751668,0.971188883226757,0.970595199655581,0.972245192205755,0.97196569059937,0.971931557448735,0.971530573490315,0.972479847231823,0.973103411405048,0.973084925288443,0.973498152206806,0.97370963595912,0.974839002112429,0.974994335619683,0.974138821155969,0.974531432846701,0.975392378761456,0.975653023262495,0.9760286598727,0.976173706558268,0.976469522043235,0.976165683211848,0.976197022663891,0.976458708810079,0.976810150639567,0.977072670298737,0.977909420982228,0.978157930459919,0.977772138525358,0.977853616580363,0.97840168572209,0.978178283049943,0.978873062813079,0.978587440490084,0.978160017738057,0.978045020297727,0.979335269904646,0.980017654155858,0.979889581784926,0.980095061294313,0.979723011363636,0.97959137655003,0.979430954782745,0.980390535323831,0.980593956057945,0.9803960317774,0.980696268296287,0.98081589585194,0.981027479991187,0.981191055534065,0.981403429675277,0.981584480484916,0.981791433915744,0.981978344159241,0.982178847855977,0.9823665030666,0.98256099612255,0.982747066619367,0.982936205979868,0.983119592137991,0.983303924223564,0.983484098924604,0.983664020748613,0.983840738613471,0.984016530076406,0.98418969115772,0.984361553159265,0.984531135212993,0.984699218538798,0.98486524167645,0.985029666121332,0.985192173670905,0.985353039963016,0.98551208784264,0.985669484858281,0.985825135581968,0.985979144643094,0.98613146390872,0.986282161323336,0.986431216062811,0.986578674623194,0.986724531888718,0.986868821756848,0.987011548088023,0.987152737322422,0.987292398390878,0.987430553264172,0.987567213678603,0.98770239887307,0.987836122077047,0.987968400809035,0.988099249032437,0.988228683135253,0.988356717376627,0.988483367359133,0.988608647385814,0.988732572476716
"68",67,0.953760640154668,0.952705160854425,0.955793433393504,0.954103347193092,0.961180626234808,0.961535329090507,0.960826936575867,0.961191823587164,0.962036589945812,0.963679456127403,0.963000780827677,0.9655132685587,0.964792336940626,0.964067079409673,0.96610447969637,0.965405993703113,0.965072470191924,0.966533639413738,0.964853647436028,0.965901976420037,0.964788777627193,0.968295904887715,0.968195011560978,0.967958706075573,0.969356510269455,0.969097872095367,0.968394744117033,0.970236313028821,0.969861520008723,0.969823441889446,0.969363017541631,0.970381722363833,0.971033170701771,0.970967580798242,0.971372051540028,0.971609888013116,0.972761175340258,0.972905722974841,0.971981501365416,0.972419700214133,0.973365264555162,0.973626624550454,0.97401277637659,0.974170228389935,0.974471595009795,0.974125011604621,0.974140831530882,0.974434087882823,0.974833118244636,0.975108018761385,0.976012672550351,0.976278575820245,0.975862397690286,0.975935680033083,0.976509479624728,0.976251487712802,0.977008386483133,0.976696603763032,0.976233925497564,0.976129262787272,0.977577198352146,0.978336560206954,0.978208418134089,0.978425183611394,0.97804477675758,0.977905480122546,0.977757586384625,0.978883557855202,0.979056373065733,0.978859201372838,0.979176266780193,0.979305072849198,0.979532207238659,0.97970773843646,0.979935569332247,0.980129793788684,0.980351809116719,0.980552333310228,0.980767454182042,0.980968803438021,0.981177503809524,0.981377180282691,0.981580164151635,0.98177698745128,0.981974839767563,0.982168243242127,0.982361388687938,0.982551107862639,0.982739845543367,0.982925771981251,0.983110316300047,0.983292424967219,0.983472936604155,0.983651247953973,0.983827854376619,0.98400241381662,0.984175222070755,0.984346088560222,0.984515193009637,0.984682432626172,0.984847919563074,0.985011601839572,0.985173552209854,0.985333748040459,0.985492239050723,0.985649019494049,0.985804125560998,0.985957561159497,0.986109354474491,0.986259514871736,0.986408065740705,0.986555019470938,0.986700396523336,0.986844210900653,0.986986481222065,0.987127222287221,0.987266451507405,0.987404184007863,0.987540436362721,0.98767522375182,0.98780856213004
"69",68,0.950428646410451,0.949229144667371,0.952586206896552,0.950682181395533,0.958323156230315,0.958620346034554,0.957848379993709,0.958291113886467,0.959168684515544,0.960940026991758,0.960193745347846,0.962862846211428,0.962065981719264,0.961300837660615,0.963494391018433,0.96276609316131,0.962405772823916,0.964018312382294,0.962169826489892,0.963356757594108,0.962169907881269,0.965947302885224,0.965835623737029,0.96560770936164,0.967118144692595,0.966832705625076,0.96599896606433,0.968061988406304,0.967576957582615,0.967541191880239,0.967001013564035,0.968098293515358,0.968776525448314,0.968658972751742,0.969063570965451,0.969318244382936,0.970487795413093,0.97062900385869,0.969629278638958,0.970132107983917,0.97115388650393,0.971418392628698,0.971823275710381,0.971986507540349,0.972297465481646,0.971903730411284,0.971896588707563,0.972229261630107,0.972681332031536,0.972968881776701,0.973952434881087,0.974237981348393,0.973782159834269,0.973839775609865,0.974451979183094,0.974152241555405,0.974974934009944,0.97463710793814,0.974136532386597,0.974046082949309,0.975660695638204,0.976503885099425,0.976382846488502,0.976611455441345,0.976219307359984,0.976069286128514,0.975941595227631,0.977249711499965,0.977384981289924,0.977190502184346,0.977524950345044,0.977663721202518,0.977907718683567,0.978096212994748,0.978340801215029,0.978549307714107,0.978787652345458,0.979002936407678,0.979233905239435,0.979450102029157,0.979674206891715,0.97988863628411,0.980106632155848,0.980318026168772,0.980530539726284,0.980738288806044,0.98094577468484,0.981149593610159,0.981352371695172,0.981552142782336,0.981750442077032,0.9819461372266,0.982140129100253,0.982331769097228,0.982521589299451,0.982709221768838,0.982894984159693,0.983078671322577,0.983260476181517,0.98344028794537,0.983618226920861,0.983794236944297,0.983968395979498,0.984140679421776,0.98431114047948,0.984479772713624,0.984646614794975,0.984811670675304,0.984974970425192,0.985136523874909,0.985296355946081,0.985454479729951,0.985610917006458,0.985765682610603,0.985918796349237,0.986070273922865,0.986220133846748,0.98636839217966,0.98651506654383,0.986660173064502,0.98680372870507
"70",69,0.946842373312962,0.945471562054099,0.949087672452158,0.947015694810402,0.955238187855128,0.955442290926162,0.954630495790458,0.955139053777565,0.956061518791261,0.957981383551482,0.957166239102929,0.95999820216639,0.959133421171998,0.958287232832518,0.960662138047304,0.959901013213802,0.959501007173905,0.96130090554542,0.959256288271688,0.960600788592006,0.9593292691841,0.963385137004277,0.96329035371992,0.963045204354906,0.964696207112076,0.964367431935625,0.963407891430007,0.965690103766215,0.965096406133404,0.965047809729679,0.9644527595884,0.965609677862805,0.966320468918362,0.966157344499598,0.966538302547701,0.96682265578107,0.968014876801488,0.968157452596208,0.96707004493959,0.967637540453074,0.968740604456012,0.969013426938606,0.969432933387808,0.969611714181066,0.969924812030075,0.969481057467801,0.969454006710532,0.96983536685816,0.970330269697103,0.970639355047772,0.971705970993852,0.972018315959591,0.971520773775203,0.971561021871153,0.972212649619776,0.971867336279182,0.972757244490717,0.97239377324469,0.971850848558174,0.971772910024926,0.973579283433842,0.974510467445285,0.974402360955869,0.974638051439278,0.974239348407048,0.974082842841961,0.973973841333188,0.975486097386704,0.975575263884641,0.97538369020039,0.975737209255368,0.975886836112232,0.976149160142655,0.976351737066361,0.976614523918627,0.976838539321696,0.97709461471307,0.977325924737819,0.977574100356736,0.977806417233543,0.978047246383907,0.97827769220367,0.978511985306015,0.978739197022123,0.978967626097121,0.979190947601314,0.979413999834358,0.979633123405601,0.979851141268089,0.980065939208911,0.980279167580791,0.98048960848914,0.980698230369432,0.980904335415901,0.981108495570329,0.981310314812672,0.981510134523753,0.981707733749294,0.981903319743188,0.982096773042059,0.982288222806439,0.982477608340769,0.982665013268051,0.982850410851619,0.983033858091889,0.983215347805427,0.983394921360393,0.983572582762829,0.983748364135527,0.983922275819326,0.984094344404482,0.984264583750019,0.984433017073211,0.984599660118349,0.984764533987021,0.984927655363332,0.985089043966385,0.985248716873885,0.985406692851188,0.985562989055234,0.985717623549495
"71",70,0.942951025972664,0.941427658787532,0.945337098711332,0.943039359739894,0.951886293188176,0.95203955500618,0.951179798149942,0.951718694717361,0.952718426063042,0.954762302776242,0.953861334199318,0.956892473770392,0.955935378131585,0.955039981979953,0.957607546029485,0.956807357529972,0.956352102124016,0.958357506607362,0.95609964214504,0.957618767648496,0.956278275174792,0.960615159505556,0.960530191458026,0.960281778872312,0.962057954204021,0.961709760805364,0.960599274898699,0.963114166090597,0.962407403868814,0.962346514339879,0.961675693870682,0.9629094064059,0.963645424235593,0.963436352276907,0.963803399173174,0.964109203490008,0.965331516004221,0.96546035948986,0.964293280832571,0.964933307365404,0.96612552236794,0.966410543974938,0.966841163370866,0.967021574068099,0.96734490490823,0.966838854170429,0.966790886729178,0.967223436030236,0.967780671296296,0.968103511549632,0.969267546569695,0.969605659635792,0.969061844429283,0.969084157030089,0.969774400495263,0.969384345625131,0.970339348685232,0.969950307579907,0.969367482238107,0.969299813440138,0.971312549122347,0.972348439772978,0.972253700562387,0.972497885760797,0.972089486690395,0.971925077163756,0.971837701963057,0.973582209913575,0.973611322121846,0.97342460237568,0.973797986442749,0.973959364246475,0.974241496981985,0.974459292809727,0.974741744134092,0.974982517813852,0.975257752858036,0.975506381179669,0.975773152094826,0.976022890826526,0.976281795814741,0.976529553364628,0.976781462677951,0.977025773207006,0.977271407769122,0.977511564773545,0.977751446851742,0.977987118205602,0.978221614591862,0.978452661687391,0.978682034335375,0.978908422115911,0.979132866512473,0.97935461648335,0.979574287060566,0.979791451830209,0.980006477817531,0.98021912695235,0.980429621971139,0.980637834009781,0.980843901789089,0.981047759692047,0.981249497446909,0.981449085992438,0.981646586415063,0.981841990708629,0.982035343143596,0.982226647768161,0.982415938909941,0.982603227446335,0.982788541757951,0.982971896519353,0.983153316488447,0.983332818378821,0.983510424678939,0.983686153123219,0.983860024719811,0.984032057635541,0.984202271859638,0.984370685652518,0.98453731825545
"72",71,0.938770776961732,0.93707940156838,0.94127732533219,0.938773758219872,0.948287864222495,0.948346516725436,0.94742871107174,0.948030868660637,0.949072816436241,0.951287211158143,0.950298344625083,0.953534665653893,0.952482377402505,0.951517081715399,0.954282748696657,0.953446429577862,0.952963392129093,0.95516936132111,0.952699001508789,0.954387307138824,0.952958267757389,0.957631254601253,0.957549452903697,0.957305197294769,0.959201932540038,0.958817847052244,0.957562089556473,0.960329959275422,0.959494870839963,0.959413843771097,0.958657871204365,0.959979123970519,0.960738177335277,0.960469440784207,0.960839940835576,0.961170834028556,0.962408737807371,0.962531968581079,0.961285896847218,0.96199912074715,0.963289546581889,0.963575085877244,0.964021184326668,0.964213977327823,0.964530327237771,0.963971778608941,0.963902455231071,0.964392144876595,0.964999631615888,0.965353387959741,0.966613408136265,0.966981230775669,0.966396726910007,0.966396849128307,0.967119361793045,0.966676377442182,0.96770796127886,0.96728856938649,0.966658615970281,0.966608108822932,0.968855468056131,0.969998003324335,0.969927966990699,0.970173749134151,0.969758732142774,0.969585151905594,0.96952671091285,0.971526846418433,0.971486644511991,0.971309360461162,0.97170239725353,0.97187654933364,0.97218016190393,0.972414454045289,0.972718213499526,0.972977144523813,0.973273137455911,0.97354052811113,0.973827444330078,0.974096056720354,0.974374543465434,0.974641054647445,0.974912047070861,0.975174879872311,0.975439151900227,0.975697545231911,0.975955657149603,0.976209252456177,0.976461597413193,0.976710244277668,0.976957102734288,0.977200762151975,0.977442343134076,0.977681036984702,0.97791750540737,0.978151289074833,0.978382782788443,0.978611729945823,0.978838370053845,0.979062564072044,0.979284461077838,0.979503990128932,0.979721247568624,0.97993620182272,0.980148918406113,0.98035938842608,0.980567659299807,0.980773735125495,0.980977652622296,0.981179423252991,0.981379077340982,0.981576630448303,0.98177210900531,0.981965530779553,0.982156919765493,0.982346294839229,0.982533678409013,0.982719089825365,0.982902550407058,0.983084079613739,0.983263697966338
"73",72,0.934258960284146,0.932417684245207,0.936921250494658,0.934156847118651,0.944368244911395,0.944319194673098,0.943362416894144,0.944065638248142,0.945155165437171,0.947546811683714,0.946427008257711,0.949902896105921,0.948733446892686,0.947704760890404,0.950685637030838,0.949809622706819,0.949298838886655,0.951717148969711,0.949011878762052,0.950908485588321,0.949380618808574,0.954382493623896,0.954327483864279,0.954068143580563,0.956118075860135,0.955693742712787,0.954261387308633,0.957296796889465,0.95633642051119,0.956231783826508,0.955393053016453,0.956804185735241,0.957591268946677,0.957264400463838,0.957614891857058,0.957968874247416,0.959225697610231,0.959343274882207,0.958011651589068,0.958819397261536,0.960200059103303,0.960507636050764,0.960953997764068,0.961151709444256,0.961482446726966,0.960849476808323,0.960755302223391,0.961304673960839,0.96197940794718,0.962361914570075,0.963723291137276,0.964133014848483,0.963509288741598,0.963470287649595,0.964242219561368,0.963737703609602,0.964844231405388,0.964397760341377,0.963712187418549,0.96368221641973,0.966179596021265,0.967447699674477,0.967400515966903,0.967655944553048,0.967228126578562,0.967051102546707,0.967026134085678,0.969306063803516,0.969187492107452,0.969017039782053,0.969433219152415,0.969621230322493,0.969948105374038,0.970200258341784,0.970527083770688,0.970805669381576,0.971124131577295,0.971411831615997,0.971720554530397,0.972009597457811,0.972309281634374,0.972596094171534,0.97288774499792,0.973170629431453,0.973455078154805,0.973733214259274,0.974011062263923,0.974284062822733,0.974555731738179,0.974823433500434,0.97508922377154,0.975351583410629,0.975611718673265,0.975868758428576,0.976123414902231,0.976375193119064,0.976624517945162,0.976871112701498,0.977115235044036,0.977356734903491,0.977595772562305,0.977832271302534,0.978066334621681,0.978297928215625,0.978527122386284,0.978753907272613,0.978978333691371,0.979200405787082,0.979420162861153,0.979637617002881,0.979852800632422,0.980065730265888,0.98027643413804,0.98048493115121,0.980691246924404,0.980895401563886,0.981097418988147,0.981297319823742,0.981495126823628,0.981690860740668,0.981884543476293
"74",73,0.929441329982602,0.927363229939623,0.932195154272589,0.929245781147697,0.940164517111811,0.940011230950952,0.93900814211695,0.939789832433968,0.940927405586287,0.94345556634997,0.942282924967802,0.945945945945946,0.944684090332403,0.943606899248382,0.946805670689728,0.945871261378414,0.945328161203822,0.947979470825651,0.945049223778872,0.947141509857637,0.94552958526519,0.950876205222042,0.950843685201743,0.950556913882097,0.952773964867166,0.952307537621075,0.95071487825111,0.954008207717159,0.952919151833028,0.952786360168307,0.951850977150617,0.953364096564773,0.954170641229465,0.953780203189817,0.954119072578998,0.954493392365553,0.955766442599183,0.955894815150241,0.954460260371815,0.955370889057892,0.956850092824571,0.957183772824186,0.957636516381966,0.957841193206311,0.958166453371191,0.957462504299108,0.957343739487318,0.957958348224439,0.95869052000395,0.959112053127402,0.960589648504533,0.961048960915926,0.960366327704699,0.960296891935986,0.961112829563857,0.960540714743578,0.96173398905896,0.961250660003296,0.960510896819006,0.960499608686523,0.963280898044322,0.964684109041166,0.964673725796449,0.964924306709159,0.964493764576833,0.964310625735164,0.964320024689268,0.966913785282802,0.966699477725151,0.966544095349553,0.966981643007528,0.967184661608173,0.96753666948154,0.967808113031284,0.968159844390033,0.968459651483429,0.968802373804823,0.969112002210633,0.969444270589637,0.969755373592096,0.970077946439251,0.970386680599434,0.97070063911921,0.971005176539683,0.971311413802304,0.971610870342423,0.97191003203727,0.972203989465577,0.972496527905648,0.972784809047315,0.97307104619208,0.973353602990346,0.973633778190551,0.973910633212913,0.974184934836834,0.974456149569245,0.974724734736105,0.974990391959005,0.975253398484733,0.975513592317853,0.975771145831934,0.976025976057697,0.976278194208923,0.976527763020725,0.976774757954922,0.977019168093236,0.977261047914163,0.977500401601666,0.977737271236549,0.977971669574897,0.978203631292327,0.978433173926159,0.978660327651313,0.978885112587074,0.9791075560988,0.979327679613263,0.979545508672295,0.979761065272989,0.979974373709941,0.980185456125568,0.980394335905385
"75",74,0.924200164068909,0.921938788777076,0.927133555345693,0.923935451766546,0.935592372900616,0.935366802039229,0.934293188325197,0.935171136377071,0.936353849931066,0.939072847682119,0.937758539437628,0.941709560374652,0.940334517948551,0.939187053543208,0.942620308542482,0.941610389610389,0.941046721475837,0.94394943054274,0.940755927035694,0.943073243422618,0.941394025604552,0.947098497345947,0.947077860270322,0.946791799653817,0.949163522731603,0.948642191461035,0.946878986495403,0.950451683547769,0.94921458998935,0.949047688635589,0.948017760862671,0.949627010344453,0.950469321737286,0.95000555493834,0.950321746582804,0.950730057234203,0.952023588051529,0.952152317880795,0.950601234969126,0.951638490080116,0.953223947474067,0.953564339020529,0.95402382600459,0.954236703076824,0.954562081792755,0.953780739811098,0.953634692208732,0.954331294013642,0.955126682022063,0.955586801649794,0.957186710740504,0.957695176691779,0.956968658671773,0.95685924965562,0.957718338605182,0.957071003786515,0.958353167794002,0.957832710549008,0.957034927055958,0.957044281260116,0.96014400355041,0.961692450594151,0.961713145194678,0.961966229250518,0.961529093873481,0.961346413026668,0.961390868718806,0.964334308412446,0.964013115926021,0.963871759119506,0.964333780827832,0.964553069990214,0.96493227140618,0.965224580970823,0.965603245751753,0.96592600065919,0.966294955839937,0.966628295640069,0.966986024024691,0.967320980974079,0.967668303875655,0.968000742532588,0.968338823148676,0.968666774827922,0.968996573038766,0.969319084445034,0.969641293802199,0.969957913122816,0.97027301907438,0.970583554036036,0.970891901765079,0.971196299156737,0.971498144969194,0.971796427676544,0.972091973042567,0.97238420591379,0.972673618709558,0.972959889578772,0.973243316945971,0.973523725912155,0.973801301919233,0.974075955231545,0.974347805400905,0.974616811954926,0.974883055929577,0.97514652525802,0.975407278373329,0.975665319497288,0.97592069371161,0.976173414489055,0.976423518940024,0.976671025702191,0.976915967044728,0.977158364399346,0.977398247016475,0.977635637747666,0.977870563887179,0.978103048911347,0.978333118779192,0.978560797133272,0.978786108961613
"76",75,0.918607914678641,0.916131514308544,0.921696942344579,0.918237139104094,0.930663110928766,0.930337624483847,0.929196591460176,0.930164888457808,0.931438444196288,0.934328358208955,0.932910805379502,0.937119562182387,0.935615701738663,0.93438529564765,0.938100607549774,0.937032754043357,0.936405341068529,0.939569221401933,0.936120230539141,0.938692821415598,0.93690751214849,0.943002506076291,0.943018322311503,0.942707809830134,0.945258174286137,0.944691486905634,0.942730811746047,0.946593823168692,0.945204493087558,0.945020073984467,0.943864151589033,0.945582441847822,0.946444758397099,0.945920091833806,0.946208133504893,0.946655046671101,0.947961643300719,0.948079349036908,0.946448245868368,0.947594581305361,0.949283351708931,0.949656812776079,0.950109732227004,0.950338715428106,0.950648633728954,0.949796520200531,0.949623509785341,0.950397866386849,0.951261655165148,0.951764974967598,0.953501620665946,0.954064525919919,0.953292845288249,0.953125960803605,0.954032928090612,0.953303989962769,0.954678959447301,0.954122007412601,0.953266399531764,0.953303011246472,0.95673474037996,0.958449317204245,0.958515843856487,0.958765006812514,0.95832520702732,0.958139534883721,0.958229856512141,0.961558447332516,0.961106455214589,0.960990104618617,0.961473850493486,0.961710760150423,0.962119361384455,0.962434224362587,0.962841994934993,0.963189547725093,0.963586850283955,0.963945812967294,0.964331054155088,0.964691788759734,0.965065858121261,0.965423913759932,0.965788063064341,0.966141318868136,0.966496580117645,0.96684400798999,0.96719112638135,0.967532238147455,0.967871734863817,0.968206321863964,0.968538567117382,0.968866570504043,0.969191838859683,0.96951328179986,0.969831788826877,0.970146739743522,0.970458664886675,0.970767217020295,0.971072717446662,0.971374977306413,0.971674196154809,0.971970276930202,0.9722633481856,0.972553365970195,0.972840417334397,0.973124488959231,0.973405643542278,0.973683885336297,0.973959262657327,0.974231789743568,0.974501506328441,0.974768432230441,0.975032601974262,0.975294038402285,0.975552772794929,0.975808829536439,0.976062237808231,0.976313022678745,0.976561211899556,0.976806830728436,0.977049905879541
"77",76,0.912644666595005,0.909949066213922,0.915880604729293,0.912154510116005,0.925394045534151,0.924897374438659,0.923767752715121,0.924803061554136,0.926161137440758,0.92919993666448,0.927678590704,0.93214019388516,0.930543966305082,0.929255767609412,0.93318237499536,0.932066533885988,0.931434929244463,0.934875576657575,0.931137287943354,0.933997412274548,0.932099959813654,0.938600221107237,0.938660468595549,0.938310708898944,0.941042654028436,0.940404977805606,0.938245106997896,0.942414355628059,0.940894145359965,0.940638182389518,0.939388317362548,0.941210061182869,0.942091807397316,0.941487158243579,0.941768523982129,0.94223999340451,0.943546823498998,0.943684072879435,0.941925639907828,0.943235456384479,0.945030058160095,0.945433151934108,0.945879388351183,0.946110236001915,0.946406788294749,0.945467220945545,0.9452642042807,0.946126939519866,0.947074599721445,0.947619364424634,0.949502186955266,0.950127362917281,0.949304353018451,0.949077886512055,0.950045212127923,0.949221599501824,0.950690809233674,0.950097627850941,0.949174037723656,0.949236261162867,0.953048113985464,0.954935678216182,0.955058040133177,0.955297863613295,0.954856361149111,0.954666951089047,0.954815769645114,0.958569032107049,0.957971462675179,0.957879779898307,0.958388342302314,0.958644247179703,0.95908444967175,0.959423545469978,0.9598625797595,0.960236768544391,0.960664520269489,0.961051007240065,0.961465804836003,0.961854233824028,0.962257040514188,0.962642621970241,0.96303478451869,0.963415233968262,0.963797861635457,0.964172070434348,0.964545963684494,0.964913404391718,0.965279122596451,0.965639568748172,0.965997508817154,0.966350895317248,0.96670135124902,0.967047701381577,0.967390903716729,0.96773028956828,0.968066430011431,0.968398950461842,0.968728196788707,0.96905396507252,0.969376470011043,0.969695606619986,0.970011513097652,0.970324141711158,0.970633585944706,0.970939831094017,0.971242944409233,0.971542930139978,0.971839840047821,0.972133689159706,0.97242451999816,0.97271235361892,0.972997226941656,0.973279164294789,0.973558199112299,0.973834357397175,0.974107670331945,0.974378164669057,0.974645870060609,0.974910813474516,0.975173023455155
"78",77,0.906200713870673,0.903243540406817,0.909616748143449,0.90559514569957,0.919688684625449,0.919066393313357,0.917912670518854,0.919068610828529,0.920472864051585,0.923704746066266,0.922091834250377,0.926781017990551,0.925096130337179,0.923720850773042,0.927939447687009,0.926754063140305,0.926065693711733,0.929780681287914,0.925789833927735,0.928890899914725,0.926932256287865,0.933825173261793,0.933930486533843,0.933529755042202,0.936496878433054,0.935787671232877,0.933422103861518,0.937900577511041,0.936234894464098,0.935922714990663,0.93455767712151,0.936481602180482,0.937396463381747,0.936698161053403,0.936957916934079,0.937447955373692,0.938783905611329,0.938924628022717,0.937049422756987,0.938509881749773,0.940423456739952,0.940869121957436,0.941310590084587,0.941532334390829,0.941813112228052,0.94077842571795,0.940544823629061,0.941518467852257,0.942528226699137,0.943139437965042,0.945169529254634,0.945863661222211,0.944999185092628,0.94470534528988,0.94571772002303,0.944795535419138,0.946365256542538,0.945735523903285,0.944743552175225,0.944834042553191,0.949058583044129,0.951138243117623,0.951327882014546,0.951557510847725,0.951112971625139,0.950925763271616,0.951131601857717,0.955351404607098,0.954592847950854,0.954529133639691,0.955064077776573,0.955340541417361,0.955814888310046,0.956180160328786,0.956652958500364,0.95705591195745,0.957516545304933,0.957932755143208,0.958379469946779,0.958797805380365,0.959231644768188,0.95964695064485,0.960069363964495,0.960479179100193,0.960891358987391,0.9612944876984,0.961697294240151,0.962093166624778,0.962487200375481,0.962875570689465,0.96326125733712,0.96364205368686,0.964019708168186,0.964392953918763,0.964762822898295,0.965128594051098,0.965490882433171,0.965849283920375,0.966204170901031,0.966555323185915,0.966902971816013,0.967247003245384,0.967587566080406,0.967924608498332,0.968258230924438,0.968588417153326,0.968915239345622,0.96923870174294,0.969558859822695,0.969875729459502,0.970189356183609,0.970499762383289,0.970806987560987,0.971111057646864,0.971412008397584,0.971709867561699,0.972004668480345,0.972296439722503,0.972585212990775,0.972871017098294,0.973153882564505
"79",78,0.899369849733398,0.896106275767293,0.90287378809617,0.898650034877518,0.913551401869159,0.912821448112347,0.911599176389842,0.912913692407528,0.914348080056568,0.917749044102624,0.91601108033241,0.921047767420982,0.919220335577213,0.917762130205955,0.922264098591875,0.920995887518062,0.920309145556033,0.924314883353433,0.920009637393085,0.923449631258392,0.921381998051413,0.928692332625058,0.928875660696875,0.928408521100561,0.931570762052877,0.930813471057827,0.928236038048085,0.933033610555676,0.931204346513734,0.930830473417224,0.929326258527668,0.931375204498424,0.932310288456468,0.931540493048205,0.931760741364785,0.93230094559408,0.93361741157587,0.933774834437086,0.931801171939176,0.933414076167407,0.9354417883083,0.935927921072883,0.936347160351632,0.936580927962948,0.93684684757162,0.935697082596123,0.935452757537168,0.936526624079767,0.937623658545111,0.938280646353344,0.940486878564554,0.94126370523886,0.940341434598149,0.939965240610936,0.941047270058219,0.940005666903679,0.941671773691014,0.941009620152732,0.939939337488954,0.940062317411373,0.94474620546773,0.947038443222083,0.947296925583462,0.947510778158451,0.947064698701587,0.946886524035092,0.947164119512898,0.951896352674563,0.950946940587803,0.950917065521551,0.95147874549001,0.951777338117269,0.952288361764167,0.952681744333651,0.953190794551004,0.953624632927007,0.954120573029433,0.954568700117578,0.955049691061216,0.95550014579566,0.955967316704799,0.956414551452259,0.956869461591215,0.95731082522437,0.957754756477546,0.95818895959439,0.958622835805628,0.959049262647096,0.959473728342381,0.959892112204518,0.960307623735741,0.960717885180102,0.961124779739002,0.961526941983374,0.961925483328849,0.962319626355322,0.962710033354478,0.963096268381736,0.963478732290975,0.963857187342031,0.964231882102354,0.964602693765709,0.964969782084602,0.965333090787281,0.9656927277184,0.966048675010039,0.96640101005997,0.966749737055464,0.967094915427813,0.967436561919804,0.967774725255526,0.968109429214994,0.968440716039016,0.968768613340979,0.969093159337737,0.969414383617573,0.969732321806897,0.970047004392467,0.970358465247407,0.970666735135108,0.970971846665886
"80",79,0.891996803288047,0.888505499245202,0.895716184439219,0.891157773068773,0.906978867132229,0.906134106313142,0.904822791385304,0.906274701697595,0.907808224046629,0.911371125008406,0.909541984732824,0.914836992681304,0.91288389298311,0.911389291278323,0.916145083147833,0.914844533600802,0.914113983633862,0.918398768283295,0.9138299547776,0.917583376986206,0.915418168025792,0.923175468206682,0.923431984795004,0.922899821339768,0.926295063685944,0.925460348637368,0.922653632143626,0.927766022203542,0.925768185975402,0.925340041232836,0.92369861823238,0.925867280840651,0.926823877054807,0.925957774207418,0.926156426553672,0.92671712984398,0.928031257877489,0.928207228422238,0.926100644645445,0.927925279076377,0.930055674682924,0.930593658964279,0.930997513840239,0.931234165761853,0.931480467162571,0.930216773062746,0.929938906993607,0.931128988053975,0.932303964210265,0.933046646359673,0.935427436528024,0.936290317035774,0.935314419961329,0.934854413334011,0.935984504866747,0.934835076427997,0.936599554864894,0.935896243193696,0.934739061676331,0.934906791892826,0.940082247777586,0.942608687360848,0.942946795256333,0.943139059944408,0.942700377756912,0.942532682338556,0.942883504850086,0.948179244362003,0.947013718325046,0.94703490293564,0.947618301848617,0.947940729339453,0.948491173859838,0.948914761810392,0.949462757240766,0.94992977474838,0.950463644970335,0.950946062445892,0.951463879981224,0.951948845934476,0.952451832593366,0.952933377863277,0.953423210813487,0.953898480045793,0.954376536814349,0.954844139699565,0.955311412394477,0.955770683678487,0.956227863847407,0.956678514086408,0.957126090817268,0.957568032255116,0.958006366451283,0.958439621946198,0.958868995542561,0.959293649162321,0.959714295845847,0.960130465381906,0.960542589193052,0.960950410618359,0.961354197032854,0.961753815627247,0.962149438101987,0.962541003358729,0.962928627183753,0.963312289881551,0.963692074446103,0.964067984968811,0.964440085098517,0.964808392476326,0.965172959227931,0.965533810596652,0.965890991736504,0.966244532039426,0.966594472337761,0.966940844168312,0.967283685586283,0.967623029112438,0.967958910926679,0.968291363862797,0.968620422753574
"81",80,0.88415626695605,0.880425041607989,0.887992233480978,0.883199177941428,0.899956784788245,0.898943130347257,0.897549273248977,0.899152243023667,0.900743386353254,0.90456057936974,0.902520016234365,0.908165763245323,0.906097077106203,0.904486615558628,0.909600791817882,0.908170850248728,0.907456140350877,0.912060633269073,0.907171709473363,0.911257756328179,0.909047664351632,0.917222963951936,0.917602996254682,0.916992228523419,0.920609894825074,0.919687023905806,0.916654874770058,0.922081383147059,0.91994750656168,0.919433795340608,0.917659258428856,0.919944084518401,0.920906004612953,0.919931707194597,0.920115378034173,0.920692244430936,0.922013923594565,0.922213793181535,0.919994703097584,0.922002202595608,0.924261955579975,0.92485029011139,0.925226256954931,0.925452143772285,0.92567245720285,0.924299499947812,0.923980445249471,0.92529214984619,0.926560036044154,0.927385251849566,0.929948246302735,0.930902170242809,0.929880536666054,0.929327673520126,0.930520315359133,0.929236840897618,0.931116600164671,0.930365081585365,0.92913210813846,0.929341695618824,0.935058086752306,0.93782714626287,0.938266795509393,0.938434425025701,0.937997724687145,0.937838446098942,0.938277422624499,0.94418368968227,0.942787934713651,0.942851267774948,0.943464698537068,0.943812786959914,0.944405585978399,0.944861618430931,0.94545143736791,0.945954085932815,0.946528690033464,0.947047934317494,0.94760530448842,0.948127338362795,0.948668796252029,0.949187197978813,0.949714547173298,0.95022624188642,0.950740962367415,0.951244451145188,0.951747608081275,0.952242172266002,0.952734507466772,0.953219832952597,0.953701870438293,0.954177860306921,0.954649986231997,0.955116662737926,0.955579178352965,0.95603662974571,0.956489784458217,0.956938135392841,0.957382146786387,0.957821541588697,0.958256607349136,0.95868720045771,0.959113505417202,0.959535455895782,0.95995317617696,0.960366644558248,0.960775950011106,0.961181096484004,0.961582152122776,0.961979135496609,0.962372102352642,0.962761079471731,0.963146115105903,0.963527240525473,0.963904499342332,0.964277925156188,0.964647558602656,0.965013434359011,0.965375591055917,0.965734063724405,0.966088889558867
"82",81,0.875823907559606,0.871844064154708,0.879752817157397,0.874794969928923,0.892370308159442,0.891223436186817,0.889821968424588,0.891636973380843,0.893258702803555,0.897201862351911,0.895083102493075,0.901071048973919,0.898856064399338,0.897142022849217,0.902591537552977,0.901061935228547,0.90031800006297,0.905262521902,0.900089774405607,0.904500518105693,0.902199167882423,0.910882022030927,0.911297407193595,0.910621232860265,0.914509552389243,0.913443191673894,0.910201075950662,0.915959252971138,0.913687519193598,0.91307892189331,0.911152452128171,0.913558752558111,0.914517425294075,0.913442456826786,0.91359423415553,0.914217379750199,0.915522867353809,0.915734517068742,0.91340023830289,0.915654553309971,0.91801684649539,0.918654923939151,0.919001163519198,0.919214500186293,0.919412503623539,0.917898607827686,0.917562834458037,0.919010348900054,0.920369436144204,0.921283726852285,0.924051544813551,0.925117085414133,0.924034756203223,0.923363036355866,0.924628506646174,0.923200210771291,0.925173718998927,0.924391140395061,0.92306233611676,0.923326344685165,0.929631405490377,0.932666589138272,0.93321970437844,0.933349875395121,0.932935644313621,0.932783138135405,0.933319284282543,0.939899025812416,0.938239254649343,0.938356643356643,0.93899803029153,0.939373561555066,0.940011536798458,0.940502164861532,0.94113657042554,0.941677205928797,0.942295240709209,0.942853754648164,0.943453306435047,0.944014877296384,0.944597374394984,0.945155098017993,0.945722478332058,0.946273045420185,0.946826897639568,0.947368692974893,0.947910159665016,0.948442407144861,0.948972283231885,0.949494641962779,0.950013488259525,0.950525851081495,0.951034080229169,0.95153646830114,0.952034401723394,0.95252690732197,0.953014810780391,0.953497565466373,0.953975670591166,0.954448827201938,0.954917344318499,0.95538106668034,0.955840192384334,0.95629464940362,0.956744571016527,0.957189933279361,0.957630831467271,0.958067269284793,0.958499319601269,0.958927001891189,0.959350375691789,0.959769469344717,0.960184334335207,0.960595003862394,0.961001524433658,0.961403931778207,0.961802269217018,0.962196573660118,0.96258688628768,0.96297324441005,0.963355687678523
"83",82,0.866771933287279,0.862626638163398,0.870984775147408,0.865762936022483,0.884282033263059,0.882863968725114,0.881592240856739,0.883507359416279,0.885173649879532,0.8893102500687,0.887044555218665,0.893423597678917,0.89108731167181,0.889241320188598,0.895028073887216,0.89344009855251,0.892671498645582,0.897954187795069,0.892453019126139,0.897290687946457,0.894873699851411,0.903997604431801,0.904564911373495,0.903743904790766,0.907906535154808,0.906790278125783,0.903292425285447,0.909409544351577,0.906944415190513,0.906234552033694,0.904131247558639,0.906703281227996,0.907643951046613,0.906481718230632,0.906605431063712,0.907252701268812,0.908517258425659,0.908788612019074,0.906307696547163,0.908803465952666,0.911280699683988,0.911999795704691,0.91230911038589,0.912501217967456,0.912647297361767,0.911017642247926,0.910641270859342,0.912238839410743,0.913691806280725,0.914711748504131,0.917685005240077,0.918863543231799,0.917742251588879,0.916949016172145,0.918279791323449,0.91667833752111,0.918778664719978,0.917954279865879,0.916526709685023,0.916833759627034,0.923783024400889,0.927116729459546,0.927785676868967,0.927888964100229,0.927482350492336,0.927350690498715,0.92799058246581,0.935303543751806,0.933343423641592,0.933536384270666,0.934199403350095,0.934604527274284,0.93529117735804,0.93581907594516,0.936501511108848,0.937083066442747,0.937747885010493,0.938348700836341,0.938993691794664,0.939597853451638,0.940224560088188,0.940824643719643,0.941435148484058,0.942027592116372,0.942623600633156,0.943206663610587,0.943789401657515,0.944362245839937,0.944932565411308,0.945494820901848,0.946053322304526,0.946604870773544,0.947151995050834,0.947692856349877,0.948228946535449,0.94875921716147,0.949284556521762,0.949804375365822,0.950319210558609,0.950828739526684,0.951333294397177,0.951832707335936,0.952327191063559,0.952816667397422,0.953301279286437,0.953781000353787,0.95425593264768,0.954726079592888,0.955191519131072,0.955652271696598,0.956108400894994,0.956559936735419,0.957006934172909,0.957449428471986,0.957887469247392,0.958321094511226,0.958750350466759,0.959175276419396,0.959595916286478,0.960012309825069,0.960424499325026
"84",83,0.857489093553078,0.852847380410023,0.861697544161999,0.856074388518294,0.875596260255676,0.874083885209713,0.872745162348311,0.8748567499427,0.876557272015377,0.880931837791199,0.878484455157921,0.885187974280253,0.882735098262141,0.880890519129859,0.887014364214788,0.885241429480767,0.884502671953111,0.89010989010989,0.884305247166063,0.889516400493698,0.887076537013802,0.896703220673193,0.897366241510684,0.896435605819938,0.900865748079502,0.899654280816943,0.895882840563692,0.902330102188247,0.899715803781045,0.898868836085755,0.896611168088681,0.899314913489826,0.900275717447866,0.898972034928705,0.899081112541667,0.899738121960344,0.900992056952638,0.901282400217736,0.898675806200343,0.901476783623063,0.904048109253033,0.904841426370874,0.905098039215686,0.905287456802939,0.905374908192562,0.903606265854233,0.903200143711345,0.904960861795575,0.906510810378947,0.907628363610305,0.910821550688476,0.912151586799427,0.910963709420244,0.910030234239003,0.911434288224098,0.909651346623385,0.911877946097657,0.911003949426599,0.909488176195906,0.909837778742424,0.917487208817028,0.921145894861193,0.921953487716727,0.922000026896542,0.921623594308119,0.921506241694896,0.922266521686601,0.930384226195698,0.92809021593163,0.928357079131634,0.929046927061469,0.929483600316756,0.930221984574718,0.930789482531172,0.931522935538102,0.932147959366471,0.932862480640376,0.933508244231811,0.934201523895463,0.934850954560591,0.935524658320524,0.936169780241219,0.93682614346212,0.937463125697055,0.938103977510804,0.938730945466331,0.939357599370397,0.939973648306311,0.940587016276809,0.941191744808143,0.94179246849058,0.942385745772474,0.942974295786425,0.943556139661008,0.944132881419907,0.944703392274668,0.94526862708216,0.945827951028431,0.946381940966394,0.946930249001361,0.947473231756103,0.948010707851509,0.948542905467905,0.949069739723348,0.949591363751294,0.950107748449501,0.95061900296583,0.951125130300896,0.951626213686631,0.952122274460299,0.952613380450996,0.953099563330369,0.953580881642711,0.954057372744055,0.954529089455761,0.954996072117886,0.955458369904136,0.955916024572096,0.956369082858562,0.956817587031587,0.957261582099044
"85",84,0.8473604826546,0.842499646543192,0.851822186623949,0.845961490372593,0.866257813421394,0.864691142826016,0.863246136753863,0.865664631282292,0.867458307866934,0.871884387432005,0.869339160575691,0.876459828338258,0.873928127250115,0.871901840490798,0.878325237103863,0.876508316121318,0.875789798119895,0.881722525331255,0.875587503455903,0.881243943264911,0.878693623639191,0.888884399369671,0.889651979319392,0.888540089374746,0.893311593946053,0.891972383917693,0.887930756063689,0.894730350590485,0.891965871698553,0.891012964183696,0.888561534087972,0.891390599518049,0.892381606039808,0.890931055311071,0.890995552093795,0.891701000588581,0.892926008544746,0.893261613334065,0.890523921234094,0.893594145597059,0.896268291447957,0.89716608480438,0.89733386390768,0.897529564732834,0.89756517276254,0.895640881858159,0.895209277410201,0.897128234290589,0.898783509172397,0.900017645541786,0.903471901969827,0.904923944234236,0.903699010673035,0.9026036982093,0.904062181504586,0.902108998895644,0.904432503654294,0.903534057255676,0.90189137634878,0.90232068476221,0.910719966069346,0.914724045258094,0.91568448228861,0.915682452318159,0.915311252672519,0.91523176949999,0.91613261614752,0.92512303649482,0.922460145269314,0.922799282980476,0.923521466687503,0.923991899657557,0.924785560160991,0.925395362112273,0.926183311381195,0.926854769446709,0.927622387789734,0.928316172810739,0.929061047787389,0.929758851653441,0.930482779729035,0.931176036937663,0.931881416348583,0.932566008219666,0.933254799528345,0.933928707903628,0.934602317837315,0.935264566344683,0.935923970505208,0.936574123653734,0.93722000741748,0.937857920546213,0.938490785715827,0.939116474096021,0.939736709596341,0.940350277368629,0.940958203391352,0.941559803997275,0.942155698736342,0.942745512520723,0.943329628098806,0.943907849503101,0.944480421374373,0.945047251572201,0.94560850404863,0.946164146700076,0.946714296194668,0.947258954998799,0.947798211931242,0.948332089219341,0.948860659140408,0.949383955072922,0.949902039333491,0.950414951447721,0.950922747602721,0.951425470564531,0.951923172622741,0.952415898097042,0.95290369668137,0.953386613271837,0.953864695727664
"86",85,0.830522701713636,0.829141119788058,0.833340897885248,0.831924267069179,0.837715359478184,0.839223251207845,0.840753976840139,0.842314834311741,0.842314834311741,0.843907761230335,0.84552940198875,0.847176193863683,0.847176193863683,0.848889700189519,0.848889700189519,0.850643363715053,0.850643363715053,0.850643363715053,0.850643363715053,0.852440251449513,0.850643363715053,0.856173838889822,0.856173838889822,0.856173838889822,0.856173838889822,0.858117625013139,0.858117625013139,0.860123436242652,0.860123436242652,0.860123436242652,0.860123436242652,0.862195479221189,0.864327854812704,0.864327854812704,0.86654851095061,0.86654851095061,0.868840522885913,0.868840522885913,0.868840522885913,0.871231116245618,0.871231116245618,0.873734986183522,0.873734986183522,0.873734986183522,0.876326935674868,0.876326935674868,0.876326935674868,0.876326935674868,0.879317439414608,0.879317439414608,0.882448622770648,0.882448622770648,0.882448622770648,0.882448622770648,0.882448622770648,0.882448622770648,0.885986401787164,0.885986401787164,0.882448622770647,0.882448622770648,0.879317439414608,0.882448622770648,0.882448622770648,0.882448622770648,0.882448622770648,0.882448622770648,0.882448622770648,0.882448622770648,0.882448622770648,0.882448622770648,0.882938065835769,0.883267891238944,0.883878210816615,0.884355274478055,0.884980843883064,0.885517795928448,0.886135493366156,0.886696756065369,0.887302414593931,0.887872629677181,0.888467104596336,0.88903920119097,0.889624160392921,0.890194678916043,0.890771521627188,0.891338684793515,0.89190839215971,0.892471257657319,0.893034474386774,0.893592536884148,0.894149678287055,0.894702670428473,0.895254005901421,0.895801793532309,0.896347502788401,0.896890027632535,0.897430236241412,0.897967483698713,0.898502284839675,0.899034265581131,0.899563733127391,0.9000904724608,0.900614668772308,0.901136200456632,0.901655180994953,0.902171543627592,0.902685359679623,0.903196594581122,0.903705294863343,0.904211444836931,0.904715076439077,0.905216185042483,0.905714793982129,0.906210905099768,0.906704536648008,0.907195694239468,0.907684393112014,0.908170641064066,0.908654451533275,0.909135833572698,0.909614799533162
"87",86,0.81910310839235,0.817729019285563,0.82190958504522,0.820498381081214,0.826273949751678,0.82778100109731,0.829311968024736,0.830874457671553,0.830874457671553,0.832470493048352,0.834096551001636,0.835748177571226,0.835748177571226,0.837470838457435,0.837470838457435,0.839235563015824,0.839235563015824,0.839235563015824,0.839235563015824,0.841045585581701,0.839235563015824,0.844811970497069,0.844811970497069,0.844811970497069,0.844811970497069,0.846775838545173,0.846775838545173,0.848805022329925,0.848805022329925,0.848805022329925,0.848805022329925,0.850904032064178,0.85306638766506,0.85306638766506,0.855322320794738,0.855322320794738,0.857653475120577,0.857653475120577,0.857653475120577,0.860089597839425,0.860089597839424,0.862646880298529,0.862646880298529,0.862646880298529,0.865297669745624,0.865297669745624,0.865297669745624,0.865297669745624,0.868384322975544,0.868384322975544,0.871624361299762,0.871624361299762,0.871624361299762,0.871624361299762,0.871624361299762,0.871624361299762,0.875312858408128,0.875312858408128,0.871624361299762,0.871624361299762,0.868384322975544,0.871624361299762,0.871624361299762,0.871624361299762,0.871624361299762,0.871624361299762,0.871624361299762,0.871624361299762,0.871624361299762,0.871624361299762,0.872127110606055,0.872465694251731,0.873092215281105,0.873582069116325,0.874224583869701,0.874776251546088,0.875411075347352,0.875988085942131,0.876610938436442,0.877197532715978,0.877809282537494,0.87839819651037,0.879000547796758,0.879588221594899,0.880182604131178,0.880767204416044,0.88135461945493,0.881935170316724,0.882516273871786,0.88309224842017,0.883667460928158,0.884238576982731,0.884808168951829,0.885374281419681,0.885938431171438,0.886499473133859,0.887058303327711,0.887614252925048,0.888167852930227,0.888718714423375,0.889267153784639,0.889812946605581,0.890356283068561,0.890897035447194,0.891435319714043,0.891971064953397,0.892504343491312,0.893035117785093,0.893563434481483,0.894089275633256,0.894612672769865,0.895133619440539,0.895652138266157,0.896168229531445,0.896681910598302,0.897193185688228,0.897702069049356,0.898208567194713,0.898712692519566,0.899214452861262,0.899713859503278
"88",87,0.807051085109416,0.805691228725339,0.809832024825619,0.808433198658493,0.814164789740933,0.815663565851834,0.817187223050444,0.818743646267388,0.818743646267388,0.820334937066375,0.821957419390239,0.82360556797963,0.82360556797963,0.82532911627025,0.82532911627025,0.827096415030958,0.827096415030958,0.827096415030958,0.827096415030958,0.82891086099653,0.827096415030958,0.832691960015624,0.832691960015624,0.832691960015624,0.832691960015624,0.834666523450317,0.834666523450317,0.836709431510943,0.836709431510943,0.836709431510943,0.836709431510943,0.838825493067539,0.841007679148632,0.841007679148632,0.843288449888041,0.843288449888041,0.845648063634081,0.845648063634081,0.845648063634081,0.848118888038008,0.848118888038008,0.850718676648777,0.850718676648777,0.850718676648777,0.853417191183394,0.853417191183394,0.853417191183394,0.853417191183394,0.85659101373563,0.85659101373563,0.859931436851869,0.859931436851869,0.859931436851869,0.859931436851869,0.859931436851869,0.859931436851869,0.863765034306921,0.863765034306921,0.859931436851869,0.859931436851869,0.85659101373563,0.859931436851869,0.859931436851869,0.859931436851869,0.859931436851869,0.859931436851869,0.859931436851869,0.859931436851869,0.859931436851869,0.859931436851869,0.860445530319028,0.860791511112625,0.861431696289074,0.861932359290786,0.862589225653017,0.863153388225742,0.863802790506667,0.864393240624503,0.865030803549888,0.865631446092734,0.866258048414111,0.866861456160372,0.867478831590185,0.868081359062919,0.868690962413138,0.869290727845954,0.869893576694031,0.870489574716858,0.871086333993289,0.871678018472851,0.872269112292396,0.872856187547494,0.873441886671134,0.874024197437446,0.874604678292236,0.87518214945547,0.875757531496821,0.876330134197123,0.87690050281038,0.877468235045736,0.878033655340196,0.87859653074512,0.87915705578053,0.87971509709048,0.880270772755064,0.880824007984234,0.881374875877335,0.881923336077625,0.8824694352096,0.883013153154506,0.883554520947765,0.884093530358554,0.88463020323641,0.885164538326686,0.88569655205938,0.886226247266741,0.886753637174503,0.8872787270022,0.887801528074201,0.888322046997489,0.888840293961311
"89",88,0.794379241848963,0.793040745221161,0.797119977659828,0.795740915710549,0.801398178383255,0.802880694855841,0.804388912380032,0.805930955631055,0.805930955631055,0.807508995400504,0.809119219404209,0.810754835730702,0.810754835730702,0.812470221470097,0.812470221470097,0.814230770077587,0.814230770077587,0.814230770077587,0.814230770077587,0.816040031773459,0.814230770077587,0.819815782880345,0.819815782880345,0.819815782880345,0.819815782880345,0.821790562492333,0.821790562492333,0.823836368897483,0.823836368897483,0.823836368897483,0.823836368897483,0.825958297534173,0.828148809592199,0.828148809592199,0.830442500696347,0.830442500696347,0.832818308710576,0.832818308710576,0.832818308710576,0.835311292191511,0.835311292191511,0.837940814415952,0.837940814415952,0.837940814415952,0.840673937496666,0.840673937496666,0.840673937496666,0.840673937496666,0.843923602952387,0.843923602952387,0.847353426634228,0.847353426634228,0.847353426634228,0.847353426634228,0.847353426634228,0.847353426634228,0.851323667010163,0.851323667010163,0.847353426634228,0.847353426634228,0.843923602952387,0.847353426634228,0.847353426634228,0.847353426634228,0.847353426634228,0.847353426634228,0.847353426634228,0.847353426634228,0.847353426634228,0.847353426634228,0.847876498827328,0.848228243001618,0.848879047687746,0.849388139515011,0.850056236385933,0.85063021706173,0.851291121387693,0.851892218746657,0.852541482465006,0.853153343288753,0.85379185155171,0.85440692129001,0.855036429497395,0.855650994800514,0.856272976236649,0.856885116202877,0.857500600300939,0.858109285204483,0.858718943015122,0.859323610391059,0.859927868043866,0.8605282104241,0.861127337984613,0.861723190973457,0.86231736245979,0.862908643399563,0.863497974805285,0.864084648260657,0.864669220877941,0.86525127887277,0.865831153349919,0.866408603926884,0.866983828657574,0.867556689210862,0.868127305311925,0.868695598685536,0.869261642940468,0.86982539513912,0.870386901735,0.870946140578932,0.871503142129911,0.872057896463444,0.872610424613177,0.873160723838602,0.873708809614471,0.874254683417218,0.874798357438322,0.875339835624665,0.87587912822371,0.8764162406247,0.876951181919202
"90",89,0.781108132579854,0.779798397100092,0.783793377324393,0.782441786333877,0.787992940043446,0.789450782747906,0.79093497254382,0.792453829291164,0.792453829291164,0.79400958114371,0.795598298140861,0.797211712660881,0.797211712660881,0.798909227670669,0.798909227670669,0.800652989738859,0.800652989738859,0.800652989738859,0.800652989738859,0.802446689398986,0.800652989738859,0.806195304697466,0.806195304697466,0.806195304697466,0.806195304697466,0.808158854494475,0.808158854494475,0.810195680337622,0.810195680337622,0.810195680337622,0.810195680337622,0.812311144248971,0.814497243343405,0.814497243343405,0.816790575348409,0.816790575348409,0.819168841517665,0.819168841517665,0.819168841517665,0.821669827096196,0.821669827096196,0.824314529668201,0.824314529668201,0.824314529668201,0.827067218319706,0.827067218319706,0.827067218319706,0.827067218319706,0.830379025386463,0.830379025386463,0.833884684635807,0.833884684635807,0.833884684635807,0.833884684635807,0.833884684635807,0.833884684635807,0.83798007653955,0.83798007653955,0.833884684635807,0.833884684635807,0.830379025386463,0.833884684635807,0.833884684635807,0.833884684635807,0.833884684635807,0.833884684635807,0.833884684635807,0.833884684635807,0.833884684635807,0.833884684635807,0.834413974345868,0.834769581682704,0.835427465705194,0.835942215534784,0.836617905535305,0.837198580429503,0.837867391489291,0.838475868074623,0.839133304998926,0.839753062102428,0.840400012243048,0.841023409748898,0.841661641117925,0.84228491852956,0.842915915326175,0.843537123531574,0.844161921899262,0.84478001287002,0.845399286778611,0.846013685214409,0.846627860931149,0.847238249674537,0.847847595530768,0.848453802363723,0.849058489440975,0.849660425017061,0.850260565623475,0.850858188519973,0.851453859808266,0.852047156503909,0.852638414716172,0.85322738799388,0.853814276968175,0.854398939152217,0.854981495373293,0.855561864369288,0.856140119957175,0.856716216927387,0.857290201402068,0.857862049398468,0.858431790720431,0.858999413879995,0.859564939063127,0.860128362133649,0.86068969760587,0.861248945666219,0.861806117481398,0.862361215776247,0.862914249738491,0.863465223580446,0.864014145316778
"91",90,0.76726666204491,0.765993229026691,0.769880784375011,0.76856455243359,0.773976956387346,0.775401430212272,0.776852697204939,0.778339221720989,0.778339221720989,0.779863274915053,0.781420829372204,0.783001921275922,0.783001921275922,0.784671363045171,0.784671363045171,0.786387757388085,0.786387757388085,0.786387757388085,0.786387757388085,0.788154917617949,0.786387757388085,0.791853232981355,0.791853232981355,0.791853232981355,0.791853232981355,0.793793319057648,0.793793319057648,0.795808413719469,0.795808413719469,0.795808413719469,0.795808413719469,0.797904117248554,0.80007201471348,0.80007201471348,0.802350530624687,0.802350530624687,0.804716232532138,0.804716232532138,0.804716232532138,0.807209627625104,0.807209627625104,0.809853345200879,0.809853345200879,0.809853345200879,0.812608793700723,0.812608793700723,0.812608793700723,0.812608793700723,0.815966726038556,0.815966726038556,0.819532099085498,0.819532099085498,0.819532099085498,0.819532099085499,0.819532099085498,0.819532099085498,0.823738008363489,0.823738008363489,0.819532099085498,0.819532099085498,0.815966726038556,0.819532099085498,0.819532099085498,0.819532099085498,0.819532099085498,0.819532099085498,0.819532099085498,0.819532099085498,0.819532099085498,0.819532099085499,0.820064473931592,0.820421795627637,0.821082756798168,0.821600029258893,0.822279192347374,0.822863018908819,0.82353565470344,0.824147795522378,0.8248093906057,0.825433258148793,0.826084697421832,0.826712613220976,0.827355667124972,0.827983847050227,0.828620002201069,0.829246481380178,0.829876774847948,0.830500493890379,0.831125598978702,0.831745973792557,0.83236631482311,0.832983021018158,0.83359886345975,0.834211722556192,0.834823234009867,0.835432151016277,0.83603943991026,0.836644368157181,0.837247507515312,0.83784842849639,0.838447470283131,0.83904438197195,0.839639365664362,0.840232275697524,0.840823233378076,0.8414121550612,0.841999114433218,0.84258406439491,0.84316705056429,0.843748047375892,0.844327083902412,0.844904147265036,0.845479256782042,0.846052407047269,0.846623611626585,0.8471928695136,0.847760190880154,0.848325577308579,0.84888903696641,0.849450572957299,0.850010192263341
"92",91,0.752892293345201,0.751662690945708,0.755419634396947,0.754146671136405,0.759387484375512,0.760769788105749,0.762179108844989,0.763623999282562,0.763623999282562,0.765106756888784,0.766623278451667,0.76816167503879,0.76816167503879,0.769792547877488,0.769792547877488,0.771470655635017,0.771470655635017,0.771470655635017,0.771470655635017,0.773199912613608,0.771470655635017,0.776823831937702,0.776823831937702,0.776823831937702,0.776823831937702,0.778727663742798,0.778727663742798,0.780707642657072,0.780707642657072,0.780707642657072,0.780707642657072,0.782769570480084,0.78490467792599,0.78490467792599,0.787152998974101,0.787152998974101,0.789490088884056,0.789490088884056,0.789490088884056,0.791959126452728,0.791959126452728,0.794584339257305,0.794584339257305,0.794584339257305,0.797324238489038,0.797324238489038,0.797324238489038,0.797324238489038,0.800710126242449,0.800710126242449,0.804316665315101,0.804316665315101,0.804316665315101,0.804316665315101,0.804316665315101,0.804316665315101,0.808615314678205,0.808615314678205,0.804316665315101,0.804316665315101,0.800710126242449,0.804316665315101,0.804316665315101,0.804316665315101,0.804316665315101,0.804316665315101,0.804316665315101,0.804316665315101,0.804316665315101,0.804316665315101,0.804848665187965,0.805205334545034,0.805864966098291,0.806381306041868,0.807059398019046,0.80764246498627,0.808314413979801,0.808926108677263,0.809587414763287,0.810211194836424,0.810862735423191,0.811490936019541,0.812134472822636,0.812763312132225,0.813400324855127,0.814027836033666,0.814659356320735,0.815284476335662,0.815911172892671,0.816533313385348,0.817155606316249,0.81777443843519,0.818392589132392,0.819007929916608,0.81962210193687,0.820233851958636,0.820844149676801,0.821452257893257,0.822058750261249,0.822663193854795,0.823265928750131,0.82386670143828,0.824465714243537,0.825062819454042,0.82565813815732,0.826251585027253,0.826843233244071,0.827433034268429,0.828021033028411,0.828607202675968,0.829191571477806,0.829774125375438,0.830354882809182,0.830933837260774,0.83151100137458,0.832086373076998,0.83265996159303,0.833231767468243,0.833801797909591,0.834370055005254,0.834936544770353
"93",92,0.738031022028227,0.736852598066671,0.740456243518697,0.739234304109114,0.744271217334492,0.74560263985341,0.746961063882936,0.748355069746638,0.748355069746638,0.749786962530539,0.751252586056222,0.752737892594337,0.752737892594337,0.754319641250856,0.754319641250856,0.755948448154072,0.755948448154072,0.755948448154072,0.755948448154072,0.757628302886164,0.755948448154072,0.761153327928133,0.761153327928133,0.761153327928133,0.761153327928133,0.763007837682347,0.763007837682347,0.764938972621113,0.764938972621113,0.764938972621113,0.764938972621113,0.766952691262383,0.769039932595613,0.769039932595613,0.771242082409109,0.771242082409109,0.773533822526931,0.773533822526932,0.773533822526931,0.775960903595799,0.7759609035958,0.778549084446896,0.778549084446896,0.778549084446896,0.781253978467214,0.781253978467214,0.781253978467214,0.781253978467214,0.784647769917143,0.784647769917143,0.7882747501986,0.7882747501986,0.7882747501986,0.7882747501986,0.7882747501986,0.7882747501986,0.792645347038054,0.792645347038054,0.7882747501986,0.7882747501986,0.784647769917143,0.7882747501986,0.7882747501986,0.7882747501986,0.7882747501986,0.7882747501986,0.7882747501986,0.7882747501986,0.7882747501986,0.7882747501986,0.788802650322107,0.789156126719914,0.789809699509657,0.790321396310117,0.790993533168469,0.791571632926262,0.792238037215783,0.792844855565967,0.793501074756019,0.794120233884821,0.794767132539069,0.795391036944011,0.7960303561218,0.796655254209271,0.79728845670177,0.79791239451329,0.798540499722052,0.799162418927538,0.799786086741173,0.800405399625312,0.801025043496893,0.801641419770012,0.802257295724788,0.802870549900214,0.803482816863875,0.804092846416623,0.804701604548217,0.805308355039674,0.80591366930862,0.806517114372978,0.807119028806506,0.807719158538998,0.808317704746358,0.808914518920458,0.809509721163618,0.8101032252526,0.810695103452349,0.81128530628987,0.811873877804293,0.81246079020658,0.813046070881867,0.813629704835403,0.814211709626138,0.814792077808346,0.815370821143368,0.815947936639558,0.816523432637547,0.817097308773592,0.817669571369951,0.818240221613217,0.818809264634598
"94",93,0.722737090753577,0.721616837374127,0.725045542187494,0.723882041357621,0.728684054819916,0.729956185846162,0.731255052867062,0.732589199805121,0.732589199805121,0.733960919093168,0.735366025311822,0.73678807778459,0.73678807778459,0.738310345885294,0.738310345885294,0.739879011861615,0.739879011861615,0.739879011861615,0.739879011861615,0.741498111535099,0.739879011861615,0.744899941093279,0.744899941093279,0.744899941093279,0.744899941093279,0.746692103091785,0.746692103091786,0.748560656669308,0.748560656669308,0.748560656669308,0.748560656669308,0.750511665052585,0.752535842256578,0.752535842256578,0.754675631397089,0.754675631397089,0.756904995555699,0.756904995555699,0.756904995555699,0.759272105883095,0.759272105883095,0.761804150342044,0.761804150342044,0.761804150342044,0.7644538846119,0.7644538846119,0.7644538846119,0.7644538846119,0.767834029588274,0.767834029588274,0.771458920933175,0.771458920933175,0.771458920933175,0.771458920933175,0.771458920933175,0.771458920933175,0.775877927231634,0.775877927231634,0.771458920933175,0.771458920933175,0.767834029588274,0.771458920933175,0.771458920933175,0.771458920933175,0.771458920933175,0.771458920933175,0.771458920933175,0.771458920933175,0.771458920933175,0.771458920933175,0.771978813959398,0.772326439634387,0.772969008182495,0.773472178881219,0.774133246138605,0.774701968773934,0.775357732516331,0.775955023140358,0.776601113522512,0.77721088333675,0.777848146522152,0.778462927607102,0.779093071547129,0.779709171725625,0.780333631838895,0.780949125619775,0.781568901921655,0.782182744446462,0.782798483581484,0.783410092950571,0.784022199166857,0.784631246846191,0.785239969448766,0.785846269499384,0.786451762172095,0.787055210397814,0.787657568922181,0.788258108535295,0.788857394004222,0.789454995912395,0.790051248766398,0.790645900129273,0.791239148559229,0.791830846100469,0.792421111048971,0.793009857131403,0.793597155259503,0.794182955576011,0.794767301019476,0.79535016323239,0.79593156864004,0.796511501578582,0.797089978725639,0.797666991912195,0.798242552062332,0.798816655432613,0.799389309551494,0.7999605132891,0.800530272170198,0.801098586608682,0.8016654609473
"95",94,0.707072430113264,0.706016807397969,0.709250520216299,0.708152343839222,0.712690559749924,0.713895506582787,0.715126670631071,0.716392493478095,0.716392493478095,0.717695233636788,0.719030700778949,0.720379831441902,0.720379831441902,0.721832734455598,0.721832734455598,0.723330879897018,0.723330879897018,0.723330879897018,0.723330879897018,0.724878318280801,0.723330879897018,0.728133493434944,0.728133493434944,0.728133493434944,0.728133493434944,0.729850671012156,0.729850671012156,0.731643262773665,0.731643262773665,0.731643262773665,0.731643262773665,0.7335173787797,0.735463578063929,0.735463578063928,0.737525035209537,0.737525035209537,0.739675162971227,0.739675162971227,0.739675162971227,0.741964349924293,0.741964349924293,0.744421075977222,0.744421075977222,0.744421075977222,0.746995323707944,0.746995323707944,0.746995323707944,0.746995323707944,0.750339262059503,0.750339262059503,0.753938219279616,0.753938219279616,0.753938219279616,0.753938219279616,0.753938219279616,0.753938219279616,0.758379768965736,0.758379768965736,0.753938219279616,0.753938219279616,0.750339262059503,0.753938219279616,0.753938219279616,0.753938219279616,0.753938219279616,0.753938219279616,0.753938219279616,0.753938219279616,0.753938219279616,0.753938219279616,0.754446114246721,0.754785182319689,0.755411711793769,0.755902400813582,0.756547184860797,0.757102031387388,0.757741951594951,0.758324961303319,0.758955766262285,0.759551265736213,0.76017377757929,0.760774485703429,0.761390366608857,0.761992680363408,0.762603327713103,0.7632053659668,0.763811753091223,0.764412493413399,0.765015249179462,0.765614120775466,0.766213637604065,0.766810316965452,0.767406836047817,0.768001138908639,0.768594808054647,0.769186630011124,0.769777540454773,0.770366823445926,0.77095503251028,0.771541745563402,0.772127290372766,0.772711418420686,0.773294324113922,0.773875861456105,0.774456146077941,0.775035092541188,0.775612769945314,0.776189128623884,0.776764210192508,0.777337986115881,0.77791048177699,0.778481681123707,0.779051599952352,0.779620229585783,0.780187580159264,0.780753647353308,0.781318437960847,0.781881950237742,0.782444189004153,0.783005154038489,0.783564848997041
"96",95,0.691105825259682,0.690120591656595,0.693141381013015,0.692114703704532,0.696363097496512,0.697493697963975,0.698649748433987,0.699839521919476,0.699839521919476,0.701065221420738,0.702322676346635,0.703589980016755,0.703589980016755,0.704964380288814,0.704964380288814,0.706382375931169,0.706382375931169,0.706382375931169,0.706382375931169,0.707847999133397,0.706382375931169,0.710934565226579,0.710934565226579,0.710934565226579,0.710934565226579,0.712564869669068,0.712564869669068,0.71426885726336,0.71426885726336,0.71426885726336,0.71426885726336,0.716052622968109,0.717906643160374,0.717906643160374,0.719874473910662,0.719874473910662,0.721929157201277,0.721929157201277,0.721929157201277,0.724123046340182,0.724123046340182,0.726485742695067,0.726485742695067,0.726485742695067,0.728964587653798,0.728964587653797,0.728964587653798,0.728964587653798,0.73224932684961,0.73224932684961,0.735797784365149,0.735797784365149,0.735797784365149,0.735797784365149,0.735797784365149,0.735797784365149,0.740234242672838,0.740234242672838,0.735797784365149,0.735797784365149,0.73224932684961,0.735797784365149,0.735797784365149,0.735797784365149,0.735797784365149,0.735797784365149,0.735797784365149,0.735797784365149,0.735797784365149,0.735797784365149,0.736289718684569,0.736617549755419,0.737223058851982,0.737697350344065,0.738320686633591,0.738857196940043,0.739476111526504,0.740040120632421,0.740650515715526,0.741226890247126,0.741829558370767,0.742411262534462,0.743007807575002,0.743591356935331,0.744183127663628,0.74476670119121,0.745354636996891,0.745937243567323,0.74652195101888,0.747103036188176,0.747684893253606,0.748264141781639,0.748843380133888,0.749420611533996,0.749997372463186,0.750572483572857,0.751146853581502,0.751719786130063,0.752291818864964,0.752862540834937,0.753432270362965,0.754000765159944,0.754568213924134,0.755134474041051,0.755699657601204,0.75626368089655,0.756826610744362,0.757388398250461,0.757949083477881,0.758508638108234,0.759067086394984,0.759624412181154,0.760180630378789,0.760735732019598,0.761289726496744,0.761842609091835,0.76239438593815,0.762945054830419,0.763494619977011,0.764043080659361,0.764590439949823
"97",96,0.67491182369243,0.674001881365232,0.676794419696667,0.675844537222672,0.679780670210055,0.680830691376993,0.681905160001668,0.683012115715182,0.683012115715182,0.684153684823007,0.685325741135348,0.686503328926689,0.686503328926689,0.687791098969156,0.687791098969156,0.689120344785534,0.689120344785534,0.689120344785534,0.689120344785534,0.690495046937901,0.689120344785534,0.693393198759189,0.693393198759189,0.693393198759189,0.693393198759189,0.694925841923603,0.694925841923603,0.696529697972487,0.696529697972487,0.696529697972487,0.696529697972487,0.698210782950507,0.699959564305433,0.699959564305433,0.701819614307084,0.701819614307084,0.703763791870618,0.703763791870617,0.703763791870618,0.705846117205435,0.705846117205435,0.708097112904255,0.708097112904255,0.708097112904255,0.710461659797543,0.710461659797543,0.710461659797543,0.710461659797543,0.713664416620326,0.713664416620326,0.717137763031362,0.717137763031362,0.717137763031362,0.717137763031362,0.717137763031362,0.717137763031362,0.721540410320883,0.721540410320883,0.717137763031362,0.717137763031362,0.713664416620326,0.717137763031362,0.717137763031362,0.717137763031362,0.717137763031361,0.717137763031361,0.717137763031362,0.717137763031362,0.717137763031361,0.717137763031362,0.717609922127653,0.7179239457221,0.718503658505665,0.718957795865928,0.719554726737847,0.720068616043281,0.720661561933104,0.721202028972975,0.721787079194179,0.722339649788752,0.722917561971304,0.723475501673322,0.72404780937547,0.724607780542765,0.725175773757481,0.725736030566787,0.726300607746525,0.726860198902603,0.7274219399425,0.727980332387022,0.728539598247978,0.729096488118716,0.729653499577145,0.730208712182662,0.730763603363035,0.731317038164879,0.731869890639352,0.732421490168758,0.732972353978562,0.733522085965374,0.734070992351826,0.73461883933578,0.73516580837366,0.735711761624153,0.736256806772232,0.736800862715029,0.737343993519661,0.737886151631675,0.738427375329851,0.738967636896975,0.739506959365686,0.740045326749175,0.740582753067213,0.741119229270153,0.741654764050389,0.742189352461383,0.742723000047209,0.743255704288771,0.743787468870179,0.744318292709012,0.744848178391139
"98",97,0.65856941561401,0.657738678466419,0.660290657136831,0.659421842125378,0.66302747911214,0.663991791449501,0.664979334442785,0.665997852678739,0.665997852678739,0.667049375752901,0.668129846261405,0.66921107326484,0.66921107326484,0.670405333171972,0.670405333171972,0.671638511239313,0.671638511239313,0.671638511239313,0.671638511239313,0.672914504082151,0.671638511239313,0.675607179007368,0.675607179007368,0.675607179007368,0.675607179007368,0.677032800234858,0.677032800234858,0.678526464071118,0.678526464071118,0.678526464071118,0.678526464071118,0.680094044385268,0.681726073885874,0.681726073885874,0.683465770397583,0.683465770397583,0.68528600230935,0.68528600230935,0.68528600230935,0.687242120487028,0.687242120487028,0.68936534401341,0.68936534401341,0.68936534401341,0.691598322271393,0.691598322271393,0.691598322271393,0.691598322271393,0.694697195723492,0.694697195723492,0.69807149465237,0.69807149465237,0.69807149465237,0.69807149465237,0.69807149465237,0.69807149465237,0.702411305048666,0.702411305048666,0.69807149465237,0.69807149465237,0.694697195723492,0.69807149465237,0.69807149465237,0.69807149465237,0.69807149465237,0.69807149465237,0.69807149465237,0.69807149465237,0.69807149465237,0.69807149465237,0.698520332672764,0.698818169030043,0.699367667298588,0.699798173213317,0.700364106583528,0.700851402809797,0.701413775310511,0.701926483112541,0.702481601930534,0.703006016173283,0.703554599097355,0.704084338424218,0.704627837572733,0.705159737223283,0.705699374376779,0.706231777715393,0.706768403876406,0.707300407329437,0.707834571630794,0.708365668186428,0.708897712180691,0.709427612229167,0.709957744487548,0.710486280991321,0.711014627846045,0.711541704160656,0.712068342044355,0.712593902427521,0.71311887781921,0.713642890468452,0.714166231978883,0.714688679166991,0.715210404788206,0.715731277087369,0.716251398516385,0.716770691402344,0.717289216611136,0.717806928461677,0.718323863221717,0.718839994135204,0.719355342920754,0.719869894018098,0.720383660541017,0.720896633553013,0.721408821079239,0.721920218102525,0.722430829639289,0.722940652991956,0.723449691398494,0.723957943534634,0.724465411587616
"99",98,0.642160533233545,0.641411824397685,0.643714278242283,0.642929666719634,0.646191266029987,0.647065983724859,0.647962529266809,0.648888295336654,0.648888295336654,0.649845196698464,0.650829268537617,0.651808922849112,0.651808922849112,0.652904238571482,0.652904238571482,0.654035525686033,0.654035525686033,0.654035525686033,0.654035525686033,0.655206566785975,0.654035525686033,0.657679951913305,0.657679951913305,0.657679951913305,0.657679951913305,0.658990900315757,0.658990900315757,0.660366084092868,0.660366084092868,0.660366084092868,0.660366084092868,0.661811174735802,0.663316843913009,0.663316843913009,0.664925589555581,0.664925589555581,0.666610483351485,0.666610483351485,0.666610483351485,0.668427840847975,0.668427840847975,0.670409335064191,0.670409335064191,0.670409335064191,0.672495659408729,0.672495659408729,0.672495659408729,0.672495659408729,0.675470296557999,0.675470296557999,0.678723013279093,0.678723013279093,0.678723013279093,0.678723013279093,0.678723013279093,0.678723013279093,0.682971487944487,0.682971487944487,0.678723013279093,0.678723013279093,0.675470296557999,0.678723013279093,0.678723013279093,0.678723013279093,0.678723013279093,0.678723013279093,0.678723013279093,0.678723013279093,0.678723013279093,0.678723013279093,0.679145367621505,0.679424904888946,0.679940271854623,0.680344061608632,0.680874920900929,0.68133209462434,0.681859798377582,0.682340992591367,0.682862092877187,0.683354468486442,0.683869638882886,0.684367213408834,0.684877814731987,0.68537761941772,0.685884796845532,0.686385276648674,0.686889827922333,0.687390133997661,0.687892573823374,0.688392229342564,0.688892877699489,0.68939160985332,0.689890661915437,0.69038831296334,0.690885886687563,0.691382364996987,0.691878531467074,0.692373783831754,0.692868585981927,0.693362581694176,0.693856045658738,0.694348767243085,0.694840909167493,0.695332346952948,0.695823177057686,0.696313325985335,0.696802850982472,0.697291708723134,0.697779933250461,0.698267499093145,0.698754426564269,0.699240700759207,0.699726333867084,0.700211317237212,0.70069565825227,0.701179351963384,0.70166240290997,0.70214480833471,0.702626571095486,0.703107689732826,0.70358816611053
"100",99,0.625768427817103,0.625103411873669,0.627150936464242,0.626452451131567,0.629361501194804,0.630144081056889,0.63094693412206,0.631777050588062,0.631777050588062,0.632636214806428,0.633520577467453,0.634395019986715,0.634395019986715,0.635387551241174,0.635387551241174,0.636412779148901,0.636412779148901,0.636412779148901,0.636412779148901,0.637474345613452,0.636412779148901,0.639718269300027,0.639718269300027,0.639718269300027,0.639718269300027,0.640908824715554,0.640908824715554,0.642159255617197,0.642159255617197,0.642159255617197,0.642159255617197,0.64347497637994,0.644846869865051,0.644846869865051,0.646316364394464,0.646316364394464,0.647856926379544,0.647856926379544,0.647856926379544,0.649525450515876,0.649525450515876,0.651353811100102,0.651353811100102,0.651353811100102,0.653281063316815,0.653281063316815,0.653281063316815,0.653281063316815,0.656113277819357,0.656113277819357,0.659223967880826,0.659223967880826,0.659223967880826,0.659223967880826,0.659223967880826,0.659223967880826,0.663353975318485,0.663353975318485,0.659223967880826,0.659223967880826,0.656113277819357,0.659223967880826,0.659223967880826,0.659223967880826,0.659223967880826,0.659223967880826,0.659223967880826,0.659223967880826,0.659223967880826,0.659223967880826,0.659617160304728,0.659876622250027,0.660354568418574,0.660729049264461,0.661221405041389,0.661645483736482,0.662135065604512,0.662581576826361,0.663065204142465,0.663522255884658,0.664000554348479,0.66446260137935,0.664936832225921,0.665401121210626,0.665872345948723,0.666337433874767,0.666806392071149,0.667271490723522,0.667738659546003,0.668203325766029,0.668669001770657,0.669132981695668,0.669597345631071,0.670060492198642,0.670523653134018,0.670985880660022,0.671447904135276,0.671909162624465,0.672370088027318,0.672830348386924,0.673290199490461,0.673749444924808,0.674208236213659,0.67466645718179,0.675124197628125,0.675581388876987,0.676038084186745,0.676494243001237,0.67694989694769,0.67740502211693,0.677859637331468,0.678313728537599,0.67876730697833,0.679220364434949,0.679672907664243,0.680124931902438,0.68057644125128,0.681027432992972,0.681477909658248,0.681927869741205,0.68237731484329
"101",100,0.609475991877332,0.608895145114134,0.610685996045304,0.610074310109572,0.612627495607514,0.61331678946143,0.614024688515415,0.614757737424741,0.614757737424741,0.615517577611129,0.616300496987196,0.617067744386638,0.617067744386638,0.617955334052906,0.617955334052906,0.618872088373346,0.618872088373346,0.618872088373346,0.618872088373346,0.619821486284356,0.618872088373346,0.621829671655038,0.621829671655038,0.621829671655038,0.621829671655038,0.622896191391314,0.622896191391314,0.624017775657841,0.624017775657841,0.624017775657841,0.624017775657841,0.625199534560057,0.626432631916982,0.626432631916982,0.627757102343616,0.627757102343616,0.629146992292885,0.629146992292885,0.629146992292885,0.630659381575258,0.630659381575258,0.632326091237619,0.632326091237619,0.632326091237619,0.634084892240414,0.634084892240414,0.634084892240414,0.634084892240414,0.636759197228975,0.636759197228975,0.639710114221834,0.639710114221834,0.639710114221834,0.639710114221834,0.639710114221834,0.639710114221834,0.643696686954807,0.643696686954807,0.639710114221834,0.639710114221834,0.636759197228975,0.639710114221834,0.639710114221834,0.639710114221834,0.639710114221834,0.639710114221834,0.639710114221834,0.639710114221834,0.639710114221834,0.639710114221834,0.640072032061319,0.640310031959469,0.640747995122711,0.641091145316192,0.641542320120767,0.641930979313996,0.64237973459691,0.642789076166011,0.643232515689727,0.643651657385165,0.644090356124045,0.644514219760783,0.644949332935577,0.645375395735704,0.645807895670331,0.646234834810485,0.646665399045228,0.647092491566882,0.647521557279799,0.647948396432564,0.648376235291311,0.648802587847358,0.649229365354545,0.649655096016675,0.650080911939339,0.650505941708416,0.650930855879194,0.651355138500881,0.651779186751029,0.652202695154721,0.652625898979424,0.653048617383452,0.653470989746374,0.653892909030522,0.654314457829648,0.654735572811549,0.655156302941625,0.655576610769738,0.655996525347141,0.656416024551146,0.656835125640473,0.657253815569625,0.657672104614403,0.658089985105182,0.658507463183065,0.658924534362436,0.659341202336384,0.659757464505307,0.660173323113117,0.660588776677567,0.661003826584884
"102",101,0.59336409775324,0.592866717541197,0.594402788008525,0.593877330964551,0.596076521843969,0.596672780167071,0.597285903252365,0.597921955590765,0.597921955590765,0.598582426586384,0.599263761582361,0.599923508506196,0.599923508506196,0.600705709175184,0.600705709175184,0.601513362128993,0.601513362128993,0.601513362128993,0.601513362128993,0.602349766181826,0.601513362128993,0.604119933464241,0.604119933464241,0.604119933464241,0.604119933464241,0.605060917005637,0.605060917005637,0.60605181686946,0.60605181686946,0.60605181686946,0.60605181686946,0.607097401003369,0.608189180454362,0.608189180454362,0.609365506294599,0.609365506294599,0.610601180627666,0.610601180627666,0.610601180627666,0.611953077113588,0.611953077113588,0.613452715354675,0.613452715354675,0.613452715354675,0.615036964552206,0.615036964552206,0.615036964552206,0.615036964552206,0.617540987455557,0.617540987455557,0.620317572437837,0.620317572437837,0.620317572437837,0.620317572437837,0.620317572437837,0.620317572437837,0.62413861140766,0.62413861140766,0.620317572437837,0.620317572437837,0.617540987455557,0.620317572437837,0.620317572437837,0.620317572437837,0.620317572437837,0.620317572437837,0.620317572437837,0.620317572437837,0.620317572437837,0.620317572437837,0.620646724876053,0.620862302233494,0.621258515377172,0.621568937968847,0.621977077849472,0.622328703492941,0.622734748829635,0.62310518415907,0.623506534524331,0.623885949710122,0.624283127411939,0.624666931772461,0.625060981611878,0.625446893387856,0.6258386946993,0.62622551693265,0.626615682555886,0.627002760783301,0.627391686195547,0.627778652004429,0.628166582957463,0.628553224951983,0.628940311124984,0.629326506548961,0.629712838114896,0.630098515183089,0.630484146152958,0.630869262734576,0.63125422537804,0.631638756720105,0.632023070316138,0.632407001894382,0.632790677988182,0.633174001315427,0.633557046858233,0.633939757016589,0.634322176234689,0.634704270419039,0.635086065924107,0.635467542581175,0.635848716029124,0.636229574348136,0.636610126829795,0.636990366440983,0.637370298713657,0.637749919509741,0.638129232134427,0.638508234164884,0.638886927587563,0.639265310996004,0.6396433855958
"103",102,0.577510022546574,0.577094274621885,0.578380954760565,0.577939959016345,0.579792026407609,0.580296854002908,0.580816774912829,0.581357347845304,0.581357347845304,0.581919904716627,0.582501066695614,0.583054647222565,0.583054647222565,0.583732684728321,0.583732684728321,0.584432361215752,0.584432361215752,0.584432361215752,0.584432361215752,0.585156783782022,0.584432361215752,0.586690598747195,0.586690598747195,0.586690598747195,0.586690598747195,0.587506668358617,0.587506668358617,0.588367289166406,0.588367289166406,0.588367289166406,0.588367289166406,0.589276859463374,0.590227299264206,0.590227299264206,0.591255027442619,0.591255027442619,0.59233576428237,0.59233576428237,0.59233576428237,0.593525799597899,0.593525799597899,0.594856117305686,0.594856117305686,0.594856117305686,0.596263086569866,0.596263086569866,0.596263086569866,0.596263086569866,0.598587842615491,0.598587842615491,0.601179066928652,0.601179066928652,0.601179066928652,0.601179066928652,0.601179066928652,0.601179066928652,0.6048159119466,0.6048159119466,0.601179066928652,0.601179066928652,0.598587842615491,0.601179066928652,0.601179066928652,0.601179066928652,0.601179066928652,0.601179066928652,0.601179066928652,0.601179066928652,0.601179066928652,0.601179066928652,0.601474613256106,0.601667251386234,0.602020774845999,0.602297723315562,0.602661832146617,0.602975550808523,0.60333785976804,0.603668435507487,0.604026645487309,0.6043653228197,0.60471990247161,0.60506258897891,0.605414470398147,0.605759130949493,0.606109098470383,0.606454665072865,0.60680326540212,0.607149153890129,0.607496739879457,0.607842621274111,0.608189412203086,0.608535097635945,0.608881227050881,0.609226606768708,0.609572155098202,0.609917164853064,0.610262180236629,0.610606782261687,0.610951293420218,0.611295465470523,0.611639489518528,0.611983218487476,0.612326765627541,0.612670043803125,0.613013120130565,0.613355942990686,0.613698552163512,0.6140409170744,0.61438306130567,0.614724966752337,0.615066647399167,0.615408092530007,0.615749310442931,0.616090294800081,0.61643105053018,0.616771573889831,0.617111867811504,0.617451930089291,0.617791762473016,0.618131363667972,0.618470734723424
"104",103,0.561986023105122,0.56164902340277,0.562694951616605,0.562335536494774,0.563852009746939,0.564268277136059,0.564697875422042,0.565145841112147,0.565145841112147,0.565613346788297,0.566097205740976,0.566547498025678,0.566547498025678,0.56712417588087,0.56712417588087,0.567718656836961,0.567718656836961,0.567718656836961,0.567718656836961,0.568333850364788,0.567718656836961,0.569636726599995,0.569636726599995,0.569636726599995,0.569636726599995,0.570330527585419,0.570330527585419,0.5710634186953,0.5710634186953,0.5710634186953,0.5710634186953,0.571839411974553,0.572650892600269,0.572650892600269,0.573532144632078,0.573532144632078,0.574459952975504,0.574459952975504,0.574459952975504,0.575489669200293,0.575489669200293,0.576651527819799,0.576651527819799,0.576651527819799,0.577881808771116,0.577881808771116,0.577881808771116,0.577881808771116,0.580021821305396,0.580021821305396,0.582420366501134,0.582420366501134,0.582420366501134,0.582420366501134,0.582420366501134,0.582420366501134,0.585858202237926,0.585858202237926,0.582420366501134,0.582420366501134,0.580021821305396,0.582420366501134,0.582420366501134,0.582420366501134,0.582420366501134,0.582420366501134,0.582420366501134,0.582420366501134,0.582420366501134,0.582420366501134,0.582682115524463,0.582851739518639,0.583162456576541,0.583405831653211,0.583725767354754,0.584001443417874,0.584319843804439,0.584610387902258,0.584925254876719,0.585222987231488,0.585534735754303,0.585836063347384,0.586145512638343,0.586448647760181,0.586756486939152,0.587060491106116,0.587367200562605,0.587671560287486,0.587977450119014,0.588281876130977,0.588587139070661,0.588891465233252,0.589196218664493,0.58950034838611,0.589804662995952,0.590108539694465,0.590412457777025,0.590716048158284,0.591019594927809,0.591322879350839,0.591626069810326,0.591929036673944,0.592231879743603,0.592534522193591,0.592837023177944,0.593139337167453,0.593441499224661,0.593743482368867,0.594045307384076,0.594346958282842,0.594648447386673,0.594949765223629,0.59525091909979,0.595551903404892,0.595852722472601,0.596153372981474,0.596453857503612,0.596754174074204,0.597054324221429,0.597354306784623,0.597654122673371
"105",104,0.546858114166914,0.546596040040084,0.547412762278551,0.54713104992204,0.548327637642382,0.548659354354967,0.549002685542029,0.549362138134861,0.549362138134861,0.549738726992583,0.550129471469494,0.550480752883272,0.550480752883272,0.550960305138452,0.550960305138452,0.551453875965963,0.551453875965963,0.551453875965963,0.551453875965963,0.551964176810733,0.551453875965963,0.553044948921557,0.553044948921557,0.553044948921557,0.553044948921557,0.553620978564976,0.553620978564976,0.554230657355389,0.554230657355389,0.554230657355389,0.554230657355389,0.554877605300982,0.555554722441233,0.555554722441233,0.55629400409068,0.55629400409068,0.557073427606128,0.557073427606128,0.557073427606128,0.55794708337216,0.55794708337216,0.558944268475487,0.558944268475487,0.558944268475487,0.560001582946727,0.560001582946727,0.560001582946727,0.560001582946727,0.561954850855195,0.561954850855195,0.564157122658483,0.564157122658483,0.564157122658483,0.564157122658483,0.564157122658483,0.564157122658483,0.567385203524758,0.567385203524758,0.564157122658483,0.564157122658483,0.561954850855195,0.564157122658483,0.564157122658483,0.564157122658483,0.564157122658483,0.564157122658483,0.564157122658483,0.564157122658483,0.564157122658483,0.564157122658483,0.564385504670389,0.564532460826179,0.564801038770791,0.565011358020533,0.565287792746179,0.565525994381553,0.565801129274829,0.566052215764593,0.566324347930445,0.566581697029695,0.5668511886193,0.567111698693005,0.56737925790428,0.567641384875894,0.567907607120643,0.568170540130746,0.568435840497328,0.568699135768992,0.568963782241589,0.569227189709894,0.569491348871089,0.569754724875507,0.570018498192396,0.570281759180199,0.570545207757032,0.570808304762527,0.571071465156188,0.571334369349374,0.571597263346898,0.571859957705088,0.572122598261304,0.57238507271593,0.57264746752311,0.572909716112245,0.573171869733724,0.573433888924474,0.573695804065633,0.573957591763294,0.574219270027172,0.57448082498914,0.574742267325127,0.575003588813914,0.575264795784002,0.575525883361705,0.575786855298418,0.576047708704929,0.576308445804983,0.576569064885813,0.576829567265637,0.577089951929143,0.577350219657807
"106",105,0.532185089018693,0.531993313342824,0.532594870526964,0.532386126748509,0.53328213121258,0.533534289026558,0.533796423399292,0.534072512873655,0.534072512873655,0.534363419342074,0.534666379601991,0.534924142316847,0.534924142316847,0.535312045145443,0.535312045145443,0.535710300037965,0.535710300037965,0.535710300037965,0.535710300037965,0.536121425082115,0.535710300037965,0.536991917307873,0.536991917307873,0.536991917307873,0.536991917307873,0.537456295714114,0.537456295714114,0.537949008646798,0.537949008646798,0.537949008646798,0.537949008646798,0.538473288434435,0.539022592351745,0.539022592351745,0.539626522173753,0.539626522173753,0.540264354989922,0.540264354989922,0.540264354989922,0.540988634790121,0.540988634790121,0.541827562472746,0.541827562472746,0.541827562472746,0.54271845559407,0.54271845559407,0.54271845559407,0.54271845559407,0.544486279539986,0.544486279539986,0.546492265559186,0.546492265559186,0.546492265559186,0.546492265559186,0.546492265559186,0.546492265559186,0.549503957603879,0.549503957603879,0.546492265559186,0.546492265559186,0.544486279539986,0.546492265559186,0.546492265559186,0.546492265559186,0.546492265559186,0.546492265559186,0.546492265559186,0.546492265559186,0.546492265559186,0.546492265559186,0.546688280255859,0.546813299348645,0.547041120487128,0.547219464196075,0.547453813143664,0.547655751074206,0.547889008244974,0.548101892992262,0.548332639905708,0.548550870813432,0.548779418536447,0.54900036900548,0.549227318418052,0.549449680044611,0.549675535933449,0.549898621386109,0.550123735657464,0.550347168675595,0.550571768551615,0.550795337070657,0.551019563816593,0.551243145980975,0.551467085654674,0.551690610576774,0.551914315008483,0.552137741133506,0.552361241333418,0.552584544186298,0.552807858635049,0.553031023757734,0.553254163441976,0.553477182277068,0.55370015371736,0.553923021192539,0.554145828253487,0.554368541358097,0.554591186326841,0.554813743271039,0.555036227498538,0.55525862721584,0.555480951497743,0.555703193350453,0.555925358153153,0.556147441757852,0.556369447352595,0.556591372476713,0.556813219019139,0.557034985519654,0.557256673096965,0.557478280884059,0.557699809542996
"107",106,0.518017806464651,0.517891047344339,0.518293513637522,0.518152305872326,0.518769964032767,0.518948359357461,0.519135198888839,0.519333941784205,0.519333941784205,0.519545304441206,0.519766749767412,0.519937488373336,0.519937488373336,0.520240242438554,0.520240242438554,0.520549857322348,0.520549857322348,0.520549857322348,0.520549857322348,0.520868666839769,0.520549857322348,0.521543186369928,0.521543186369928,0.521543186369928,0.521543186369928,0.521903385183522,0.521903385183522,0.522286822930774,0.522286822930774,0.522286822930774,0.522286822930774,0.522696357645945,0.52312603822213,0.52312603822213,0.523603015678855,0.523603015678855,0.524107952299765,0.524107952299765,0.524107952299765,0.524691602429769,0.524691602429769,0.525380943196513,0.525380943196513,0.525380943196513,0.526114385572505,0.526114385572505,0.526114385572505,0.526114385572505,0.527701074214066,0.527701074214066,0.529514065990257,0.529514065990257,0.529514065990257,0.529514065990257,0.529514065990257,0.529514065990257,0.532306717802064,0.532306717802064,0.529514065990257,0.529514065990257,0.527701074214066,0.529514065990257,0.529514065990257,0.529514065990257,0.529514065990257,0.529514065990257,0.529514065990257,0.529514065990257,0.529514065990257,0.529514065990257,0.529679211219056,0.529783358994638,0.529972427944682,0.530120366283113,0.53031469171398,0.530482136463214,0.530675552764477,0.530852086215741,0.531043444236392,0.531224435952552,0.531413998139078,0.531597272969545,0.531785538201948,0.531970011828926,0.532157398729128,0.532342501331327,0.53252930170865,0.532714721283589,0.532901123574192,0.533086684243035,0.533272805614873,0.533458406298491,0.533644318139902,0.533829900027494,0.534015645339822,0.534201173950273,0.534386778464784,0.534572233485596,0.534757712538703,0.534943081968284,0.53512844467818,0.535313721411287,0.53549897318975,0.535684153013449,0.535869297067692,0.536054377480268,0.536239415707889,0.536424395221038,0.53660932874225,0.536794206468181,0.536979035941963,0.537163811348871,0.537348537160642,0.537533209927809,0.53771783230078,0.537902402232693,0.538086921293923,0.538271388269364,0.53845580408894,0.538640168030792,0.538824480645069
"108",107,0.504398752002362,0.504331230590695,0.504552225903072,0.504472590173544,0.504836375642312,0.50494742060049,0.505065503990655,0.50519358145167,0.50519358145167,0.50533223356877,0.505479155234045,0.505570138587116,0.505570138587116,0.505795034903486,0.505795034903486,0.506023522466498,0.506023522466498,0.506023522466498,0.506023522466498,0.506257763521617,0.506023522466498,0.506752549793165,0.506752549793165,0.506752549793165,0.506752549793165,0.507017095962127,0.507017095962127,0.507300080973614,0.507300080973614,0.507300080973614,0.507300080973614,0.507604009530784,0.507923548092676,0.507923548092676,0.508283384024703,0.508283384024703,0.508665627877719,0.508665627877719,0.508665627877719,0.509119045257926,0.509119045257926,0.509669293475598,0.509669293475598,0.509669293475598,0.510256222851359,0.510256222851359,0.510256222851359,0.510256222851359,0.511668706762497,0.511668706762497,0.513294914650056,0.513294914650056,0.513294914650056,0.513294914650056,0.513294914650056,0.513294914650056,0.515869580653737,0.515869580653737,0.513294914650056,0.513294914650056,0.511668706762497,0.513294914650056,0.513294914650056,0.513294914650056,0.513294914650056,0.513294914650056,0.513294914650056,0.513294914650056,0.513294914650056,0.513294914650056,0.513431101764246,0.513515720609099,0.513668555266245,0.513788062562341,0.513944960737477,0.514080145036845,0.514236293513123,0.514378817543526,0.514533317904198,0.514679457393695,0.514832526542275,0.514980528240389,0.515132569708126,0.51528155880819,0.515432910652022,0.515582427241517,0.515733325060256,0.515883117260336,0.516033713200078,0.5161836390023,0.516334027677288,0.516484005457621,0.516634244522583,0.516784226784232,0.516934350973158,0.517084309865537,0.517234339966037,0.517384259081158,0.517534207485388,0.51768407712801,0.517833951205261,0.517983765635428,0.518133569760662,0.518283325575118,0.518433062342028,0.518582757520171,0.518732428464125,0.518882061804271,0.519031667832319,0.519181238618087,0.519330780264419,0.519480288067136,0.519629765644744,0.519779210206337,0.519928623897017,0.520078005060601,0.520227354968349,0.520376672637062,0.520525958819749,0.52067521293235,0.520824435420511
"109",108,0.491361866214617,0.491347465473418,0.491405664613767,0.491381273747691,0.491517192754009,0.491567724162825,0.491624029589781,0.491688582802224,0.491688582802224,0.491761839922437,0.491841730904927,0.491860770031986,0.491860770031986,0.492015651655919,0.492015651655919,0.492171111560086,0.492171111560086,0.492171111560086,0.492171111560086,0.492329155868395,0.492171111560086,0.492661816432122,0.492661816432122,0.492661816432122,0.492661816432122,0.492839987865399,0.492839987865399,0.493032152472041,0.493032152472041,0.493032152472041,0.493032152472041,0.493240488519402,0.493460297347463,0.493460297347463,0.493713829509996,0.493713829509996,0.493984684642939,0.493984684642939,0.493984684642939,0.494319484993898,0.494319484993898,0.494742502538803,0.494742502538802,0.494742502538802,0.4951953361112,0.4951953361112,0.4951953361112,0.4951953361112,0.496442720427893,0.496442720427893,0.497890814173189,0.497890814173189,0.497890814173189,0.497890814173189,0.497890814173189,0.497890814173189,0.500251861649138,0.500251861649138,0.497890814173189,0.497890814173189,0.496442720427893,0.497890814173189,0.497890814173189,0.497890814173189,0.497890814173189,0.497890814173189,0.497890814173189,0.497890814173189,0.497890814173189,0.497890814173189,0.498000276036317,0.498066921935395,0.498186435783858,0.49827979795301,0.498402276983634,0.498507790266272,0.498629658024028,0.498740894261064,0.498861481798131,0.498975549090659,0.499095031321099,0.499210564185282,0.499329256971266,0.499445573235679,0.49956374054941,0.49968048138874,0.499798307125557,0.499915275974788,0.500032878890652,0.500149964910952,0.500267418862539,0.500384558338753,0.500501908337239,0.500619064190403,0.500736337356457,0.500853487843141,0.500970700410561,0.501087832720217,0.501204994368386,0.501322100931454,0.501439217417907,0.501556293753257,0.501673368497293,0.501790411948558,0.501907446978341,0.502024455969002,0.50214145248607,0.502258426079237,0.5023753847943,0.502492322432174,0.502609243764633,0.502726145114169,0.502843029310578,0.502959894172011,0.503076741376387,0.503193569628998,0.503310379924537,0.503427171494499,0.503543944928324,0.503660699769626,0.503777436367473
